분류,캐릭터_ID,이름,종족,역할,동작_ID,동작,방향,프레임_존재,재생_프레임수,서로다른_픽셀프레임수,제작방식,독립방향원화,작화_품질완료,동작전환_품질완료,원본명세
일반 일꾼,mira,미라,인간,일반 일꾼,idle,대기,SW,있음,8,2,기존 원화 관절 변형,해당 시점 원화,미완료,검수 대기,art-source/pixel-characters/prototypes/mira-v3/runtime-pack.json
일반 일꾼,mira,미라,인간,일반 일꾼,idle,대기,NW,있음,8,2,기존 원화 관절 변형,해당 시점 원화,미완료,검수 대기,art-source/pixel-characters/prototypes/mira-v3/runtime-pack.json
일반 일꾼,mira,미라,인간,일반 일꾼,idle,대기,NE,있음,8,2,기존 원화 관절 변형,NW 좌우 반전,미완료,검수 대기,art-source/pixel-characters/prototypes/mira-v3/runtime-pack.json
일반 일꾼,mira,미라,인간,일반 일꾼,idle,대기,SE,있음,8,2,기존 원화 관절 변형,SW 좌우 반전,미완료,검수 대기,art-source/pixel-characters/prototypes/mira-v3/runtime-pack.json
일반 일꾼,mira,미라,인간,일반 일꾼,walk,걷기·이동,SW,있음,32,32,기존 원화 관절 변형,해당 시점 원화,미완료,검수 대기,art-source/pixel-characters/prototypes/mira-v3/runtime-pack.json
일반 일꾼,mira,미라,인간,일반 일꾼,walk,걷기·이동,NW,있음,32,32,기존 원화 관절 변형,해당 시점 원화,미완료,검수 대기,art-source/pixel-characters/prototypes/mira-v3/runtime-pack.json
일반 일꾼,mira,미라,인간,일반 일꾼,walk,걷기·이동,NE,있음,32,32,기존 원화 관절 변형,NW 좌우 반전,미완료,검수 대기,art-source/pixel-characters/prototypes/mira-v3/runtime-pack.json
일반 일꾼,mira,미라,인간,일반 일꾼,walk,걷기·이동,SE,있음,32,32,기존 원화 관절 변형,SW 좌우 반전,미완료,검수 대기,art-source/pixel-characters/prototypes/mira-v3/runtime-pack.json
일반 일꾼,mira,미라,인간,일반 일꾼,carry,운반,SW,있음,32,32,기존 원화 관절 변형,해당 시점 원화,미완료,검수 대기,art-source/pixel-characters/prototypes/mira-v3/runtime-pack.json
일반 일꾼,mira,미라,인간,일반 일꾼,carry,운반,NW,있음,32,32,기존 원화 관절 변형,해당 시점 원화,미완료,검수 대기,art-source/pixel-characters/prototypes/mira-v3/runtime-pack.json
일반 일꾼,mira,미라,인간,일반 일꾼,carry,운반,NE,있음,32,32,기존 원화 관절 변형,NW 좌우 반전,미완료,검수 대기,art-source/pixel-characters/prototypes/mira-v3/runtime-pack.json
일반 일꾼,mira,미라,인간,일반 일꾼,carry,운반,SE,있음,32,32,기존 원화 관절 변형,SW 좌우 반전,미완료,검수 대기,art-source/pixel-characters/prototypes/mira-v3/runtime-pack.json
일반 일꾼,mira,미라,인간,일반 일꾼,work,작업,SW,있음,20,18,기존 원화 관절 변형,해당 시점 원화,미완료,검수 대기,art-source/pixel-characters/prototypes/mira-v3/runtime-pack.json
일반 일꾼,mira,미라,인간,일반 일꾼,work,작업,NW,있음,20,18,기존 원화 관절 변형,해당 시점 원화,미완료,검수 대기,art-source/pixel-characters/prototypes/mira-v3/runtime-pack.json
일반 일꾼,mira,미라,인간,일반 일꾼,work,작업,NE,있음,20,18,기존 원화 관절 변형,NW 좌우 반전,미완료,검수 대기,art-source/pixel-characters/prototypes/mira-v3/runtime-pack.json
일반 일꾼,mira,미라,인간,일반 일꾼,work,작업,SE,있음,20,18,기존 원화 관절 변형,SW 좌우 반전,미완료,검수 대기,art-source/pixel-characters/prototypes/mira-v3/runtime-pack.json
일반 일꾼,mira,미라,인간,일반 일꾼,pickup,들기,SW,있음,12,12,독립 관절 동작,해당 시점 원화,미완료,검수 대기,art-source/pixel-characters/prototypes/mira-v3/runtime-pack.json
일반 일꾼,mira,미라,인간,일반 일꾼,pickup,들기,NW,있음,12,12,독립 관절 동작,해당 시점 원화,미완료,검수 대기,art-source/pixel-characters/prototypes/mira-v3/runtime-pack.json
일반 일꾼,mira,미라,인간,일반 일꾼,pickup,들기,NE,있음,12,12,독립 관절 동작,NW 좌우 반전,미완료,검수 대기,art-source/pixel-characters/prototypes/mira-v3/runtime-pack.json
일반 일꾼,mira,미라,인간,일반 일꾼,pickup,들기,SE,있음,12,12,독립 관절 동작,SW 좌우 반전,미완료,검수 대기,art-source/pixel-characters/prototypes/mira-v3/runtime-pack.json
일반 일꾼,mira,미라,인간,일반 일꾼,drop,놓기,SW,있음,12,12,독립 관절 동작,해당 시점 원화,미완료,검수 대기,art-source/pixel-characters/prototypes/mira-v3/runtime-pack.json
일반 일꾼,mira,미라,인간,일반 일꾼,drop,놓기,NW,있음,12,12,독립 관절 동작,해당 시점 원화,미완료,검수 대기,art-source/pixel-characters/prototypes/mira-v3/runtime-pack.json
일반 일꾼,mira,미라,인간,일반 일꾼,drop,놓기,NE,있음,12,12,독립 관절 동작,NW 좌우 반전,미완료,검수 대기,art-source/pixel-characters/prototypes/mira-v3/runtime-pack.json
일반 일꾼,mira,미라,인간,일반 일꾼,drop,놓기,SE,있음,12,12,독립 관절 동작,SW 좌우 반전,미완료,검수 대기,art-source/pixel-characters/prototypes/mira-v3/runtime-pack.json
일반 일꾼,mira,미라,인간,일반 일꾼,greet,인사,SW,있음,12,11,기존 원화 관절 변형,해당 시점 원화,미완료,검수 대기,art-source/pixel-characters/prototypes/mira-v3/runtime-pack.json
일반 일꾼,mira,미라,인간,일반 일꾼,greet,인사,NW,있음,12,11,기존 원화 관절 변형,해당 시점 원화,미완료,검수 대기,art-source/pixel-characters/prototypes/mira-v3/runtime-pack.json
일반 일꾼,mira,미라,인간,일반 일꾼,greet,인사,NE,있음,12,11,기존 원화 관절 변형,NW 좌우 반전,미완료,검수 대기,art-source/pixel-characters/prototypes/mira-v3/runtime-pack.json
일반 일꾼,mira,미라,인간,일반 일꾼,greet,인사,SE,있음,12,11,기존 원화 관절 변형,SW 좌우 반전,미완료,검수 대기,art-source/pixel-characters/prototypes/mira-v3/runtime-pack.json
일반 일꾼,mira,미라,인간,일반 일꾼,attack,공격,SW,있음,12,11,기존 원화 관절 변형,해당 시점 원화,미완료,검수 대기,art-source/pixel-characters/prototypes/mira-v3/runtime-pack.json
일반 일꾼,mira,미라,인간,일반 일꾼,attack,공격,NW,있음,12,11,기존 원화 관절 변형,해당 시점 원화,미완료,검수 대기,art-source/pixel-characters/prototypes/mira-v3/runtime-pack.json
일반 일꾼,mira,미라,인간,일반 일꾼,attack,공격,NE,있음,12,11,기존 원화 관절 변형,NW 좌우 반전,미완료,검수 대기,art-source/pixel-characters/prototypes/mira-v3/runtime-pack.json
일반 일꾼,mira,미라,인간,일반 일꾼,attack,공격,SE,있음,12,11,기존 원화 관절 변형,SW 좌우 반전,미완료,검수 대기,art-source/pixel-characters/prototypes/mira-v3/runtime-pack.json
일반 일꾼,mira,미라,인간,일반 일꾼,hurt,피격,SW,있음,8,7,기존 원화 관절 변형,해당 시점 원화,미완료,검수 대기,art-source/pixel-characters/prototypes/mira-v3/runtime-pack.json
일반 일꾼,mira,미라,인간,일반 일꾼,hurt,피격,NW,있음,8,7,기존 원화 관절 변형,해당 시점 원화,미완료,검수 대기,art-source/pixel-characters/prototypes/mira-v3/runtime-pack.json
일반 일꾼,mira,미라,인간,일반 일꾼,hurt,피격,NE,있음,8,7,기존 원화 관절 변형,NW 좌우 반전,미완료,검수 대기,art-source/pixel-characters/prototypes/mira-v3/runtime-pack.json
일반 일꾼,mira,미라,인간,일반 일꾼,hurt,피격,SE,있음,8,7,기존 원화 관절 변형,SW 좌우 반전,미완료,검수 대기,art-source/pixel-characters/prototypes/mira-v3/runtime-pack.json
일반 일꾼,mira,미라,인간,일반 일꾼,defeat,쓰러짐,SW,있음,16,16,기존 원화 관절 변형,해당 시점 원화,미완료,검수 대기,art-source/pixel-characters/prototypes/mira-v3/runtime-pack.json
일반 일꾼,mira,미라,인간,일반 일꾼,defeat,쓰러짐,NW,있음,16,16,기존 원화 관절 변형,해당 시점 원화,미완료,검수 대기,art-source/pixel-characters/prototypes/mira-v3/runtime-pack.json
일반 일꾼,mira,미라,인간,일반 일꾼,defeat,쓰러짐,NE,있음,16,16,기존 원화 관절 변형,NW 좌우 반전,미완료,검수 대기,art-source/pixel-characters/prototypes/mira-v3/runtime-pack.json
일반 일꾼,mira,미라,인간,일반 일꾼,defeat,쓰러짐,SE,있음,16,16,기존 원화 관절 변형,SW 좌우 반전,미완료,검수 대기,art-source/pixel-characters/prototypes/mira-v3/runtime-pack.json
일반 일꾼,mira,미라,인간,일반 일꾼,turn,회전,SW,있음,8,4,기존 원화 관절 변형,해당 시점 원화,미완료,검수 대기,art-source/pixel-characters/prototypes/mira-v3/runtime-pack.json
일반 일꾼,mira,미라,인간,일반 일꾼,turn,회전,NW,있음,8,4,기존 원화 관절 변형,해당 시점 원화,미완료,검수 대기,art-source/pixel-characters/prototypes/mira-v3/runtime-pack.json
일반 일꾼,mira,미라,인간,일반 일꾼,turn,회전,NE,있음,8,4,기존 원화 관절 변형,NW 좌우 반전,미완료,검수 대기,art-source/pixel-characters/prototypes/mira-v3/runtime-pack.json
일반 일꾼,mira,미라,인간,일반 일꾼,turn,회전,SE,있음,8,4,기존 원화 관절 변형,SW 좌우 반전,미완료,검수 대기,art-source/pixel-characters/prototypes/mira-v3/runtime-pack.json
일반 일꾼,bron,브론,드워프,일반 일꾼,idle,대기,SW,있음,8,2,서기 원화 관절 변형,해당 시점 원화,미완료,검수 대기,art-source/pixel-characters/roster-v4/bron/rig.json
일반 일꾼,bron,브론,드워프,일반 일꾼,idle,대기,NW,있음,8,2,서기 원화 관절 변형,해당 시점 원화,미완료,검수 대기,art-source/pixel-characters/roster-v4/bron/rig.json
일반 일꾼,bron,브론,드워프,일반 일꾼,idle,대기,NE,있음,8,2,서기 원화 관절 변형,확인 필요 좌우 반전,미완료,검수 대기,art-source/pixel-characters/roster-v4/bron/rig.json
일반 일꾼,bron,브론,드워프,일반 일꾼,idle,대기,SE,있음,8,2,서기 원화 관절 변형,확인 필요 좌우 반전,미완료,검수 대기,art-source/pixel-characters/roster-v4/bron/rig.json
일반 일꾼,bron,브론,드워프,일반 일꾼,walk,걷기·이동,SW,있음,32,32,원화 8자세+접지 보정,해당 시점 원화,미완료,검수 대기,art-source/pixel-characters/roster-v4/bron/rig.json
일반 일꾼,bron,브론,드워프,일반 일꾼,walk,걷기·이동,NW,있음,32,32,원화 8자세+접지 보정,해당 시점 원화,미완료,검수 대기,art-source/pixel-characters/roster-v4/bron/rig.json
일반 일꾼,bron,브론,드워프,일반 일꾼,walk,걷기·이동,NE,있음,32,32,원화 8자세+접지 보정,확인 필요 좌우 반전,미완료,검수 대기,art-source/pixel-characters/roster-v4/bron/rig.json
일반 일꾼,bron,브론,드워프,일반 일꾼,walk,걷기·이동,SE,있음,32,32,원화 8자세+접지 보정,확인 필요 좌우 반전,미완료,검수 대기,art-source/pixel-characters/roster-v4/bron/rig.json
일반 일꾼,bron,브론,드워프,일반 일꾼,carry,운반,SW,있음,32,32,원화 8자세+접지 보정,해당 시점 원화,미완료,검수 대기,art-source/pixel-characters/roster-v4/bron/rig.json
일반 일꾼,bron,브론,드워프,일반 일꾼,carry,운반,NW,있음,32,32,원화 8자세+접지 보정,해당 시점 원화,미완료,검수 대기,art-source/pixel-characters/roster-v4/bron/rig.json
일반 일꾼,bron,브론,드워프,일반 일꾼,carry,운반,NE,있음,32,32,원화 8자세+접지 보정,확인 필요 좌우 반전,미완료,검수 대기,art-source/pixel-characters/roster-v4/bron/rig.json
일반 일꾼,bron,브론,드워프,일반 일꾼,carry,운반,SE,있음,32,32,원화 8자세+접지 보정,확인 필요 좌우 반전,미완료,검수 대기,art-source/pixel-characters/roster-v4/bron/rig.json
일반 일꾼,bron,브론,드워프,일반 일꾼,work,작업,SW,있음,8,5,망치 원화 공용,해당 시점 원화,미완료,검수 대기,art-source/pixel-characters/roster-v4/bron/rig.json
일반 일꾼,bron,브론,드워프,일반 일꾼,work,작업,NW,있음,8,5,망치 원화 공용,해당 시점 원화,미완료,검수 대기,art-source/pixel-characters/roster-v4/bron/rig.json
일반 일꾼,bron,브론,드워프,일반 일꾼,work,작업,NE,있음,8,5,망치 원화 공용,확인 필요 좌우 반전,미완료,검수 대기,art-source/pixel-characters/roster-v4/bron/rig.json
일반 일꾼,bron,브론,드워프,일반 일꾼,work,작업,SE,있음,8,5,망치 원화 공용,확인 필요 좌우 반전,미완료,검수 대기,art-source/pixel-characters/roster-v4/bron/rig.json
일반 일꾼,bron,브론,드워프,일반 일꾼,pickup,들기,SW,있음,12,12,독립 관절 동작,해당 시점 원화,미완료,검수 대기,art-source/pixel-characters/roster-v4/bron/rig.json
일반 일꾼,bron,브론,드워프,일반 일꾼,pickup,들기,NW,있음,12,12,독립 관절 동작,해당 시점 원화,미완료,검수 대기,art-source/pixel-characters/roster-v4/bron/rig.json
일반 일꾼,bron,브론,드워프,일반 일꾼,pickup,들기,NE,있음,12,12,독립 관절 동작,확인 필요 좌우 반전,미완료,검수 대기,art-source/pixel-characters/roster-v4/bron/rig.json
일반 일꾼,bron,브론,드워프,일반 일꾼,pickup,들기,SE,있음,12,12,독립 관절 동작,확인 필요 좌우 반전,미완료,검수 대기,art-source/pixel-characters/roster-v4/bron/rig.json
일반 일꾼,bron,브론,드워프,일반 일꾼,drop,놓기,SW,있음,12,12,독립 관절 동작,해당 시점 원화,미완료,검수 대기,art-source/pixel-characters/roster-v4/bron/rig.json
일반 일꾼,bron,브론,드워프,일반 일꾼,drop,놓기,NW,있음,12,12,독립 관절 동작,해당 시점 원화,미완료,검수 대기,art-source/pixel-characters/roster-v4/bron/rig.json
일반 일꾼,bron,브론,드워프,일반 일꾼,drop,놓기,NE,있음,12,12,독립 관절 동작,확인 필요 좌우 반전,미완료,검수 대기,art-source/pixel-characters/roster-v4/bron/rig.json
일반 일꾼,bron,브론,드워프,일반 일꾼,drop,놓기,SE,있음,12,12,독립 관절 동작,확인 필요 좌우 반전,미완료,검수 대기,art-source/pixel-characters/roster-v4/bron/rig.json
일반 일꾼,bron,브론,드워프,일반 일꾼,greet,인사,SW,있음,12,11,기존 원화 관절 변형,해당 시점 원화,미완료,검수 대기,art-source/pixel-characters/roster-v4/bron/rig.json
일반 일꾼,bron,브론,드워프,일반 일꾼,greet,인사,NW,있음,12,11,기존 원화 관절 변형,해당 시점 원화,미완료,검수 대기,art-source/pixel-characters/roster-v4/bron/rig.json
일반 일꾼,bron,브론,드워프,일반 일꾼,greet,인사,NE,있음,12,11,기존 원화 관절 변형,확인 필요 좌우 반전,미완료,검수 대기,art-source/pixel-characters/roster-v4/bron/rig.json
일반 일꾼,bron,브론,드워프,일반 일꾼,greet,인사,SE,있음,12,11,기존 원화 관절 변형,확인 필요 좌우 반전,미완료,검수 대기,art-source/pixel-characters/roster-v4/bron/rig.json
일반 일꾼,bron,브론,드워프,일반 일꾼,attack,공격,SW,있음,8,6,망치 원화 공용,해당 시점 원화,미완료,검수 대기,art-source/pixel-characters/roster-v4/bron/rig.json
일반 일꾼,bron,브론,드워프,일반 일꾼,attack,공격,NW,있음,8,6,망치 원화 공용,해당 시점 원화,미완료,검수 대기,art-source/pixel-characters/roster-v4/bron/rig.json
일반 일꾼,bron,브론,드워프,일반 일꾼,attack,공격,NE,있음,8,6,망치 원화 공용,확인 필요 좌우 반전,미완료,검수 대기,art-source/pixel-characters/roster-v4/bron/rig.json
일반 일꾼,bron,브론,드워프,일반 일꾼,attack,공격,SE,있음,8,6,망치 원화 공용,확인 필요 좌우 반전,미완료,검수 대기,art-source/pixel-characters/roster-v4/bron/rig.json
일반 일꾼,bron,브론,드워프,일반 일꾼,hurt,피격,SW,있음,8,7,기존 원화 관절 변형,해당 시점 원화,미완료,검수 대기,art-source/pixel-characters/roster-v4/bron/rig.json
일반 일꾼,bron,브론,드워프,일반 일꾼,hurt,피격,NW,있음,8,7,기존 원화 관절 변형,해당 시점 원화,미완료,검수 대기,art-source/pixel-characters/roster-v4/bron/rig.json
일반 일꾼,bron,브론,드워프,일반 일꾼,hurt,피격,NE,있음,8,7,기존 원화 관절 변형,확인 필요 좌우 반전,미완료,검수 대기,art-source/pixel-characters/roster-v4/bron/rig.json
일반 일꾼,bron,브론,드워프,일반 일꾼,hurt,피격,SE,있음,8,7,기존 원화 관절 변형,확인 필요 좌우 반전,미완료,검수 대기,art-source/pixel-characters/roster-v4/bron/rig.json
일반 일꾼,bron,브론,드워프,일반 일꾼,defeat,쓰러짐,SW,있음,16,16,기존 원화 관절 변형,해당 시점 원화,미완료,검수 대기,art-source/pixel-characters/roster-v4/bron/rig.json
일반 일꾼,bron,브론,드워프,일반 일꾼,defeat,쓰러짐,NW,있음,16,16,기존 원화 관절 변형,해당 시점 원화,미완료,검수 대기,art-source/pixel-characters/roster-v4/bron/rig.json
일반 일꾼,bron,브론,드워프,일반 일꾼,defeat,쓰러짐,NE,있음,16,16,기존 원화 관절 변형,확인 필요 좌우 반전,미완료,검수 대기,art-source/pixel-characters/roster-v4/bron/rig.json
일반 일꾼,bron,브론,드워프,일반 일꾼,defeat,쓰러짐,SE,있음,16,16,기존 원화 관절 변형,확인 필요 좌우 반전,미완료,검수 대기,art-source/pixel-characters/roster-v4/bron/rig.json
일반 일꾼,bron,브론,드워프,일반 일꾼,turn,회전,SW,있음,8,4,서기 원화 변형,해당 시점 원화,미완료,검수 대기,art-source/pixel-characters/roster-v4/bron/rig.json
일반 일꾼,bron,브론,드워프,일반 일꾼,turn,회전,NW,있음,8,4,서기 원화 변형,해당 시점 원화,미완료,검수 대기,art-source/pixel-characters/roster-v4/bron/rig.json
일반 일꾼,bron,브론,드워프,일반 일꾼,turn,회전,NE,있음,8,4,서기 원화 변형,확인 필요 좌우 반전,미완료,검수 대기,art-source/pixel-characters/roster-v4/bron/rig.json
일반 일꾼,bron,브론,드워프,일반 일꾼,turn,회전,SE,있음,8,4,서기 원화 변형,확인 필요 좌우 반전,미완료,검수 대기,art-source/pixel-characters/roster-v4/bron/rig.json
일반 일꾼,taron,타론,티탄,일반 일꾼,idle,대기,SW,있음,8,2,기존 원화 관절 변형,해당 시점 원화,미완료,검수 대기,art-source/pixel-characters/roster-v4/taron/rig.json
일반 일꾼,taron,타론,티탄,일반 일꾼,idle,대기,NW,있음,8,2,기존 원화 관절 변형,해당 시점 원화,미완료,검수 대기,art-source/pixel-characters/roster-v4/taron/rig.json
일반 일꾼,taron,타론,티탄,일반 일꾼,idle,대기,NE,있음,8,2,기존 원화 관절 변형,NW 좌우 반전,미완료,검수 대기,art-source/pixel-characters/roster-v4/taron/rig.json
일반 일꾼,taron,타론,티탄,일반 일꾼,idle,대기,SE,있음,8,2,기존 원화 관절 변형,SW 좌우 반전,미완료,검수 대기,art-source/pixel-characters/roster-v4/taron/rig.json
일반 일꾼,taron,타론,티탄,일반 일꾼,walk,걷기·이동,SW,있음,32,32,기존 원화 관절 변형,해당 시점 원화,미완료,검수 대기,art-source/pixel-characters/roster-v4/taron/rig.json
일반 일꾼,taron,타론,티탄,일반 일꾼,walk,걷기·이동,NW,있음,32,32,기존 원화 관절 변형,해당 시점 원화,미완료,검수 대기,art-source/pixel-characters/roster-v4/taron/rig.json
일반 일꾼,taron,타론,티탄,일반 일꾼,walk,걷기·이동,NE,있음,32,32,기존 원화 관절 변형,NW 좌우 반전,미완료,검수 대기,art-source/pixel-characters/roster-v4/taron/rig.json
일반 일꾼,taron,타론,티탄,일반 일꾼,walk,걷기·이동,SE,있음,32,32,기존 원화 관절 변형,SW 좌우 반전,미완료,검수 대기,art-source/pixel-characters/roster-v4/taron/rig.json
일반 일꾼,taron,타론,티탄,일반 일꾼,carry,운반,SW,있음,32,32,기존 원화 관절 변형,해당 시점 원화,미완료,검수 대기,art-source/pixel-characters/roster-v4/taron/rig.json
일반 일꾼,taron,타론,티탄,일반 일꾼,carry,운반,NW,있음,32,32,기존 원화 관절 변형,해당 시점 원화,미완료,검수 대기,art-source/pixel-characters/roster-v4/taron/rig.json
일반 일꾼,taron,타론,티탄,일반 일꾼,carry,운반,NE,있음,32,32,기존 원화 관절 변형,NW 좌우 반전,미완료,검수 대기,art-source/pixel-characters/roster-v4/taron/rig.json
일반 일꾼,taron,타론,티탄,일반 일꾼,carry,운반,SE,있음,32,32,기존 원화 관절 변형,SW 좌우 반전,미완료,검수 대기,art-source/pixel-characters/roster-v4/taron/rig.json
일반 일꾼,taron,타론,티탄,일반 일꾼,work,작업,SW,있음,20,18,기존 원화 관절 변형,해당 시점 원화,미완료,검수 대기,art-source/pixel-characters/roster-v4/taron/rig.json
일반 일꾼,taron,타론,티탄,일반 일꾼,work,작업,NW,있음,20,18,기존 원화 관절 변형,해당 시점 원화,미완료,검수 대기,art-source/pixel-characters/roster-v4/taron/rig.json
일반 일꾼,taron,타론,티탄,일반 일꾼,work,작업,NE,있음,20,18,기존 원화 관절 변형,NW 좌우 반전,미완료,검수 대기,art-source/pixel-characters/roster-v4/taron/rig.json
일반 일꾼,taron,타론,티탄,일반 일꾼,work,작업,SE,있음,20,18,기존 원화 관절 변형,SW 좌우 반전,미완료,검수 대기,art-source/pixel-characters/roster-v4/taron/rig.json
일반 일꾼,taron,타론,티탄,일반 일꾼,pickup,들기,SW,있음,12,12,독립 관절 동작,해당 시점 원화,미완료,검수 대기,art-source/pixel-characters/roster-v4/taron/rig.json
일반 일꾼,taron,타론,티탄,일반 일꾼,pickup,들기,NW,있음,12,12,독립 관절 동작,해당 시점 원화,미완료,검수 대기,art-source/pixel-characters/roster-v4/taron/rig.json
일반 일꾼,taron,타론,티탄,일반 일꾼,pickup,들기,NE,있음,12,12,독립 관절 동작,NW 좌우 반전,미완료,검수 대기,art-source/pixel-characters/roster-v4/taron/rig.json
일반 일꾼,taron,타론,티탄,일반 일꾼,pickup,들기,SE,있음,12,12,독립 관절 동작,SW 좌우 반전,미완료,검수 대기,art-source/pixel-characters/roster-v4/taron/rig.json
일반 일꾼,taron,타론,티탄,일반 일꾼,drop,놓기,SW,있음,12,12,독립 관절 동작,해당 시점 원화,미완료,검수 대기,art-source/pixel-characters/roster-v4/taron/rig.json
일반 일꾼,taron,타론,티탄,일반 일꾼,drop,놓기,NW,있음,12,12,독립 관절 동작,해당 시점 원화,미완료,검수 대기,art-source/pixel-characters/roster-v4/taron/rig.json
일반 일꾼,taron,타론,티탄,일반 일꾼,drop,놓기,NE,있음,12,12,독립 관절 동작,NW 좌우 반전,미완료,검수 대기,art-source/pixel-characters/roster-v4/taron/rig.json
일반 일꾼,taron,타론,티탄,일반 일꾼,drop,놓기,SE,있음,12,12,독립 관절 동작,SW 좌우 반전,미완료,검수 대기,art-source/pixel-characters/roster-v4/taron/rig.json
일반 일꾼,taron,타론,티탄,일반 일꾼,greet,인사,SW,있음,12,11,기존 원화 관절 변형,해당 시점 원화,미완료,검수 대기,art-source/pixel-characters/roster-v4/taron/rig.json
일반 일꾼,taron,타론,티탄,일반 일꾼,greet,인사,NW,있음,12,11,기존 원화 관절 변형,해당 시점 원화,미완료,검수 대기,art-source/pixel-characters/roster-v4/taron/rig.json
일반 일꾼,taron,타론,티탄,일반 일꾼,greet,인사,NE,있음,12,11,기존 원화 관절 변형,NW 좌우 반전,미완료,검수 대기,art-source/pixel-characters/roster-v4/taron/rig.json
일반 일꾼,taron,타론,티탄,일반 일꾼,greet,인사,SE,있음,12,11,기존 원화 관절 변형,SW 좌우 반전,미완료,검수 대기,art-source/pixel-characters/roster-v4/taron/rig.json
일반 일꾼,taron,타론,티탄,일반 일꾼,attack,공격,SW,있음,12,11,기존 원화 관절 변형,해당 시점 원화,미완료,검수 대기,art-source/pixel-characters/roster-v4/taron/rig.json
일반 일꾼,taron,타론,티탄,일반 일꾼,attack,공격,NW,있음,12,11,기존 원화 관절 변형,해당 시점 원화,미완료,검수 대기,art-source/pixel-characters/roster-v4/taron/rig.json
일반 일꾼,taron,타론,티탄,일반 일꾼,attack,공격,NE,있음,12,11,기존 원화 관절 변형,NW 좌우 반전,미완료,검수 대기,art-source/pixel-characters/roster-v4/taron/rig.json
일반 일꾼,taron,타론,티탄,일반 일꾼,attack,공격,SE,있음,12,11,기존 원화 관절 변형,SW 좌우 반전,미완료,검수 대기,art-source/pixel-characters/roster-v4/taron/rig.json
일반 일꾼,taron,타론,티탄,일반 일꾼,hurt,피격,SW,있음,8,7,기존 원화 관절 변형,해당 시점 원화,미완료,검수 대기,art-source/pixel-characters/roster-v4/taron/rig.json
일반 일꾼,taron,타론,티탄,일반 일꾼,hurt,피격,NW,있음,8,7,기존 원화 관절 변형,해당 시점 원화,미완료,검수 대기,art-source/pixel-characters/roster-v4/taron/rig.json
일반 일꾼,taron,타론,티탄,일반 일꾼,hurt,피격,NE,있음,8,7,기존 원화 관절 변형,NW 좌우 반전,미완료,검수 대기,art-source/pixel-characters/roster-v4/taron/rig.json
일반 일꾼,taron,타론,티탄,일반 일꾼,hurt,피격,SE,있음,8,7,기존 원화 관절 변형,SW 좌우 반전,미완료,검수 대기,art-source/pixel-characters/roster-v4/taron/rig.json
일반 일꾼,taron,타론,티탄,일반 일꾼,defeat,쓰러짐,SW,있음,16,16,기존 원화 관절 변형,해당 시점 원화,미완료,검수 대기,art-source/pixel-characters/roster-v4/taron/rig.json
일반 일꾼,taron,타론,티탄,일반 일꾼,defeat,쓰러짐,NW,있음,16,16,기존 원화 관절 변형,해당 시점 원화,미완료,검수 대기,art-source/pixel-characters/roster-v4/taron/rig.json
일반 일꾼,taron,타론,티탄,일반 일꾼,defeat,쓰러짐,NE,있음,16,16,기존 원화 관절 변형,NW 좌우 반전,미완료,검수 대기,art-source/pixel-characters/roster-v4/taron/rig.json
일반 일꾼,taron,타론,티탄,일반 일꾼,defeat,쓰러짐,SE,있음,16,16,기존 원화 관절 변형,SW 좌우 반전,미완료,검수 대기,art-source/pixel-characters/roster-v4/taron/rig.json
일반 일꾼,taron,타론,티탄,일반 일꾼,turn,회전,SW,있음,8,4,기존 원화 관절 변형,해당 시점 원화,미완료,검수 대기,art-source/pixel-characters/roster-v4/taron/rig.json
일반 일꾼,taron,타론,티탄,일반 일꾼,turn,회전,NW,있음,8,4,기존 원화 관절 변형,해당 시점 원화,미완료,검수 대기,art-source/pixel-characters/roster-v4/taron/rig.json
일반 일꾼,taron,타론,티탄,일반 일꾼,turn,회전,NE,있음,8,4,기존 원화 관절 변형,NW 좌우 반전,미완료,검수 대기,art-source/pixel-characters/roster-v4/taron/rig.json
일반 일꾼,taron,타론,티탄,일반 일꾼,turn,회전,SE,있음,8,4,기존 원화 관절 변형,SW 좌우 반전,미완료,검수 대기,art-source/pixel-characters/roster-v4/taron/rig.json
일반 일꾼,silen,실렌,엘프,일반 일꾼,idle,대기,SW,있음,8,2,기존 원화 관절 변형,해당 시점 원화,미완료,검수 대기,art-source/pixel-characters/roster-v4/silen/rig.json
일반 일꾼,silen,실렌,엘프,일반 일꾼,idle,대기,NW,있음,8,2,기존 원화 관절 변형,해당 시점 원화,미완료,검수 대기,art-source/pixel-characters/roster-v4/silen/rig.json
일반 일꾼,silen,실렌,엘프,일반 일꾼,idle,대기,NE,있음,8,2,기존 원화 관절 변형,NW 좌우 반전,미완료,검수 대기,art-source/pixel-characters/roster-v4/silen/rig.json
일반 일꾼,silen,실렌,엘프,일반 일꾼,idle,대기,SE,있음,8,2,기존 원화 관절 변형,SW 좌우 반전,미완료,검수 대기,art-source/pixel-characters/roster-v4/silen/rig.json
일반 일꾼,silen,실렌,엘프,일반 일꾼,walk,걷기·이동,SW,있음,32,32,기존 원화 관절 변형,해당 시점 원화,미완료,검수 대기,art-source/pixel-characters/roster-v4/silen/rig.json
일반 일꾼,silen,실렌,엘프,일반 일꾼,walk,걷기·이동,NW,있음,32,32,기존 원화 관절 변형,해당 시점 원화,미완료,검수 대기,art-source/pixel-characters/roster-v4/silen/rig.json
일반 일꾼,silen,실렌,엘프,일반 일꾼,walk,걷기·이동,NE,있음,32,32,기존 원화 관절 변형,NW 좌우 반전,미완료,검수 대기,art-source/pixel-characters/roster-v4/silen/rig.json
일반 일꾼,silen,실렌,엘프,일반 일꾼,walk,걷기·이동,SE,있음,32,32,기존 원화 관절 변형,SW 좌우 반전,미완료,검수 대기,art-source/pixel-characters/roster-v4/silen/rig.json
일반 일꾼,silen,실렌,엘프,일반 일꾼,carry,운반,SW,있음,32,32,기존 원화 관절 변형,해당 시점 원화,미완료,검수 대기,art-source/pixel-characters/roster-v4/silen/rig.json
일반 일꾼,silen,실렌,엘프,일반 일꾼,carry,운반,NW,있음,32,32,기존 원화 관절 변형,해당 시점 원화,미완료,검수 대기,art-source/pixel-characters/roster-v4/silen/rig.json
일반 일꾼,silen,실렌,엘프,일반 일꾼,carry,운반,NE,있음,32,32,기존 원화 관절 변형,NW 좌우 반전,미완료,검수 대기,art-source/pixel-characters/roster-v4/silen/rig.json
일반 일꾼,silen,실렌,엘프,일반 일꾼,carry,운반,SE,있음,32,32,기존 원화 관절 변형,SW 좌우 반전,미완료,검수 대기,art-source/pixel-characters/roster-v4/silen/rig.json
일반 일꾼,silen,실렌,엘프,일반 일꾼,work,작업,SW,있음,20,18,기존 원화 관절 변형,해당 시점 원화,미완료,검수 대기,art-source/pixel-characters/roster-v4/silen/rig.json
일반 일꾼,silen,실렌,엘프,일반 일꾼,work,작업,NW,있음,20,18,기존 원화 관절 변형,해당 시점 원화,미완료,검수 대기,art-source/pixel-characters/roster-v4/silen/rig.json
일반 일꾼,silen,실렌,엘프,일반 일꾼,work,작업,NE,있음,20,18,기존 원화 관절 변형,NW 좌우 반전,미완료,검수 대기,art-source/pixel-characters/roster-v4/silen/rig.json
일반 일꾼,silen,실렌,엘프,일반 일꾼,work,작업,SE,있음,20,18,기존 원화 관절 변형,SW 좌우 반전,미완료,검수 대기,art-source/pixel-characters/roster-v4/silen/rig.json
일반 일꾼,silen,실렌,엘프,일반 일꾼,pickup,들기,SW,있음,12,12,독립 관절 동작,해당 시점 원화,미완료,검수 대기,art-source/pixel-characters/roster-v4/silen/rig.json
일반 일꾼,silen,실렌,엘프,일반 일꾼,pickup,들기,NW,있음,12,12,독립 관절 동작,해당 시점 원화,미완료,검수 대기,art-source/pixel-characters/roster-v4/silen/rig.json
일반 일꾼,silen,실렌,엘프,일반 일꾼,pickup,들기,NE,있음,12,12,독립 관절 동작,NW 좌우 반전,미완료,검수 대기,art-source/pixel-characters/roster-v4/silen/rig.json
일반 일꾼,silen,실렌,엘프,일반 일꾼,pickup,들기,SE,있음,12,12,독립 관절 동작,SW 좌우 반전,미완료,검수 대기,art-source/pixel-characters/roster-v4/silen/rig.json
일반 일꾼,silen,실렌,엘프,일반 일꾼,drop,놓기,SW,있음,12,12,독립 관절 동작,해당 시점 원화,미완료,검수 대기,art-source/pixel-characters/roster-v4/silen/rig.json
일반 일꾼,silen,실렌,엘프,일반 일꾼,drop,놓기,NW,있음,12,12,독립 관절 동작,해당 시점 원화,미완료,검수 대기,art-source/pixel-characters/roster-v4/silen/rig.json
일반 일꾼,silen,실렌,엘프,일반 일꾼,drop,놓기,NE,있음,12,12,독립 관절 동작,NW 좌우 반전,미완료,검수 대기,art-source/pixel-characters/roster-v4/silen/rig.json
일반 일꾼,silen,실렌,엘프,일반 일꾼,drop,놓기,SE,있음,12,12,독립 관절 동작,SW 좌우 반전,미완료,검수 대기,art-source/pixel-characters/roster-v4/silen/rig.json
일반 일꾼,silen,실렌,엘프,일반 일꾼,greet,인사,SW,있음,12,11,기존 원화 관절 변형,해당 시점 원화,미완료,검수 대기,art-source/pixel-characters/roster-v4/silen/rig.json
일반 일꾼,silen,실렌,엘프,일반 일꾼,greet,인사,NW,있음,12,11,기존 원화 관절 변형,해당 시점 원화,미완료,검수 대기,art-source/pixel-characters/roster-v4/silen/rig.json
일반 일꾼,silen,실렌,엘프,일반 일꾼,greet,인사,NE,있음,12,11,기존 원화 관절 변형,NW 좌우 반전,미완료,검수 대기,art-source/pixel-characters/roster-v4/silen/rig.json
일반 일꾼,silen,실렌,엘프,일반 일꾼,greet,인사,SE,있음,12,11,기존 원화 관절 변형,SW 좌우 반전,미완료,검수 대기,art-source/pixel-characters/roster-v4/silen/rig.json
일반 일꾼,silen,실렌,엘프,일반 일꾼,attack,공격,SW,있음,12,11,기존 원화 관절 변형,해당 시점 원화,미완료,검수 대기,art-source/pixel-characters/roster-v4/silen/rig.json
일반 일꾼,silen,실렌,엘프,일반 일꾼,attack,공격,NW,있음,12,11,기존 원화 관절 변형,해당 시점 원화,미완료,검수 대기,art-source/pixel-characters/roster-v4/silen/rig.json
일반 일꾼,silen,실렌,엘프,일반 일꾼,attack,공격,NE,있음,12,11,기존 원화 관절 변형,NW 좌우 반전,미완료,검수 대기,art-source/pixel-characters/roster-v4/silen/rig.json
일반 일꾼,silen,실렌,엘프,일반 일꾼,attack,공격,SE,있음,12,11,기존 원화 관절 변형,SW 좌우 반전,미완료,검수 대기,art-source/pixel-characters/roster-v4/silen/rig.json
일반 일꾼,silen,실렌,엘프,일반 일꾼,hurt,피격,SW,있음,8,7,기존 원화 관절 변형,해당 시점 원화,미완료,검수 대기,art-source/pixel-characters/roster-v4/silen/rig.json
일반 일꾼,silen,실렌,엘프,일반 일꾼,hurt,피격,NW,있음,8,7,기존 원화 관절 변형,해당 시점 원화,미완료,검수 대기,art-source/pixel-characters/roster-v4/silen/rig.json
일반 일꾼,silen,실렌,엘프,일반 일꾼,hurt,피격,NE,있음,8,7,기존 원화 관절 변형,NW 좌우 반전,미완료,검수 대기,art-source/pixel-characters/roster-v4/silen/rig.json
일반 일꾼,silen,실렌,엘프,일반 일꾼,hurt,피격,SE,있음,8,7,기존 원화 관절 변형,SW 좌우 반전,미완료,검수 대기,art-source/pixel-characters/roster-v4/silen/rig.json
일반 일꾼,silen,실렌,엘프,일반 일꾼,defeat,쓰러짐,SW,있음,16,16,기존 원화 관절 변형,해당 시점 원화,미완료,검수 대기,art-source/pixel-characters/roster-v4/silen/rig.json
일반 일꾼,silen,실렌,엘프,일반 일꾼,defeat,쓰러짐,NW,있음,16,16,기존 원화 관절 변형,해당 시점 원화,미완료,검수 대기,art-source/pixel-characters/roster-v4/silen/rig.json
일반 일꾼,silen,실렌,엘프,일반 일꾼,defeat,쓰러짐,NE,있음,16,16,기존 원화 관절 변형,NW 좌우 반전,미완료,검수 대기,art-source/pixel-characters/roster-v4/silen/rig.json
일반 일꾼,silen,실렌,엘프,일반 일꾼,defeat,쓰러짐,SE,있음,16,16,기존 원화 관절 변형,SW 좌우 반전,미완료,검수 대기,art-source/pixel-characters/roster-v4/silen/rig.json
일반 일꾼,silen,실렌,엘프,일반 일꾼,turn,회전,SW,있음,8,4,기존 원화 관절 변형,해당 시점 원화,미완료,검수 대기,art-source/pixel-characters/roster-v4/silen/rig.json
일반 일꾼,silen,실렌,엘프,일반 일꾼,turn,회전,NW,있음,8,4,기존 원화 관절 변형,해당 시점 원화,미완료,검수 대기,art-source/pixel-characters/roster-v4/silen/rig.json
일반 일꾼,silen,실렌,엘프,일반 일꾼,turn,회전,NE,있음,8,4,기존 원화 관절 변형,NW 좌우 반전,미완료,검수 대기,art-source/pixel-characters/roster-v4/silen/rig.json
일반 일꾼,silen,실렌,엘프,일반 일꾼,turn,회전,SE,있음,8,4,기존 원화 관절 변형,SW 좌우 반전,미완료,검수 대기,art-source/pixel-characters/roster-v4/silen/rig.json
일반 일꾼,dew,이슬,정령,일반 일꾼,idle,대기,SW,있음,8,8,기존 원화 관절 변형,해당 시점 원화,미완료,검수 대기,art-source/pixel-characters/roster-v4/dew/rig.json
일반 일꾼,dew,이슬,정령,일반 일꾼,idle,대기,NW,있음,8,8,기존 원화 관절 변형,해당 시점 원화,미완료,검수 대기,art-source/pixel-characters/roster-v4/dew/rig.json
일반 일꾼,dew,이슬,정령,일반 일꾼,idle,대기,NE,있음,8,8,기존 원화 관절 변형,NW 좌우 반전,미완료,검수 대기,art-source/pixel-characters/roster-v4/dew/rig.json
일반 일꾼,dew,이슬,정령,일반 일꾼,idle,대기,SE,있음,8,8,기존 원화 관절 변형,SW 좌우 반전,미완료,검수 대기,art-source/pixel-characters/roster-v4/dew/rig.json
일반 일꾼,dew,이슬,정령,일반 일꾼,walk,걷기·이동,SW,있음,32,32,기존 원화 관절 변형,해당 시점 원화,미완료,검수 대기,art-source/pixel-characters/roster-v4/dew/rig.json
일반 일꾼,dew,이슬,정령,일반 일꾼,walk,걷기·이동,NW,있음,32,32,기존 원화 관절 변형,해당 시점 원화,미완료,검수 대기,art-source/pixel-characters/roster-v4/dew/rig.json
일반 일꾼,dew,이슬,정령,일반 일꾼,walk,걷기·이동,NE,있음,32,32,기존 원화 관절 변형,NW 좌우 반전,미완료,검수 대기,art-source/pixel-characters/roster-v4/dew/rig.json
일반 일꾼,dew,이슬,정령,일반 일꾼,walk,걷기·이동,SE,있음,32,32,기존 원화 관절 변형,SW 좌우 반전,미완료,검수 대기,art-source/pixel-characters/roster-v4/dew/rig.json
일반 일꾼,dew,이슬,정령,일반 일꾼,carry,운반,SW,있음,32,30,기존 원화 관절 변형,해당 시점 원화,미완료,검수 대기,art-source/pixel-characters/roster-v4/dew/rig.json
일반 일꾼,dew,이슬,정령,일반 일꾼,carry,운반,NW,있음,32,30,기존 원화 관절 변형,해당 시점 원화,미완료,검수 대기,art-source/pixel-characters/roster-v4/dew/rig.json
일반 일꾼,dew,이슬,정령,일반 일꾼,carry,운반,NE,있음,32,30,기존 원화 관절 변형,NW 좌우 반전,미완료,검수 대기,art-source/pixel-characters/roster-v4/dew/rig.json
일반 일꾼,dew,이슬,정령,일반 일꾼,carry,운반,SE,있음,32,30,기존 원화 관절 변형,SW 좌우 반전,미완료,검수 대기,art-source/pixel-characters/roster-v4/dew/rig.json
일반 일꾼,dew,이슬,정령,일반 일꾼,work,작업,SW,있음,20,20,기존 원화 관절 변형,해당 시점 원화,미완료,검수 대기,art-source/pixel-characters/roster-v4/dew/rig.json
일반 일꾼,dew,이슬,정령,일반 일꾼,work,작업,NW,있음,20,20,기존 원화 관절 변형,해당 시점 원화,미완료,검수 대기,art-source/pixel-characters/roster-v4/dew/rig.json
일반 일꾼,dew,이슬,정령,일반 일꾼,work,작업,NE,있음,20,20,기존 원화 관절 변형,NW 좌우 반전,미완료,검수 대기,art-source/pixel-characters/roster-v4/dew/rig.json
일반 일꾼,dew,이슬,정령,일반 일꾼,work,작업,SE,있음,20,20,기존 원화 관절 변형,SW 좌우 반전,미완료,검수 대기,art-source/pixel-characters/roster-v4/dew/rig.json
일반 일꾼,dew,이슬,정령,일반 일꾼,pickup,들기,SW,있음,12,12,독립 관절 동작,해당 시점 원화,미완료,검수 대기,art-source/pixel-characters/roster-v4/dew/rig.json
일반 일꾼,dew,이슬,정령,일반 일꾼,pickup,들기,NW,있음,12,12,독립 관절 동작,해당 시점 원화,미완료,검수 대기,art-source/pixel-characters/roster-v4/dew/rig.json
일반 일꾼,dew,이슬,정령,일반 일꾼,pickup,들기,NE,있음,12,12,독립 관절 동작,NW 좌우 반전,미완료,검수 대기,art-source/pixel-characters/roster-v4/dew/rig.json
일반 일꾼,dew,이슬,정령,일반 일꾼,pickup,들기,SE,있음,12,12,독립 관절 동작,SW 좌우 반전,미완료,검수 대기,art-source/pixel-characters/roster-v4/dew/rig.json
일반 일꾼,dew,이슬,정령,일반 일꾼,drop,놓기,SW,있음,12,12,독립 관절 동작,해당 시점 원화,미완료,검수 대기,art-source/pixel-characters/roster-v4/dew/rig.json
일반 일꾼,dew,이슬,정령,일반 일꾼,drop,놓기,NW,있음,12,12,독립 관절 동작,해당 시점 원화,미완료,검수 대기,art-source/pixel-characters/roster-v4/dew/rig.json
일반 일꾼,dew,이슬,정령,일반 일꾼,drop,놓기,NE,있음,12,12,독립 관절 동작,NW 좌우 반전,미완료,검수 대기,art-source/pixel-characters/roster-v4/dew/rig.json
일반 일꾼,dew,이슬,정령,일반 일꾼,drop,놓기,SE,있음,12,12,독립 관절 동작,SW 좌우 반전,미완료,검수 대기,art-source/pixel-characters/roster-v4/dew/rig.json
일반 일꾼,dew,이슬,정령,일반 일꾼,greet,인사,SW,있음,12,11,기존 원화 관절 변형,해당 시점 원화,미완료,검수 대기,art-source/pixel-characters/roster-v4/dew/rig.json
일반 일꾼,dew,이슬,정령,일반 일꾼,greet,인사,NW,있음,12,11,기존 원화 관절 변형,해당 시점 원화,미완료,검수 대기,art-source/pixel-characters/roster-v4/dew/rig.json
일반 일꾼,dew,이슬,정령,일반 일꾼,greet,인사,NE,있음,12,11,기존 원화 관절 변형,NW 좌우 반전,미완료,검수 대기,art-source/pixel-characters/roster-v4/dew/rig.json
일반 일꾼,dew,이슬,정령,일반 일꾼,greet,인사,SE,있음,12,11,기존 원화 관절 변형,SW 좌우 반전,미완료,검수 대기,art-source/pixel-characters/roster-v4/dew/rig.json
일반 일꾼,dew,이슬,정령,일반 일꾼,attack,공격,SW,있음,12,11,기존 원화 관절 변형,해당 시점 원화,미완료,검수 대기,art-source/pixel-characters/roster-v4/dew/rig.json
일반 일꾼,dew,이슬,정령,일반 일꾼,attack,공격,NW,있음,12,11,기존 원화 관절 변형,해당 시점 원화,미완료,검수 대기,art-source/pixel-characters/roster-v4/dew/rig.json
일반 일꾼,dew,이슬,정령,일반 일꾼,attack,공격,NE,있음,12,11,기존 원화 관절 변형,NW 좌우 반전,미완료,검수 대기,art-source/pixel-characters/roster-v4/dew/rig.json
일반 일꾼,dew,이슬,정령,일반 일꾼,attack,공격,SE,있음,12,11,기존 원화 관절 변형,SW 좌우 반전,미완료,검수 대기,art-source/pixel-characters/roster-v4/dew/rig.json
일반 일꾼,dew,이슬,정령,일반 일꾼,hurt,피격,SW,있음,8,7,기존 원화 관절 변형,해당 시점 원화,미완료,검수 대기,art-source/pixel-characters/roster-v4/dew/rig.json
일반 일꾼,dew,이슬,정령,일반 일꾼,hurt,피격,NW,있음,8,7,기존 원화 관절 변형,해당 시점 원화,미완료,검수 대기,art-source/pixel-characters/roster-v4/dew/rig.json
일반 일꾼,dew,이슬,정령,일반 일꾼,hurt,피격,NE,있음,8,7,기존 원화 관절 변형,NW 좌우 반전,미완료,검수 대기,art-source/pixel-characters/roster-v4/dew/rig.json
일반 일꾼,dew,이슬,정령,일반 일꾼,hurt,피격,SE,있음,8,7,기존 원화 관절 변형,SW 좌우 반전,미완료,검수 대기,art-source/pixel-characters/roster-v4/dew/rig.json
일반 일꾼,dew,이슬,정령,일반 일꾼,defeat,쓰러짐,SW,있음,16,16,기존 원화 관절 변형,해당 시점 원화,미완료,검수 대기,art-source/pixel-characters/roster-v4/dew/rig.json
일반 일꾼,dew,이슬,정령,일반 일꾼,defeat,쓰러짐,NW,있음,16,16,기존 원화 관절 변형,해당 시점 원화,미완료,검수 대기,art-source/pixel-characters/roster-v4/dew/rig.json
일반 일꾼,dew,이슬,정령,일반 일꾼,defeat,쓰러짐,NE,있음,16,16,기존 원화 관절 변형,NW 좌우 반전,미완료,검수 대기,art-source/pixel-characters/roster-v4/dew/rig.json
일반 일꾼,dew,이슬,정령,일반 일꾼,defeat,쓰러짐,SE,있음,16,16,기존 원화 관절 변형,SW 좌우 반전,미완료,검수 대기,art-source/pixel-characters/roster-v4/dew/rig.json
일반 일꾼,dew,이슬,정령,일반 일꾼,turn,회전,SW,있음,8,4,기존 원화 관절 변형,해당 시점 원화,미완료,검수 대기,art-source/pixel-characters/roster-v4/dew/rig.json
일반 일꾼,dew,이슬,정령,일반 일꾼,turn,회전,NW,있음,8,4,기존 원화 관절 변형,해당 시점 원화,미완료,검수 대기,art-source/pixel-characters/roster-v4/dew/rig.json
일반 일꾼,dew,이슬,정령,일반 일꾼,turn,회전,NE,있음,8,4,기존 원화 관절 변형,NW 좌우 반전,미완료,검수 대기,art-source/pixel-characters/roster-v4/dew/rig.json
일반 일꾼,dew,이슬,정령,일반 일꾼,turn,회전,SE,있음,8,4,기존 원화 관절 변형,SW 좌우 반전,미완료,검수 대기,art-source/pixel-characters/roster-v4/dew/rig.json
일반 일꾼,kai,카이,켄타로스,일반 일꾼,idle,대기,SW,있음,8,8,기존 원화 관절 변형,해당 시점 원화,미완료,검수 대기,art-source/pixel-characters/roster-v4/kai/rig.json
일반 일꾼,kai,카이,켄타로스,일반 일꾼,idle,대기,NW,있음,8,8,기존 원화 관절 변형,해당 시점 원화,미완료,검수 대기,art-source/pixel-characters/roster-v4/kai/rig.json
일반 일꾼,kai,카이,켄타로스,일반 일꾼,idle,대기,NE,있음,8,8,기존 원화 관절 변형,NW 좌우 반전,미완료,검수 대기,art-source/pixel-characters/roster-v4/kai/rig.json
일반 일꾼,kai,카이,켄타로스,일반 일꾼,idle,대기,SE,있음,8,8,기존 원화 관절 변형,SW 좌우 반전,미완료,검수 대기,art-source/pixel-characters/roster-v4/kai/rig.json
일반 일꾼,kai,카이,켄타로스,일반 일꾼,walk,걷기·이동,SW,있음,32,32,기존 원화 관절 변형,해당 시점 원화,미완료,검수 대기,art-source/pixel-characters/roster-v4/kai/rig.json
일반 일꾼,kai,카이,켄타로스,일반 일꾼,walk,걷기·이동,NW,있음,32,32,기존 원화 관절 변형,해당 시점 원화,미완료,검수 대기,art-source/pixel-characters/roster-v4/kai/rig.json
일반 일꾼,kai,카이,켄타로스,일반 일꾼,walk,걷기·이동,NE,있음,32,32,기존 원화 관절 변형,NW 좌우 반전,미완료,검수 대기,art-source/pixel-characters/roster-v4/kai/rig.json
일반 일꾼,kai,카이,켄타로스,일반 일꾼,walk,걷기·이동,SE,있음,32,32,기존 원화 관절 변형,SW 좌우 반전,미완료,검수 대기,art-source/pixel-characters/roster-v4/kai/rig.json
일반 일꾼,kai,카이,켄타로스,일반 일꾼,carry,운반,SW,있음,32,32,기존 원화 관절 변형,해당 시점 원화,미완료,검수 대기,art-source/pixel-characters/roster-v4/kai/rig.json
일반 일꾼,kai,카이,켄타로스,일반 일꾼,carry,운반,NW,있음,32,32,기존 원화 관절 변형,해당 시점 원화,미완료,검수 대기,art-source/pixel-characters/roster-v4/kai/rig.json
일반 일꾼,kai,카이,켄타로스,일반 일꾼,carry,운반,NE,있음,32,32,기존 원화 관절 변형,NW 좌우 반전,미완료,검수 대기,art-source/pixel-characters/roster-v4/kai/rig.json
일반 일꾼,kai,카이,켄타로스,일반 일꾼,carry,운반,SE,있음,32,32,기존 원화 관절 변형,SW 좌우 반전,미완료,검수 대기,art-source/pixel-characters/roster-v4/kai/rig.json
일반 일꾼,kai,카이,켄타로스,일반 일꾼,work,작업,SW,있음,20,20,기존 원화 관절 변형,해당 시점 원화,미완료,검수 대기,art-source/pixel-characters/roster-v4/kai/rig.json
일반 일꾼,kai,카이,켄타로스,일반 일꾼,work,작업,NW,있음,20,20,기존 원화 관절 변형,해당 시점 원화,미완료,검수 대기,art-source/pixel-characters/roster-v4/kai/rig.json
일반 일꾼,kai,카이,켄타로스,일반 일꾼,work,작업,NE,있음,20,20,기존 원화 관절 변형,NW 좌우 반전,미완료,검수 대기,art-source/pixel-characters/roster-v4/kai/rig.json
일반 일꾼,kai,카이,켄타로스,일반 일꾼,work,작업,SE,있음,20,20,기존 원화 관절 변형,SW 좌우 반전,미완료,검수 대기,art-source/pixel-characters/roster-v4/kai/rig.json
일반 일꾼,kai,카이,켄타로스,일반 일꾼,pickup,들기,SW,있음,12,12,독립 관절 동작,해당 시점 원화,미완료,검수 대기,art-source/pixel-characters/roster-v4/kai/rig.json
일반 일꾼,kai,카이,켄타로스,일반 일꾼,pickup,들기,NW,있음,12,12,독립 관절 동작,해당 시점 원화,미완료,검수 대기,art-source/pixel-characters/roster-v4/kai/rig.json
일반 일꾼,kai,카이,켄타로스,일반 일꾼,pickup,들기,NE,있음,12,12,독립 관절 동작,NW 좌우 반전,미완료,검수 대기,art-source/pixel-characters/roster-v4/kai/rig.json
일반 일꾼,kai,카이,켄타로스,일반 일꾼,pickup,들기,SE,있음,12,12,독립 관절 동작,SW 좌우 반전,미완료,검수 대기,art-source/pixel-characters/roster-v4/kai/rig.json
일반 일꾼,kai,카이,켄타로스,일반 일꾼,drop,놓기,SW,있음,12,12,독립 관절 동작,해당 시점 원화,미완료,검수 대기,art-source/pixel-characters/roster-v4/kai/rig.json
일반 일꾼,kai,카이,켄타로스,일반 일꾼,drop,놓기,NW,있음,12,12,독립 관절 동작,해당 시점 원화,미완료,검수 대기,art-source/pixel-characters/roster-v4/kai/rig.json
일반 일꾼,kai,카이,켄타로스,일반 일꾼,drop,놓기,NE,있음,12,12,독립 관절 동작,NW 좌우 반전,미완료,검수 대기,art-source/pixel-characters/roster-v4/kai/rig.json
일반 일꾼,kai,카이,켄타로스,일반 일꾼,drop,놓기,SE,있음,12,12,독립 관절 동작,SW 좌우 반전,미완료,검수 대기,art-source/pixel-characters/roster-v4/kai/rig.json
일반 일꾼,kai,카이,켄타로스,일반 일꾼,greet,인사,SW,있음,12,11,기존 원화 관절 변형,해당 시점 원화,미완료,검수 대기,art-source/pixel-characters/roster-v4/kai/rig.json
일반 일꾼,kai,카이,켄타로스,일반 일꾼,greet,인사,NW,있음,12,11,기존 원화 관절 변형,해당 시점 원화,미완료,검수 대기,art-source/pixel-characters/roster-v4/kai/rig.json
일반 일꾼,kai,카이,켄타로스,일반 일꾼,greet,인사,NE,있음,12,11,기존 원화 관절 변형,NW 좌우 반전,미완료,검수 대기,art-source/pixel-characters/roster-v4/kai/rig.json
일반 일꾼,kai,카이,켄타로스,일반 일꾼,greet,인사,SE,있음,12,11,기존 원화 관절 변형,SW 좌우 반전,미완료,검수 대기,art-source/pixel-characters/roster-v4/kai/rig.json
일반 일꾼,kai,카이,켄타로스,일반 일꾼,attack,공격,SW,있음,12,11,기존 원화 관절 변형,해당 시점 원화,미완료,검수 대기,art-source/pixel-characters/roster-v4/kai/rig.json
일반 일꾼,kai,카이,켄타로스,일반 일꾼,attack,공격,NW,있음,12,11,기존 원화 관절 변형,해당 시점 원화,미완료,검수 대기,art-source/pixel-characters/roster-v4/kai/rig.json
일반 일꾼,kai,카이,켄타로스,일반 일꾼,attack,공격,NE,있음,12,11,기존 원화 관절 변형,NW 좌우 반전,미완료,검수 대기,art-source/pixel-characters/roster-v4/kai/rig.json
일반 일꾼,kai,카이,켄타로스,일반 일꾼,attack,공격,SE,있음,12,11,기존 원화 관절 변형,SW 좌우 반전,미완료,검수 대기,art-source/pixel-characters/roster-v4/kai/rig.json
일반 일꾼,kai,카이,켄타로스,일반 일꾼,hurt,피격,SW,있음,8,7,기존 원화 관절 변형,해당 시점 원화,미완료,검수 대기,art-source/pixel-characters/roster-v4/kai/rig.json
일반 일꾼,kai,카이,켄타로스,일반 일꾼,hurt,피격,NW,있음,8,7,기존 원화 관절 변형,해당 시점 원화,미완료,검수 대기,art-source/pixel-characters/roster-v4/kai/rig.json
일반 일꾼,kai,카이,켄타로스,일반 일꾼,hurt,피격,NE,있음,8,7,기존 원화 관절 변형,NW 좌우 반전,미완료,검수 대기,art-source/pixel-characters/roster-v4/kai/rig.json
일반 일꾼,kai,카이,켄타로스,일반 일꾼,hurt,피격,SE,있음,8,7,기존 원화 관절 변형,SW 좌우 반전,미완료,검수 대기,art-source/pixel-characters/roster-v4/kai/rig.json
일반 일꾼,kai,카이,켄타로스,일반 일꾼,defeat,쓰러짐,SW,있음,16,16,기존 원화 관절 변형,해당 시점 원화,미완료,검수 대기,art-source/pixel-characters/roster-v4/kai/rig.json
일반 일꾼,kai,카이,켄타로스,일반 일꾼,defeat,쓰러짐,NW,있음,16,16,기존 원화 관절 변형,해당 시점 원화,미완료,검수 대기,art-source/pixel-characters/roster-v4/kai/rig.json
일반 일꾼,kai,카이,켄타로스,일반 일꾼,defeat,쓰러짐,NE,있음,16,16,기존 원화 관절 변형,NW 좌우 반전,미완료,검수 대기,art-source/pixel-characters/roster-v4/kai/rig.json
일반 일꾼,kai,카이,켄타로스,일반 일꾼,defeat,쓰러짐,SE,있음,16,16,기존 원화 관절 변형,SW 좌우 반전,미완료,검수 대기,art-source/pixel-characters/roster-v4/kai/rig.json
일반 일꾼,kai,카이,켄타로스,일반 일꾼,turn,회전,SW,있음,8,4,기존 원화 관절 변형,해당 시점 원화,미완료,검수 대기,art-source/pixel-characters/roster-v4/kai/rig.json
일반 일꾼,kai,카이,켄타로스,일반 일꾼,turn,회전,NW,있음,8,4,기존 원화 관절 변형,해당 시점 원화,미완료,검수 대기,art-source/pixel-characters/roster-v4/kai/rig.json
일반 일꾼,kai,카이,켄타로스,일반 일꾼,turn,회전,NE,있음,8,4,기존 원화 관절 변형,NW 좌우 반전,미완료,검수 대기,art-source/pixel-characters/roster-v4/kai/rig.json
일반 일꾼,kai,카이,켄타로스,일반 일꾼,turn,회전,SE,있음,8,4,기존 원화 관절 변형,SW 좌우 반전,미완료,검수 대기,art-source/pixel-characters/roster-v4/kai/rig.json
일반 일꾼,fia,피아,요정,일반 일꾼,idle,대기,SW,있음,8,5,기존 원화 관절 변형,해당 시점 원화,미완료,검수 대기,art-source/pixel-characters/roster-v4/fia/rig.json
일반 일꾼,fia,피아,요정,일반 일꾼,idle,대기,NW,있음,8,5,기존 원화 관절 변형,해당 시점 원화,미완료,검수 대기,art-source/pixel-characters/roster-v4/fia/rig.json
일반 일꾼,fia,피아,요정,일반 일꾼,idle,대기,NE,있음,8,5,기존 원화 관절 변형,NW 좌우 반전,미완료,검수 대기,art-source/pixel-characters/roster-v4/fia/rig.json
일반 일꾼,fia,피아,요정,일반 일꾼,idle,대기,SE,있음,8,5,기존 원화 관절 변형,SW 좌우 반전,미완료,검수 대기,art-source/pixel-characters/roster-v4/fia/rig.json
일반 일꾼,fia,피아,요정,일반 일꾼,walk,걷기·이동,SW,있음,32,28,기존 원화 관절 변형,해당 시점 원화,미완료,검수 대기,art-source/pixel-characters/roster-v4/fia/rig.json
일반 일꾼,fia,피아,요정,일반 일꾼,walk,걷기·이동,NW,있음,32,28,기존 원화 관절 변형,해당 시점 원화,미완료,검수 대기,art-source/pixel-characters/roster-v4/fia/rig.json
일반 일꾼,fia,피아,요정,일반 일꾼,walk,걷기·이동,NE,있음,32,28,기존 원화 관절 변형,NW 좌우 반전,미완료,검수 대기,art-source/pixel-characters/roster-v4/fia/rig.json
일반 일꾼,fia,피아,요정,일반 일꾼,walk,걷기·이동,SE,있음,32,28,기존 원화 관절 변형,SW 좌우 반전,미완료,검수 대기,art-source/pixel-characters/roster-v4/fia/rig.json
일반 일꾼,fia,피아,요정,일반 일꾼,carry,운반,SW,있음,32,14,기존 원화 관절 변형,해당 시점 원화,미완료,검수 대기,art-source/pixel-characters/roster-v4/fia/rig.json
일반 일꾼,fia,피아,요정,일반 일꾼,carry,운반,NW,있음,32,14,기존 원화 관절 변형,해당 시점 원화,미완료,검수 대기,art-source/pixel-characters/roster-v4/fia/rig.json
일반 일꾼,fia,피아,요정,일반 일꾼,carry,운반,NE,있음,32,14,기존 원화 관절 변형,NW 좌우 반전,미완료,검수 대기,art-source/pixel-characters/roster-v4/fia/rig.json
일반 일꾼,fia,피아,요정,일반 일꾼,carry,운반,SE,있음,32,14,기존 원화 관절 변형,SW 좌우 반전,미완료,검수 대기,art-source/pixel-characters/roster-v4/fia/rig.json
일반 일꾼,fia,피아,요정,일반 일꾼,work,작업,SW,있음,20,18,기존 원화 관절 변형,해당 시점 원화,미완료,검수 대기,art-source/pixel-characters/roster-v4/fia/rig.json
일반 일꾼,fia,피아,요정,일반 일꾼,work,작업,NW,있음,20,18,기존 원화 관절 변형,해당 시점 원화,미완료,검수 대기,art-source/pixel-characters/roster-v4/fia/rig.json
일반 일꾼,fia,피아,요정,일반 일꾼,work,작업,NE,있음,20,18,기존 원화 관절 변형,NW 좌우 반전,미완료,검수 대기,art-source/pixel-characters/roster-v4/fia/rig.json
일반 일꾼,fia,피아,요정,일반 일꾼,work,작업,SE,있음,20,18,기존 원화 관절 변형,SW 좌우 반전,미완료,검수 대기,art-source/pixel-characters/roster-v4/fia/rig.json
일반 일꾼,fia,피아,요정,일반 일꾼,pickup,들기,SW,있음,12,12,독립 관절 동작,해당 시점 원화,미완료,검수 대기,art-source/pixel-characters/roster-v4/fia/rig.json
일반 일꾼,fia,피아,요정,일반 일꾼,pickup,들기,NW,있음,12,12,독립 관절 동작,해당 시점 원화,미완료,검수 대기,art-source/pixel-characters/roster-v4/fia/rig.json
일반 일꾼,fia,피아,요정,일반 일꾼,pickup,들기,NE,있음,12,12,독립 관절 동작,NW 좌우 반전,미완료,검수 대기,art-source/pixel-characters/roster-v4/fia/rig.json
일반 일꾼,fia,피아,요정,일반 일꾼,pickup,들기,SE,있음,12,12,독립 관절 동작,SW 좌우 반전,미완료,검수 대기,art-source/pixel-characters/roster-v4/fia/rig.json
일반 일꾼,fia,피아,요정,일반 일꾼,drop,놓기,SW,있음,12,12,독립 관절 동작,해당 시점 원화,미완료,검수 대기,art-source/pixel-characters/roster-v4/fia/rig.json
일반 일꾼,fia,피아,요정,일반 일꾼,drop,놓기,NW,있음,12,12,독립 관절 동작,해당 시점 원화,미완료,검수 대기,art-source/pixel-characters/roster-v4/fia/rig.json
일반 일꾼,fia,피아,요정,일반 일꾼,drop,놓기,NE,있음,12,12,독립 관절 동작,NW 좌우 반전,미완료,검수 대기,art-source/pixel-characters/roster-v4/fia/rig.json
일반 일꾼,fia,피아,요정,일반 일꾼,drop,놓기,SE,있음,12,12,독립 관절 동작,SW 좌우 반전,미완료,검수 대기,art-source/pixel-characters/roster-v4/fia/rig.json
일반 일꾼,fia,피아,요정,일반 일꾼,greet,인사,SW,있음,12,11,기존 원화 관절 변형,해당 시점 원화,미완료,검수 대기,art-source/pixel-characters/roster-v4/fia/rig.json
일반 일꾼,fia,피아,요정,일반 일꾼,greet,인사,NW,있음,12,11,기존 원화 관절 변형,해당 시점 원화,미완료,검수 대기,art-source/pixel-characters/roster-v4/fia/rig.json
일반 일꾼,fia,피아,요정,일반 일꾼,greet,인사,NE,있음,12,11,기존 원화 관절 변형,NW 좌우 반전,미완료,검수 대기,art-source/pixel-characters/roster-v4/fia/rig.json
일반 일꾼,fia,피아,요정,일반 일꾼,greet,인사,SE,있음,12,11,기존 원화 관절 변형,SW 좌우 반전,미완료,검수 대기,art-source/pixel-characters/roster-v4/fia/rig.json
일반 일꾼,fia,피아,요정,일반 일꾼,attack,공격,SW,있음,12,11,기존 원화 관절 변형,해당 시점 원화,미완료,검수 대기,art-source/pixel-characters/roster-v4/fia/rig.json
일반 일꾼,fia,피아,요정,일반 일꾼,attack,공격,NW,있음,12,11,기존 원화 관절 변형,해당 시점 원화,미완료,검수 대기,art-source/pixel-characters/roster-v4/fia/rig.json
일반 일꾼,fia,피아,요정,일반 일꾼,attack,공격,NE,있음,12,11,기존 원화 관절 변형,NW 좌우 반전,미완료,검수 대기,art-source/pixel-characters/roster-v4/fia/rig.json
일반 일꾼,fia,피아,요정,일반 일꾼,attack,공격,SE,있음,12,11,기존 원화 관절 변형,SW 좌우 반전,미완료,검수 대기,art-source/pixel-characters/roster-v4/fia/rig.json
일반 일꾼,fia,피아,요정,일반 일꾼,hurt,피격,SW,있음,8,7,기존 원화 관절 변형,해당 시점 원화,미완료,검수 대기,art-source/pixel-characters/roster-v4/fia/rig.json
일반 일꾼,fia,피아,요정,일반 일꾼,hurt,피격,NW,있음,8,7,기존 원화 관절 변형,해당 시점 원화,미완료,검수 대기,art-source/pixel-characters/roster-v4/fia/rig.json
일반 일꾼,fia,피아,요정,일반 일꾼,hurt,피격,NE,있음,8,7,기존 원화 관절 변형,NW 좌우 반전,미완료,검수 대기,art-source/pixel-characters/roster-v4/fia/rig.json
일반 일꾼,fia,피아,요정,일반 일꾼,hurt,피격,SE,있음,8,7,기존 원화 관절 변형,SW 좌우 반전,미완료,검수 대기,art-source/pixel-characters/roster-v4/fia/rig.json
일반 일꾼,fia,피아,요정,일반 일꾼,defeat,쓰러짐,SW,있음,16,16,기존 원화 관절 변형,해당 시점 원화,미완료,검수 대기,art-source/pixel-characters/roster-v4/fia/rig.json
일반 일꾼,fia,피아,요정,일반 일꾼,defeat,쓰러짐,NW,있음,16,16,기존 원화 관절 변형,해당 시점 원화,미완료,검수 대기,art-source/pixel-characters/roster-v4/fia/rig.json
일반 일꾼,fia,피아,요정,일반 일꾼,defeat,쓰러짐,NE,있음,16,16,기존 원화 관절 변형,NW 좌우 반전,미완료,검수 대기,art-source/pixel-characters/roster-v4/fia/rig.json
일반 일꾼,fia,피아,요정,일반 일꾼,defeat,쓰러짐,SE,있음,16,16,기존 원화 관절 변형,SW 좌우 반전,미완료,검수 대기,art-source/pixel-characters/roster-v4/fia/rig.json
일반 일꾼,fia,피아,요정,일반 일꾼,turn,회전,SW,있음,8,4,기존 원화 관절 변형,해당 시점 원화,미완료,검수 대기,art-source/pixel-characters/roster-v4/fia/rig.json
일반 일꾼,fia,피아,요정,일반 일꾼,turn,회전,NW,있음,8,4,기존 원화 관절 변형,해당 시점 원화,미완료,검수 대기,art-source/pixel-characters/roster-v4/fia/rig.json
일반 일꾼,fia,피아,요정,일반 일꾼,turn,회전,NE,있음,8,4,기존 원화 관절 변형,NW 좌우 반전,미완료,검수 대기,art-source/pixel-characters/roster-v4/fia/rig.json
일반 일꾼,fia,피아,요정,일반 일꾼,turn,회전,SE,있음,8,4,기존 원화 관절 변형,SW 좌우 반전,미완료,검수 대기,art-source/pixel-characters/roster-v4/fia/rig.json
직업 인물,rowan,로웬,인간,설비 기술자,idle,대기,SW,있음,8,2,기존 원화 관절 변형,해당 시점 원화,미완료,검수 대기,art-source/pixel-characters/roster-v4/rowan/rig.json
직업 인물,rowan,로웬,인간,설비 기술자,idle,대기,NW,있음,8,2,기존 원화 관절 변형,해당 시점 원화,미완료,검수 대기,art-source/pixel-characters/roster-v4/rowan/rig.json
직업 인물,rowan,로웬,인간,설비 기술자,idle,대기,NE,있음,8,2,기존 원화 관절 변형,NW 좌우 반전,미완료,검수 대기,art-source/pixel-characters/roster-v4/rowan/rig.json
직업 인물,rowan,로웬,인간,설비 기술자,idle,대기,SE,있음,8,2,기존 원화 관절 변형,SW 좌우 반전,미완료,검수 대기,art-source/pixel-characters/roster-v4/rowan/rig.json
직업 인물,rowan,로웬,인간,설비 기술자,walk,걷기·이동,SW,있음,32,32,기존 원화 관절 변형,해당 시점 원화,미완료,검수 대기,art-source/pixel-characters/roster-v4/rowan/rig.json
직업 인물,rowan,로웬,인간,설비 기술자,walk,걷기·이동,NW,있음,32,32,기존 원화 관절 변형,해당 시점 원화,미완료,검수 대기,art-source/pixel-characters/roster-v4/rowan/rig.json
직업 인물,rowan,로웬,인간,설비 기술자,walk,걷기·이동,NE,있음,32,32,기존 원화 관절 변형,NW 좌우 반전,미완료,검수 대기,art-source/pixel-characters/roster-v4/rowan/rig.json
직업 인물,rowan,로웬,인간,설비 기술자,walk,걷기·이동,SE,있음,32,32,기존 원화 관절 변형,SW 좌우 반전,미완료,검수 대기,art-source/pixel-characters/roster-v4/rowan/rig.json
직업 인물,rowan,로웬,인간,설비 기술자,carry,운반,SW,있음,32,32,기존 원화 관절 변형,해당 시점 원화,미완료,검수 대기,art-source/pixel-characters/roster-v4/rowan/rig.json
직업 인물,rowan,로웬,인간,설비 기술자,carry,운반,NW,있음,32,32,기존 원화 관절 변형,해당 시점 원화,미완료,검수 대기,art-source/pixel-characters/roster-v4/rowan/rig.json
직업 인물,rowan,로웬,인간,설비 기술자,carry,운반,NE,있음,32,32,기존 원화 관절 변형,NW 좌우 반전,미완료,검수 대기,art-source/pixel-characters/roster-v4/rowan/rig.json
직업 인물,rowan,로웬,인간,설비 기술자,carry,운반,SE,있음,32,32,기존 원화 관절 변형,SW 좌우 반전,미완료,검수 대기,art-source/pixel-characters/roster-v4/rowan/rig.json
직업 인물,rowan,로웬,인간,설비 기술자,work,작업,SW,있음,20,20,기존 원화 관절 변형,해당 시점 원화,미완료,검수 대기,art-source/pixel-characters/roster-v4/rowan/rig.json
직업 인물,rowan,로웬,인간,설비 기술자,work,작업,NW,있음,20,20,기존 원화 관절 변형,해당 시점 원화,미완료,검수 대기,art-source/pixel-characters/roster-v4/rowan/rig.json
직업 인물,rowan,로웬,인간,설비 기술자,work,작업,NE,있음,20,20,기존 원화 관절 변형,NW 좌우 반전,미완료,검수 대기,art-source/pixel-characters/roster-v4/rowan/rig.json
직업 인물,rowan,로웬,인간,설비 기술자,work,작업,SE,있음,20,20,기존 원화 관절 변형,SW 좌우 반전,미완료,검수 대기,art-source/pixel-characters/roster-v4/rowan/rig.json
직업 인물,rowan,로웬,인간,설비 기술자,pickup,들기,SW,있음,12,12,독립 관절 동작,해당 시점 원화,미완료,검수 대기,art-source/pixel-characters/roster-v4/rowan/rig.json
직업 인물,rowan,로웬,인간,설비 기술자,pickup,들기,NW,있음,12,12,독립 관절 동작,해당 시점 원화,미완료,검수 대기,art-source/pixel-characters/roster-v4/rowan/rig.json
직업 인물,rowan,로웬,인간,설비 기술자,pickup,들기,NE,있음,12,12,독립 관절 동작,NW 좌우 반전,미완료,검수 대기,art-source/pixel-characters/roster-v4/rowan/rig.json
직업 인물,rowan,로웬,인간,설비 기술자,pickup,들기,SE,있음,12,12,독립 관절 동작,SW 좌우 반전,미완료,검수 대기,art-source/pixel-characters/roster-v4/rowan/rig.json
직업 인물,rowan,로웬,인간,설비 기술자,drop,놓기,SW,있음,12,12,독립 관절 동작,해당 시점 원화,미완료,검수 대기,art-source/pixel-characters/roster-v4/rowan/rig.json
직업 인물,rowan,로웬,인간,설비 기술자,drop,놓기,NW,있음,12,12,독립 관절 동작,해당 시점 원화,미완료,검수 대기,art-source/pixel-characters/roster-v4/rowan/rig.json
직업 인물,rowan,로웬,인간,설비 기술자,drop,놓기,NE,있음,12,12,독립 관절 동작,NW 좌우 반전,미완료,검수 대기,art-source/pixel-characters/roster-v4/rowan/rig.json
직업 인물,rowan,로웬,인간,설비 기술자,drop,놓기,SE,있음,12,12,독립 관절 동작,SW 좌우 반전,미완료,검수 대기,art-source/pixel-characters/roster-v4/rowan/rig.json
직업 인물,rowan,로웬,인간,설비 기술자,greet,인사,SW,있음,12,11,기존 원화 관절 변형,해당 시점 원화,미완료,검수 대기,art-source/pixel-characters/roster-v4/rowan/rig.json
직업 인물,rowan,로웬,인간,설비 기술자,greet,인사,NW,있음,12,11,기존 원화 관절 변형,해당 시점 원화,미완료,검수 대기,art-source/pixel-characters/roster-v4/rowan/rig.json
직업 인물,rowan,로웬,인간,설비 기술자,greet,인사,NE,있음,12,11,기존 원화 관절 변형,NW 좌우 반전,미완료,검수 대기,art-source/pixel-characters/roster-v4/rowan/rig.json
직업 인물,rowan,로웬,인간,설비 기술자,greet,인사,SE,있음,12,11,기존 원화 관절 변형,SW 좌우 반전,미완료,검수 대기,art-source/pixel-characters/roster-v4/rowan/rig.json
직업 인물,rowan,로웬,인간,설비 기술자,attack,공격,SW,있음,12,11,기존 원화 관절 변형,해당 시점 원화,미완료,검수 대기,art-source/pixel-characters/roster-v4/rowan/rig.json
직업 인물,rowan,로웬,인간,설비 기술자,attack,공격,NW,있음,12,11,기존 원화 관절 변형,해당 시점 원화,미완료,검수 대기,art-source/pixel-characters/roster-v4/rowan/rig.json
직업 인물,rowan,로웬,인간,설비 기술자,attack,공격,NE,있음,12,11,기존 원화 관절 변형,NW 좌우 반전,미완료,검수 대기,art-source/pixel-characters/roster-v4/rowan/rig.json
직업 인물,rowan,로웬,인간,설비 기술자,attack,공격,SE,있음,12,11,기존 원화 관절 변형,SW 좌우 반전,미완료,검수 대기,art-source/pixel-characters/roster-v4/rowan/rig.json
직업 인물,rowan,로웬,인간,설비 기술자,hurt,피격,SW,있음,8,7,기존 원화 관절 변형,해당 시점 원화,미완료,검수 대기,art-source/pixel-characters/roster-v4/rowan/rig.json
직업 인물,rowan,로웬,인간,설비 기술자,hurt,피격,NW,있음,8,7,기존 원화 관절 변형,해당 시점 원화,미완료,검수 대기,art-source/pixel-characters/roster-v4/rowan/rig.json
직업 인물,rowan,로웬,인간,설비 기술자,hurt,피격,NE,있음,8,7,기존 원화 관절 변형,NW 좌우 반전,미완료,검수 대기,art-source/pixel-characters/roster-v4/rowan/rig.json
직업 인물,rowan,로웬,인간,설비 기술자,hurt,피격,SE,있음,8,7,기존 원화 관절 변형,SW 좌우 반전,미완료,검수 대기,art-source/pixel-characters/roster-v4/rowan/rig.json
직업 인물,rowan,로웬,인간,설비 기술자,defeat,쓰러짐,SW,있음,16,16,기존 원화 관절 변형,해당 시점 원화,미완료,검수 대기,art-source/pixel-characters/roster-v4/rowan/rig.json
직업 인물,rowan,로웬,인간,설비 기술자,defeat,쓰러짐,NW,있음,16,16,기존 원화 관절 변형,해당 시점 원화,미완료,검수 대기,art-source/pixel-characters/roster-v4/rowan/rig.json
직업 인물,rowan,로웬,인간,설비 기술자,defeat,쓰러짐,NE,있음,16,16,기존 원화 관절 변형,NW 좌우 반전,미완료,검수 대기,art-source/pixel-characters/roster-v4/rowan/rig.json
직업 인물,rowan,로웬,인간,설비 기술자,defeat,쓰러짐,SE,있음,16,16,기존 원화 관절 변형,SW 좌우 반전,미완료,검수 대기,art-source/pixel-characters/roster-v4/rowan/rig.json
직업 인물,rowan,로웬,인간,설비 기술자,turn,회전,SW,있음,8,4,기존 원화 관절 변형,해당 시점 원화,미완료,검수 대기,art-source/pixel-characters/roster-v4/rowan/rig.json
직업 인물,rowan,로웬,인간,설비 기술자,turn,회전,NW,있음,8,4,기존 원화 관절 변형,해당 시점 원화,미완료,검수 대기,art-source/pixel-characters/roster-v4/rowan/rig.json
직업 인물,rowan,로웬,인간,설비 기술자,turn,회전,NE,있음,8,4,기존 원화 관절 변형,NW 좌우 반전,미완료,검수 대기,art-source/pixel-characters/roster-v4/rowan/rig.json
직업 인물,rowan,로웬,인간,설비 기술자,turn,회전,SE,있음,8,4,기존 원화 관절 변형,SW 좌우 반전,미완료,검수 대기,art-source/pixel-characters/roster-v4/rowan/rig.json
직업 인물,hana,하나,인간,제빵사,idle,대기,SW,있음,8,2,기존 원화 관절 변형,해당 시점 원화,미완료,검수 대기,art-source/pixel-characters/roster-v4/hana/rig.json
직업 인물,hana,하나,인간,제빵사,idle,대기,NW,있음,8,2,기존 원화 관절 변형,해당 시점 원화,미완료,검수 대기,art-source/pixel-characters/roster-v4/hana/rig.json
직업 인물,hana,하나,인간,제빵사,idle,대기,NE,있음,8,2,기존 원화 관절 변형,NW 좌우 반전,미완료,검수 대기,art-source/pixel-characters/roster-v4/hana/rig.json
직업 인물,hana,하나,인간,제빵사,idle,대기,SE,있음,8,2,기존 원화 관절 변형,SW 좌우 반전,미완료,검수 대기,art-source/pixel-characters/roster-v4/hana/rig.json
직업 인물,hana,하나,인간,제빵사,walk,걷기·이동,SW,있음,32,32,기존 원화 관절 변형,해당 시점 원화,미완료,검수 대기,art-source/pixel-characters/roster-v4/hana/rig.json
직업 인물,hana,하나,인간,제빵사,walk,걷기·이동,NW,있음,32,32,기존 원화 관절 변형,해당 시점 원화,미완료,검수 대기,art-source/pixel-characters/roster-v4/hana/rig.json
직업 인물,hana,하나,인간,제빵사,walk,걷기·이동,NE,있음,32,32,기존 원화 관절 변형,NW 좌우 반전,미완료,검수 대기,art-source/pixel-characters/roster-v4/hana/rig.json
직업 인물,hana,하나,인간,제빵사,walk,걷기·이동,SE,있음,32,32,기존 원화 관절 변형,SW 좌우 반전,미완료,검수 대기,art-source/pixel-characters/roster-v4/hana/rig.json
직업 인물,hana,하나,인간,제빵사,carry,운반,SW,있음,32,32,기존 원화 관절 변형,해당 시점 원화,미완료,검수 대기,art-source/pixel-characters/roster-v4/hana/rig.json
직업 인물,hana,하나,인간,제빵사,carry,운반,NW,있음,32,32,기존 원화 관절 변형,해당 시점 원화,미완료,검수 대기,art-source/pixel-characters/roster-v4/hana/rig.json
직업 인물,hana,하나,인간,제빵사,carry,운반,NE,있음,32,32,기존 원화 관절 변형,NW 좌우 반전,미완료,검수 대기,art-source/pixel-characters/roster-v4/hana/rig.json
직업 인물,hana,하나,인간,제빵사,carry,운반,SE,있음,32,32,기존 원화 관절 변형,SW 좌우 반전,미완료,검수 대기,art-source/pixel-characters/roster-v4/hana/rig.json
직업 인물,hana,하나,인간,제빵사,work,작업,SW,있음,20,18,기존 원화 관절 변형,해당 시점 원화,미완료,검수 대기,art-source/pixel-characters/roster-v4/hana/rig.json
직업 인물,hana,하나,인간,제빵사,work,작업,NW,있음,20,18,기존 원화 관절 변형,해당 시점 원화,미완료,검수 대기,art-source/pixel-characters/roster-v4/hana/rig.json
직업 인물,hana,하나,인간,제빵사,work,작업,NE,있음,20,18,기존 원화 관절 변형,NW 좌우 반전,미완료,검수 대기,art-source/pixel-characters/roster-v4/hana/rig.json
직업 인물,hana,하나,인간,제빵사,work,작업,SE,있음,20,18,기존 원화 관절 변형,SW 좌우 반전,미완료,검수 대기,art-source/pixel-characters/roster-v4/hana/rig.json
직업 인물,hana,하나,인간,제빵사,pickup,들기,SW,있음,12,12,독립 관절 동작,해당 시점 원화,미완료,검수 대기,art-source/pixel-characters/roster-v4/hana/rig.json
직업 인물,hana,하나,인간,제빵사,pickup,들기,NW,있음,12,12,독립 관절 동작,해당 시점 원화,미완료,검수 대기,art-source/pixel-characters/roster-v4/hana/rig.json
직업 인물,hana,하나,인간,제빵사,pickup,들기,NE,있음,12,12,독립 관절 동작,NW 좌우 반전,미완료,검수 대기,art-source/pixel-characters/roster-v4/hana/rig.json
직업 인물,hana,하나,인간,제빵사,pickup,들기,SE,있음,12,12,독립 관절 동작,SW 좌우 반전,미완료,검수 대기,art-source/pixel-characters/roster-v4/hana/rig.json
직업 인물,hana,하나,인간,제빵사,drop,놓기,SW,있음,12,12,독립 관절 동작,해당 시점 원화,미완료,검수 대기,art-source/pixel-characters/roster-v4/hana/rig.json
직업 인물,hana,하나,인간,제빵사,drop,놓기,NW,있음,12,12,독립 관절 동작,해당 시점 원화,미완료,검수 대기,art-source/pixel-characters/roster-v4/hana/rig.json
직업 인물,hana,하나,인간,제빵사,drop,놓기,NE,있음,12,12,독립 관절 동작,NW 좌우 반전,미완료,검수 대기,art-source/pixel-characters/roster-v4/hana/rig.json
직업 인물,hana,하나,인간,제빵사,drop,놓기,SE,있음,12,12,독립 관절 동작,SW 좌우 반전,미완료,검수 대기,art-source/pixel-characters/roster-v4/hana/rig.json
직업 인물,hana,하나,인간,제빵사,greet,인사,SW,있음,12,11,기존 원화 관절 변형,해당 시점 원화,미완료,검수 대기,art-source/pixel-characters/roster-v4/hana/rig.json
직업 인물,hana,하나,인간,제빵사,greet,인사,NW,있음,12,11,기존 원화 관절 변형,해당 시점 원화,미완료,검수 대기,art-source/pixel-characters/roster-v4/hana/rig.json
직업 인물,hana,하나,인간,제빵사,greet,인사,NE,있음,12,11,기존 원화 관절 변형,NW 좌우 반전,미완료,검수 대기,art-source/pixel-characters/roster-v4/hana/rig.json
직업 인물,hana,하나,인간,제빵사,greet,인사,SE,있음,12,11,기존 원화 관절 변형,SW 좌우 반전,미완료,검수 대기,art-source/pixel-characters/roster-v4/hana/rig.json
직업 인물,hana,하나,인간,제빵사,attack,공격,SW,있음,12,11,기존 원화 관절 변형,해당 시점 원화,미완료,검수 대기,art-source/pixel-characters/roster-v4/hana/rig.json
직업 인물,hana,하나,인간,제빵사,attack,공격,NW,있음,12,11,기존 원화 관절 변형,해당 시점 원화,미완료,검수 대기,art-source/pixel-characters/roster-v4/hana/rig.json
직업 인물,hana,하나,인간,제빵사,attack,공격,NE,있음,12,11,기존 원화 관절 변형,NW 좌우 반전,미완료,검수 대기,art-source/pixel-characters/roster-v4/hana/rig.json
직업 인물,hana,하나,인간,제빵사,attack,공격,SE,있음,12,11,기존 원화 관절 변형,SW 좌우 반전,미완료,검수 대기,art-source/pixel-characters/roster-v4/hana/rig.json
직업 인물,hana,하나,인간,제빵사,hurt,피격,SW,있음,8,7,기존 원화 관절 변형,해당 시점 원화,미완료,검수 대기,art-source/pixel-characters/roster-v4/hana/rig.json
직업 인물,hana,하나,인간,제빵사,hurt,피격,NW,있음,8,7,기존 원화 관절 변형,해당 시점 원화,미완료,검수 대기,art-source/pixel-characters/roster-v4/hana/rig.json
직업 인물,hana,하나,인간,제빵사,hurt,피격,NE,있음,8,7,기존 원화 관절 변형,NW 좌우 반전,미완료,검수 대기,art-source/pixel-characters/roster-v4/hana/rig.json
직업 인물,hana,하나,인간,제빵사,hurt,피격,SE,있음,8,7,기존 원화 관절 변형,SW 좌우 반전,미완료,검수 대기,art-source/pixel-characters/roster-v4/hana/rig.json
직업 인물,hana,하나,인간,제빵사,defeat,쓰러짐,SW,있음,16,16,기존 원화 관절 변형,해당 시점 원화,미완료,검수 대기,art-source/pixel-characters/roster-v4/hana/rig.json
직업 인물,hana,하나,인간,제빵사,defeat,쓰러짐,NW,있음,16,16,기존 원화 관절 변형,해당 시점 원화,미완료,검수 대기,art-source/pixel-characters/roster-v4/hana/rig.json
직업 인물,hana,하나,인간,제빵사,defeat,쓰러짐,NE,있음,16,16,기존 원화 관절 변형,NW 좌우 반전,미완료,검수 대기,art-source/pixel-characters/roster-v4/hana/rig.json
직업 인물,hana,하나,인간,제빵사,defeat,쓰러짐,SE,있음,16,16,기존 원화 관절 변형,SW 좌우 반전,미완료,검수 대기,art-source/pixel-characters/roster-v4/hana/rig.json
직업 인물,hana,하나,인간,제빵사,turn,회전,SW,있음,8,4,기존 원화 관절 변형,해당 시점 원화,미완료,검수 대기,art-source/pixel-characters/roster-v4/hana/rig.json
직업 인물,hana,하나,인간,제빵사,turn,회전,NW,있음,8,4,기존 원화 관절 변형,해당 시점 원화,미완료,검수 대기,art-source/pixel-characters/roster-v4/hana/rig.json
직업 인물,hana,하나,인간,제빵사,turn,회전,NE,있음,8,4,기존 원화 관절 변형,NW 좌우 반전,미완료,검수 대기,art-source/pixel-characters/roster-v4/hana/rig.json
직업 인물,hana,하나,인간,제빵사,turn,회전,SE,있음,8,4,기존 원화 관절 변형,SW 좌우 반전,미완료,검수 대기,art-source/pixel-characters/roster-v4/hana/rig.json
직업 인물,ethan,에단,인간,재배사,idle,대기,SW,있음,8,2,기존 원화 관절 변형,해당 시점 원화,미완료,검수 대기,art-source/pixel-characters/roster-v4/ethan/rig.json
직업 인물,ethan,에단,인간,재배사,idle,대기,NW,있음,8,2,기존 원화 관절 변형,해당 시점 원화,미완료,검수 대기,art-source/pixel-characters/roster-v4/ethan/rig.json
직업 인물,ethan,에단,인간,재배사,idle,대기,NE,있음,8,2,기존 원화 관절 변형,NW 좌우 반전,미완료,검수 대기,art-source/pixel-characters/roster-v4/ethan/rig.json
직업 인물,ethan,에단,인간,재배사,idle,대기,SE,있음,8,2,기존 원화 관절 변형,SW 좌우 반전,미완료,검수 대기,art-source/pixel-characters/roster-v4/ethan/rig.json
직업 인물,ethan,에단,인간,재배사,walk,걷기·이동,SW,있음,32,32,기존 원화 관절 변형,해당 시점 원화,미완료,검수 대기,art-source/pixel-characters/roster-v4/ethan/rig.json
직업 인물,ethan,에단,인간,재배사,walk,걷기·이동,NW,있음,32,32,기존 원화 관절 변형,해당 시점 원화,미완료,검수 대기,art-source/pixel-characters/roster-v4/ethan/rig.json
직업 인물,ethan,에단,인간,재배사,walk,걷기·이동,NE,있음,32,32,기존 원화 관절 변형,NW 좌우 반전,미완료,검수 대기,art-source/pixel-characters/roster-v4/ethan/rig.json
직업 인물,ethan,에단,인간,재배사,walk,걷기·이동,SE,있음,32,32,기존 원화 관절 변형,SW 좌우 반전,미완료,검수 대기,art-source/pixel-characters/roster-v4/ethan/rig.json
직업 인물,ethan,에단,인간,재배사,carry,운반,SW,있음,32,32,기존 원화 관절 변형,해당 시점 원화,미완료,검수 대기,art-source/pixel-characters/roster-v4/ethan/rig.json
직업 인물,ethan,에단,인간,재배사,carry,운반,NW,있음,32,32,기존 원화 관절 변형,해당 시점 원화,미완료,검수 대기,art-source/pixel-characters/roster-v4/ethan/rig.json
직업 인물,ethan,에단,인간,재배사,carry,운반,NE,있음,32,32,기존 원화 관절 변형,NW 좌우 반전,미완료,검수 대기,art-source/pixel-characters/roster-v4/ethan/rig.json
직업 인물,ethan,에단,인간,재배사,carry,운반,SE,있음,32,32,기존 원화 관절 변형,SW 좌우 반전,미완료,검수 대기,art-source/pixel-characters/roster-v4/ethan/rig.json
직업 인물,ethan,에단,인간,재배사,work,작업,SW,있음,20,18,기존 원화 관절 변형,해당 시점 원화,미완료,검수 대기,art-source/pixel-characters/roster-v4/ethan/rig.json
직업 인물,ethan,에단,인간,재배사,work,작업,NW,있음,20,18,기존 원화 관절 변형,해당 시점 원화,미완료,검수 대기,art-source/pixel-characters/roster-v4/ethan/rig.json
직업 인물,ethan,에단,인간,재배사,work,작업,NE,있음,20,18,기존 원화 관절 변형,NW 좌우 반전,미완료,검수 대기,art-source/pixel-characters/roster-v4/ethan/rig.json
직업 인물,ethan,에단,인간,재배사,work,작업,SE,있음,20,18,기존 원화 관절 변형,SW 좌우 반전,미완료,검수 대기,art-source/pixel-characters/roster-v4/ethan/rig.json
직업 인물,ethan,에단,인간,재배사,pickup,들기,SW,있음,12,12,독립 관절 동작,해당 시점 원화,미완료,검수 대기,art-source/pixel-characters/roster-v4/ethan/rig.json
직업 인물,ethan,에단,인간,재배사,pickup,들기,NW,있음,12,12,독립 관절 동작,해당 시점 원화,미완료,검수 대기,art-source/pixel-characters/roster-v4/ethan/rig.json
직업 인물,ethan,에단,인간,재배사,pickup,들기,NE,있음,12,12,독립 관절 동작,NW 좌우 반전,미완료,검수 대기,art-source/pixel-characters/roster-v4/ethan/rig.json
직업 인물,ethan,에단,인간,재배사,pickup,들기,SE,있음,12,12,독립 관절 동작,SW 좌우 반전,미완료,검수 대기,art-source/pixel-characters/roster-v4/ethan/rig.json
직업 인물,ethan,에단,인간,재배사,drop,놓기,SW,있음,12,12,독립 관절 동작,해당 시점 원화,미완료,검수 대기,art-source/pixel-characters/roster-v4/ethan/rig.json
직업 인물,ethan,에단,인간,재배사,drop,놓기,NW,있음,12,12,독립 관절 동작,해당 시점 원화,미완료,검수 대기,art-source/pixel-characters/roster-v4/ethan/rig.json
직업 인물,ethan,에단,인간,재배사,drop,놓기,NE,있음,12,12,독립 관절 동작,NW 좌우 반전,미완료,검수 대기,art-source/pixel-characters/roster-v4/ethan/rig.json
직업 인물,ethan,에단,인간,재배사,drop,놓기,SE,있음,12,12,독립 관절 동작,SW 좌우 반전,미완료,검수 대기,art-source/pixel-characters/roster-v4/ethan/rig.json
직업 인물,ethan,에단,인간,재배사,greet,인사,SW,있음,12,11,기존 원화 관절 변형,해당 시점 원화,미완료,검수 대기,art-source/pixel-characters/roster-v4/ethan/rig.json
직업 인물,ethan,에단,인간,재배사,greet,인사,NW,있음,12,11,기존 원화 관절 변형,해당 시점 원화,미완료,검수 대기,art-source/pixel-characters/roster-v4/ethan/rig.json
직업 인물,ethan,에단,인간,재배사,greet,인사,NE,있음,12,11,기존 원화 관절 변형,NW 좌우 반전,미완료,검수 대기,art-source/pixel-characters/roster-v4/ethan/rig.json
직업 인물,ethan,에단,인간,재배사,greet,인사,SE,있음,12,11,기존 원화 관절 변형,SW 좌우 반전,미완료,검수 대기,art-source/pixel-characters/roster-v4/ethan/rig.json
직업 인물,ethan,에단,인간,재배사,attack,공격,SW,있음,12,11,기존 원화 관절 변형,해당 시점 원화,미완료,검수 대기,art-source/pixel-characters/roster-v4/ethan/rig.json
직업 인물,ethan,에단,인간,재배사,attack,공격,NW,있음,12,11,기존 원화 관절 변형,해당 시점 원화,미완료,검수 대기,art-source/pixel-characters/roster-v4/ethan/rig.json
직업 인물,ethan,에단,인간,재배사,attack,공격,NE,있음,12,11,기존 원화 관절 변형,NW 좌우 반전,미완료,검수 대기,art-source/pixel-characters/roster-v4/ethan/rig.json
직업 인물,ethan,에단,인간,재배사,attack,공격,SE,있음,12,11,기존 원화 관절 변형,SW 좌우 반전,미완료,검수 대기,art-source/pixel-characters/roster-v4/ethan/rig.json
직업 인물,ethan,에단,인간,재배사,hurt,피격,SW,있음,8,7,기존 원화 관절 변형,해당 시점 원화,미완료,검수 대기,art-source/pixel-characters/roster-v4/ethan/rig.json
직업 인물,ethan,에단,인간,재배사,hurt,피격,NW,있음,8,7,기존 원화 관절 변형,해당 시점 원화,미완료,검수 대기,art-source/pixel-characters/roster-v4/ethan/rig.json
직업 인물,ethan,에단,인간,재배사,hurt,피격,NE,있음,8,7,기존 원화 관절 변형,NW 좌우 반전,미완료,검수 대기,art-source/pixel-characters/roster-v4/ethan/rig.json
직업 인물,ethan,에단,인간,재배사,hurt,피격,SE,있음,8,7,기존 원화 관절 변형,SW 좌우 반전,미완료,검수 대기,art-source/pixel-characters/roster-v4/ethan/rig.json
직업 인물,ethan,에단,인간,재배사,defeat,쓰러짐,SW,있음,16,16,기존 원화 관절 변형,해당 시점 원화,미완료,검수 대기,art-source/pixel-characters/roster-v4/ethan/rig.json
직업 인물,ethan,에단,인간,재배사,defeat,쓰러짐,NW,있음,16,16,기존 원화 관절 변형,해당 시점 원화,미완료,검수 대기,art-source/pixel-characters/roster-v4/ethan/rig.json
직업 인물,ethan,에단,인간,재배사,defeat,쓰러짐,NE,있음,16,16,기존 원화 관절 변형,NW 좌우 반전,미완료,검수 대기,art-source/pixel-characters/roster-v4/ethan/rig.json
직업 인물,ethan,에단,인간,재배사,defeat,쓰러짐,SE,있음,16,16,기존 원화 관절 변형,SW 좌우 반전,미완료,검수 대기,art-source/pixel-characters/roster-v4/ethan/rig.json
직업 인물,ethan,에단,인간,재배사,turn,회전,SW,있음,8,4,기존 원화 관절 변형,해당 시점 원화,미완료,검수 대기,art-source/pixel-characters/roster-v4/ethan/rig.json
직업 인물,ethan,에단,인간,재배사,turn,회전,NW,있음,8,4,기존 원화 관절 변형,해당 시점 원화,미완료,검수 대기,art-source/pixel-characters/roster-v4/ethan/rig.json
직업 인물,ethan,에단,인간,재배사,turn,회전,NE,있음,8,4,기존 원화 관절 변형,NW 좌우 반전,미완료,검수 대기,art-source/pixel-characters/roster-v4/ethan/rig.json
직업 인물,ethan,에단,인간,재배사,turn,회전,SE,있음,8,4,기존 원화 관절 변형,SW 좌우 반전,미완료,검수 대기,art-source/pixel-characters/roster-v4/ethan/rig.json
직업 인물,vera,베라,인간,의료 연구원,idle,대기,SW,있음,8,2,기존 원화 관절 변형,해당 시점 원화,미완료,검수 대기,art-source/pixel-characters/roster-v4/vera/rig.json
직업 인물,vera,베라,인간,의료 연구원,idle,대기,NW,있음,8,2,기존 원화 관절 변형,해당 시점 원화,미완료,검수 대기,art-source/pixel-characters/roster-v4/vera/rig.json
직업 인물,vera,베라,인간,의료 연구원,idle,대기,NE,있음,8,2,기존 원화 관절 변형,NW 좌우 반전,미완료,검수 대기,art-source/pixel-characters/roster-v4/vera/rig.json
직업 인물,vera,베라,인간,의료 연구원,idle,대기,SE,있음,8,2,기존 원화 관절 변형,SW 좌우 반전,미완료,검수 대기,art-source/pixel-characters/roster-v4/vera/rig.json
직업 인물,vera,베라,인간,의료 연구원,walk,걷기·이동,SW,있음,32,32,기존 원화 관절 변형,해당 시점 원화,미완료,검수 대기,art-source/pixel-characters/roster-v4/vera/rig.json
직업 인물,vera,베라,인간,의료 연구원,walk,걷기·이동,NW,있음,32,32,기존 원화 관절 변형,해당 시점 원화,미완료,검수 대기,art-source/pixel-characters/roster-v4/vera/rig.json
직업 인물,vera,베라,인간,의료 연구원,walk,걷기·이동,NE,있음,32,32,기존 원화 관절 변형,NW 좌우 반전,미완료,검수 대기,art-source/pixel-characters/roster-v4/vera/rig.json
직업 인물,vera,베라,인간,의료 연구원,walk,걷기·이동,SE,있음,32,32,기존 원화 관절 변형,SW 좌우 반전,미완료,검수 대기,art-source/pixel-characters/roster-v4/vera/rig.json
직업 인물,vera,베라,인간,의료 연구원,carry,운반,SW,있음,32,32,기존 원화 관절 변형,해당 시점 원화,미완료,검수 대기,art-source/pixel-characters/roster-v4/vera/rig.json
직업 인물,vera,베라,인간,의료 연구원,carry,운반,NW,있음,32,32,기존 원화 관절 변형,해당 시점 원화,미완료,검수 대기,art-source/pixel-characters/roster-v4/vera/rig.json
직업 인물,vera,베라,인간,의료 연구원,carry,운반,NE,있음,32,32,기존 원화 관절 변형,NW 좌우 반전,미완료,검수 대기,art-source/pixel-characters/roster-v4/vera/rig.json
직업 인물,vera,베라,인간,의료 연구원,carry,운반,SE,있음,32,32,기존 원화 관절 변형,SW 좌우 반전,미완료,검수 대기,art-source/pixel-characters/roster-v4/vera/rig.json
직업 인물,vera,베라,인간,의료 연구원,work,작업,SW,있음,20,20,기존 원화 관절 변형,해당 시점 원화,미완료,검수 대기,art-source/pixel-characters/roster-v4/vera/rig.json
직업 인물,vera,베라,인간,의료 연구원,work,작업,NW,있음,20,20,기존 원화 관절 변형,해당 시점 원화,미완료,검수 대기,art-source/pixel-characters/roster-v4/vera/rig.json
직업 인물,vera,베라,인간,의료 연구원,work,작업,NE,있음,20,20,기존 원화 관절 변형,NW 좌우 반전,미완료,검수 대기,art-source/pixel-characters/roster-v4/vera/rig.json
직업 인물,vera,베라,인간,의료 연구원,work,작업,SE,있음,20,20,기존 원화 관절 변형,SW 좌우 반전,미완료,검수 대기,art-source/pixel-characters/roster-v4/vera/rig.json
직업 인물,vera,베라,인간,의료 연구원,pickup,들기,SW,있음,12,12,독립 관절 동작,해당 시점 원화,미완료,검수 대기,art-source/pixel-characters/roster-v4/vera/rig.json
직업 인물,vera,베라,인간,의료 연구원,pickup,들기,NW,있음,12,12,독립 관절 동작,해당 시점 원화,미완료,검수 대기,art-source/pixel-characters/roster-v4/vera/rig.json
직업 인물,vera,베라,인간,의료 연구원,pickup,들기,NE,있음,12,12,독립 관절 동작,NW 좌우 반전,미완료,검수 대기,art-source/pixel-characters/roster-v4/vera/rig.json
직업 인물,vera,베라,인간,의료 연구원,pickup,들기,SE,있음,12,12,독립 관절 동작,SW 좌우 반전,미완료,검수 대기,art-source/pixel-characters/roster-v4/vera/rig.json
직업 인물,vera,베라,인간,의료 연구원,drop,놓기,SW,있음,12,12,독립 관절 동작,해당 시점 원화,미완료,검수 대기,art-source/pixel-characters/roster-v4/vera/rig.json
직업 인물,vera,베라,인간,의료 연구원,drop,놓기,NW,있음,12,12,독립 관절 동작,해당 시점 원화,미완료,검수 대기,art-source/pixel-characters/roster-v4/vera/rig.json
직업 인물,vera,베라,인간,의료 연구원,drop,놓기,NE,있음,12,12,독립 관절 동작,NW 좌우 반전,미완료,검수 대기,art-source/pixel-characters/roster-v4/vera/rig.json
직업 인물,vera,베라,인간,의료 연구원,drop,놓기,SE,있음,12,12,독립 관절 동작,SW 좌우 반전,미완료,검수 대기,art-source/pixel-characters/roster-v4/vera/rig.json
직업 인물,vera,베라,인간,의료 연구원,greet,인사,SW,있음,12,11,기존 원화 관절 변형,해당 시점 원화,미완료,검수 대기,art-source/pixel-characters/roster-v4/vera/rig.json
직업 인물,vera,베라,인간,의료 연구원,greet,인사,NW,있음,12,11,기존 원화 관절 변형,해당 시점 원화,미완료,검수 대기,art-source/pixel-characters/roster-v4/vera/rig.json
직업 인물,vera,베라,인간,의료 연구원,greet,인사,NE,있음,12,11,기존 원화 관절 변형,NW 좌우 반전,미완료,검수 대기,art-source/pixel-characters/roster-v4/vera/rig.json
직업 인물,vera,베라,인간,의료 연구원,greet,인사,SE,있음,12,11,기존 원화 관절 변형,SW 좌우 반전,미완료,검수 대기,art-source/pixel-characters/roster-v4/vera/rig.json
직업 인물,vera,베라,인간,의료 연구원,attack,공격,SW,있음,12,11,기존 원화 관절 변형,해당 시점 원화,미완료,검수 대기,art-source/pixel-characters/roster-v4/vera/rig.json
직업 인물,vera,베라,인간,의료 연구원,attack,공격,NW,있음,12,11,기존 원화 관절 변형,해당 시점 원화,미완료,검수 대기,art-source/pixel-characters/roster-v4/vera/rig.json
직업 인물,vera,베라,인간,의료 연구원,attack,공격,NE,있음,12,11,기존 원화 관절 변형,NW 좌우 반전,미완료,검수 대기,art-source/pixel-characters/roster-v4/vera/rig.json
직업 인물,vera,베라,인간,의료 연구원,attack,공격,SE,있음,12,11,기존 원화 관절 변형,SW 좌우 반전,미완료,검수 대기,art-source/pixel-characters/roster-v4/vera/rig.json
직업 인물,vera,베라,인간,의료 연구원,hurt,피격,SW,있음,8,7,기존 원화 관절 변형,해당 시점 원화,미완료,검수 대기,art-source/pixel-characters/roster-v4/vera/rig.json
직업 인물,vera,베라,인간,의료 연구원,hurt,피격,NW,있음,8,7,기존 원화 관절 변형,해당 시점 원화,미완료,검수 대기,art-source/pixel-characters/roster-v4/vera/rig.json
직업 인물,vera,베라,인간,의료 연구원,hurt,피격,NE,있음,8,7,기존 원화 관절 변형,NW 좌우 반전,미완료,검수 대기,art-source/pixel-characters/roster-v4/vera/rig.json
직업 인물,vera,베라,인간,의료 연구원,hurt,피격,SE,있음,8,7,기존 원화 관절 변형,SW 좌우 반전,미완료,검수 대기,art-source/pixel-characters/roster-v4/vera/rig.json
직업 인물,vera,베라,인간,의료 연구원,defeat,쓰러짐,SW,있음,16,16,기존 원화 관절 변형,해당 시점 원화,미완료,검수 대기,art-source/pixel-characters/roster-v4/vera/rig.json
직업 인물,vera,베라,인간,의료 연구원,defeat,쓰러짐,NW,있음,16,16,기존 원화 관절 변형,해당 시점 원화,미완료,검수 대기,art-source/pixel-characters/roster-v4/vera/rig.json
직업 인물,vera,베라,인간,의료 연구원,defeat,쓰러짐,NE,있음,16,16,기존 원화 관절 변형,NW 좌우 반전,미완료,검수 대기,art-source/pixel-characters/roster-v4/vera/rig.json
직업 인물,vera,베라,인간,의료 연구원,defeat,쓰러짐,SE,있음,16,16,기존 원화 관절 변형,SW 좌우 반전,미완료,검수 대기,art-source/pixel-characters/roster-v4/vera/rig.json
직업 인물,vera,베라,인간,의료 연구원,turn,회전,SW,있음,8,4,기존 원화 관절 변형,해당 시점 원화,미완료,검수 대기,art-source/pixel-characters/roster-v4/vera/rig.json
직업 인물,vera,베라,인간,의료 연구원,turn,회전,NW,있음,8,4,기존 원화 관절 변형,해당 시점 원화,미완료,검수 대기,art-source/pixel-characters/roster-v4/vera/rig.json
직업 인물,vera,베라,인간,의료 연구원,turn,회전,NE,있음,8,4,기존 원화 관절 변형,NW 좌우 반전,미완료,검수 대기,art-source/pixel-characters/roster-v4/vera/rig.json
직업 인물,vera,베라,인간,의료 연구원,turn,회전,SE,있음,8,4,기존 원화 관절 변형,SW 좌우 반전,미완료,검수 대기,art-source/pixel-characters/roster-v4/vera/rig.json
직업 인물,nara,나라,인간,재봉사,idle,대기,SW,있음,8,2,기존 원화 관절 변형,해당 시점 원화,미완료,검수 대기,art-source/pixel-characters/professions-v5/nara/rig.json
직업 인물,nara,나라,인간,재봉사,idle,대기,NW,있음,8,2,기존 원화 관절 변형,해당 시점 원화,미완료,검수 대기,art-source/pixel-characters/professions-v5/nara/rig.json
직업 인물,nara,나라,인간,재봉사,idle,대기,NE,있음,8,2,기존 원화 관절 변형,NW 좌우 반전,미완료,검수 대기,art-source/pixel-characters/professions-v5/nara/rig.json
직업 인물,nara,나라,인간,재봉사,idle,대기,SE,있음,8,2,기존 원화 관절 변형,SW 좌우 반전,미완료,검수 대기,art-source/pixel-characters/professions-v5/nara/rig.json
직업 인물,nara,나라,인간,재봉사,walk,걷기·이동,SW,있음,32,32,기존 원화 관절 변형,해당 시점 원화,미완료,검수 대기,art-source/pixel-characters/professions-v5/nara/rig.json
직업 인물,nara,나라,인간,재봉사,walk,걷기·이동,NW,있음,32,32,기존 원화 관절 변형,해당 시점 원화,미완료,검수 대기,art-source/pixel-characters/professions-v5/nara/rig.json
직업 인물,nara,나라,인간,재봉사,walk,걷기·이동,NE,있음,32,32,기존 원화 관절 변형,NW 좌우 반전,미완료,검수 대기,art-source/pixel-characters/professions-v5/nara/rig.json
직업 인물,nara,나라,인간,재봉사,walk,걷기·이동,SE,있음,32,32,기존 원화 관절 변형,SW 좌우 반전,미완료,검수 대기,art-source/pixel-characters/professions-v5/nara/rig.json
직업 인물,nara,나라,인간,재봉사,carry,운반,SW,있음,32,32,기존 원화 관절 변형,해당 시점 원화,미완료,검수 대기,art-source/pixel-characters/professions-v5/nara/rig.json
직업 인물,nara,나라,인간,재봉사,carry,운반,NW,있음,32,32,기존 원화 관절 변형,해당 시점 원화,미완료,검수 대기,art-source/pixel-characters/professions-v5/nara/rig.json
직업 인물,nara,나라,인간,재봉사,carry,운반,NE,있음,32,32,기존 원화 관절 변형,NW 좌우 반전,미완료,검수 대기,art-source/pixel-characters/professions-v5/nara/rig.json
직업 인물,nara,나라,인간,재봉사,carry,운반,SE,있음,32,32,기존 원화 관절 변형,SW 좌우 반전,미완료,검수 대기,art-source/pixel-characters/professions-v5/nara/rig.json
직업 인물,nara,나라,인간,재봉사,work,작업,SW,있음,20,20,기존 원화 관절 변형,해당 시점 원화,미완료,검수 대기,art-source/pixel-characters/professions-v5/nara/rig.json
직업 인물,nara,나라,인간,재봉사,work,작업,NW,있음,20,20,기존 원화 관절 변형,해당 시점 원화,미완료,검수 대기,art-source/pixel-characters/professions-v5/nara/rig.json
직업 인물,nara,나라,인간,재봉사,work,작업,NE,있음,20,20,기존 원화 관절 변형,NW 좌우 반전,미완료,검수 대기,art-source/pixel-characters/professions-v5/nara/rig.json
직업 인물,nara,나라,인간,재봉사,work,작업,SE,있음,20,20,기존 원화 관절 변형,SW 좌우 반전,미완료,검수 대기,art-source/pixel-characters/professions-v5/nara/rig.json
직업 인물,nara,나라,인간,재봉사,pickup,들기,SW,있음,12,12,독립 관절 동작,해당 시점 원화,미완료,검수 대기,art-source/pixel-characters/professions-v5/nara/rig.json
직업 인물,nara,나라,인간,재봉사,pickup,들기,NW,있음,12,12,독립 관절 동작,해당 시점 원화,미완료,검수 대기,art-source/pixel-characters/professions-v5/nara/rig.json
직업 인물,nara,나라,인간,재봉사,pickup,들기,NE,있음,12,12,독립 관절 동작,NW 좌우 반전,미완료,검수 대기,art-source/pixel-characters/professions-v5/nara/rig.json
직업 인물,nara,나라,인간,재봉사,pickup,들기,SE,있음,12,12,독립 관절 동작,SW 좌우 반전,미완료,검수 대기,art-source/pixel-characters/professions-v5/nara/rig.json
직업 인물,nara,나라,인간,재봉사,drop,놓기,SW,있음,12,12,독립 관절 동작,해당 시점 원화,미완료,검수 대기,art-source/pixel-characters/professions-v5/nara/rig.json
직업 인물,nara,나라,인간,재봉사,drop,놓기,NW,있음,12,12,독립 관절 동작,해당 시점 원화,미완료,검수 대기,art-source/pixel-characters/professions-v5/nara/rig.json
직업 인물,nara,나라,인간,재봉사,drop,놓기,NE,있음,12,12,독립 관절 동작,NW 좌우 반전,미완료,검수 대기,art-source/pixel-characters/professions-v5/nara/rig.json
직업 인물,nara,나라,인간,재봉사,drop,놓기,SE,있음,12,12,독립 관절 동작,SW 좌우 반전,미완료,검수 대기,art-source/pixel-characters/professions-v5/nara/rig.json
직업 인물,nara,나라,인간,재봉사,greet,인사,SW,있음,12,11,기존 원화 관절 변형,해당 시점 원화,미완료,검수 대기,art-source/pixel-characters/professions-v5/nara/rig.json
직업 인물,nara,나라,인간,재봉사,greet,인사,NW,있음,12,11,기존 원화 관절 변형,해당 시점 원화,미완료,검수 대기,art-source/pixel-characters/professions-v5/nara/rig.json
직업 인물,nara,나라,인간,재봉사,greet,인사,NE,있음,12,11,기존 원화 관절 변형,NW 좌우 반전,미완료,검수 대기,art-source/pixel-characters/professions-v5/nara/rig.json
직업 인물,nara,나라,인간,재봉사,greet,인사,SE,있음,12,11,기존 원화 관절 변형,SW 좌우 반전,미완료,검수 대기,art-source/pixel-characters/professions-v5/nara/rig.json
직업 인물,nara,나라,인간,재봉사,attack,공격,SW,있음,12,11,기존 원화 관절 변형,해당 시점 원화,미완료,검수 대기,art-source/pixel-characters/professions-v5/nara/rig.json
직업 인물,nara,나라,인간,재봉사,attack,공격,NW,있음,12,11,기존 원화 관절 변형,해당 시점 원화,미완료,검수 대기,art-source/pixel-characters/professions-v5/nara/rig.json
직업 인물,nara,나라,인간,재봉사,attack,공격,NE,있음,12,11,기존 원화 관절 변형,NW 좌우 반전,미완료,검수 대기,art-source/pixel-characters/professions-v5/nara/rig.json
직업 인물,nara,나라,인간,재봉사,attack,공격,SE,있음,12,11,기존 원화 관절 변형,SW 좌우 반전,미완료,검수 대기,art-source/pixel-characters/professions-v5/nara/rig.json
직업 인물,nara,나라,인간,재봉사,hurt,피격,SW,있음,8,7,기존 원화 관절 변형,해당 시점 원화,미완료,검수 대기,art-source/pixel-characters/professions-v5/nara/rig.json
직업 인물,nara,나라,인간,재봉사,hurt,피격,NW,있음,8,7,기존 원화 관절 변형,해당 시점 원화,미완료,검수 대기,art-source/pixel-characters/professions-v5/nara/rig.json
직업 인물,nara,나라,인간,재봉사,hurt,피격,NE,있음,8,7,기존 원화 관절 변형,NW 좌우 반전,미완료,검수 대기,art-source/pixel-characters/professions-v5/nara/rig.json
직업 인물,nara,나라,인간,재봉사,hurt,피격,SE,있음,8,7,기존 원화 관절 변형,SW 좌우 반전,미완료,검수 대기,art-source/pixel-characters/professions-v5/nara/rig.json
직업 인물,nara,나라,인간,재봉사,defeat,쓰러짐,SW,있음,16,16,기존 원화 관절 변형,해당 시점 원화,미완료,검수 대기,art-source/pixel-characters/professions-v5/nara/rig.json
직업 인물,nara,나라,인간,재봉사,defeat,쓰러짐,NW,있음,16,16,기존 원화 관절 변형,해당 시점 원화,미완료,검수 대기,art-source/pixel-characters/professions-v5/nara/rig.json
직업 인물,nara,나라,인간,재봉사,defeat,쓰러짐,NE,있음,16,16,기존 원화 관절 변형,NW 좌우 반전,미완료,검수 대기,art-source/pixel-characters/professions-v5/nara/rig.json
직업 인물,nara,나라,인간,재봉사,defeat,쓰러짐,SE,있음,16,16,기존 원화 관절 변형,SW 좌우 반전,미완료,검수 대기,art-source/pixel-characters/professions-v5/nara/rig.json
직업 인물,nara,나라,인간,재봉사,turn,회전,SW,있음,8,4,기존 원화 관절 변형,해당 시점 원화,미완료,검수 대기,art-source/pixel-characters/professions-v5/nara/rig.json
직업 인물,nara,나라,인간,재봉사,turn,회전,NW,있음,8,4,기존 원화 관절 변형,해당 시점 원화,미완료,검수 대기,art-source/pixel-characters/professions-v5/nara/rig.json
직업 인물,nara,나라,인간,재봉사,turn,회전,NE,있음,8,4,기존 원화 관절 변형,NW 좌우 반전,미완료,검수 대기,art-source/pixel-characters/professions-v5/nara/rig.json
직업 인물,nara,나라,인간,재봉사,turn,회전,SE,있음,8,4,기존 원화 관절 변형,SW 좌우 반전,미완료,검수 대기,art-source/pixel-characters/professions-v5/nara/rig.json
직업 인물,garron,가론,인간,벌목·목공,idle,대기,SW,있음,8,2,기존 원화 관절 변형,해당 시점 원화,미완료,검수 대기,art-source/pixel-characters/professions-v5/garron/rig.json
직업 인물,garron,가론,인간,벌목·목공,idle,대기,NW,있음,8,2,기존 원화 관절 변형,해당 시점 원화,미완료,검수 대기,art-source/pixel-characters/professions-v5/garron/rig.json
직업 인물,garron,가론,인간,벌목·목공,idle,대기,NE,있음,8,2,기존 원화 관절 변형,NW 좌우 반전,미완료,검수 대기,art-source/pixel-characters/professions-v5/garron/rig.json
직업 인물,garron,가론,인간,벌목·목공,idle,대기,SE,있음,8,2,기존 원화 관절 변형,SW 좌우 반전,미완료,검수 대기,art-source/pixel-characters/professions-v5/garron/rig.json
직업 인물,garron,가론,인간,벌목·목공,walk,걷기·이동,SW,있음,32,32,기존 원화 관절 변형,해당 시점 원화,미완료,검수 대기,art-source/pixel-characters/professions-v5/garron/rig.json
직업 인물,garron,가론,인간,벌목·목공,walk,걷기·이동,NW,있음,32,32,기존 원화 관절 변형,해당 시점 원화,미완료,검수 대기,art-source/pixel-characters/professions-v5/garron/rig.json
직업 인물,garron,가론,인간,벌목·목공,walk,걷기·이동,NE,있음,32,32,기존 원화 관절 변형,NW 좌우 반전,미완료,검수 대기,art-source/pixel-characters/professions-v5/garron/rig.json
직업 인물,garron,가론,인간,벌목·목공,walk,걷기·이동,SE,있음,32,32,기존 원화 관절 변형,SW 좌우 반전,미완료,검수 대기,art-source/pixel-characters/professions-v5/garron/rig.json
직업 인물,garron,가론,인간,벌목·목공,carry,운반,SW,있음,32,32,기존 원화 관절 변형,해당 시점 원화,미완료,검수 대기,art-source/pixel-characters/professions-v5/garron/rig.json
직업 인물,garron,가론,인간,벌목·목공,carry,운반,NW,있음,32,32,기존 원화 관절 변형,해당 시점 원화,미완료,검수 대기,art-source/pixel-characters/professions-v5/garron/rig.json
직업 인물,garron,가론,인간,벌목·목공,carry,운반,NE,있음,32,32,기존 원화 관절 변형,NW 좌우 반전,미완료,검수 대기,art-source/pixel-characters/professions-v5/garron/rig.json
직업 인물,garron,가론,인간,벌목·목공,carry,운반,SE,있음,32,32,기존 원화 관절 변형,SW 좌우 반전,미완료,검수 대기,art-source/pixel-characters/professions-v5/garron/rig.json
직업 인물,garron,가론,인간,벌목·목공,work,작업,SW,있음,20,18,기존 원화 관절 변형,해당 시점 원화,미완료,검수 대기,art-source/pixel-characters/professions-v5/garron/rig.json
직업 인물,garron,가론,인간,벌목·목공,work,작업,NW,있음,20,18,기존 원화 관절 변형,해당 시점 원화,미완료,검수 대기,art-source/pixel-characters/professions-v5/garron/rig.json
직업 인물,garron,가론,인간,벌목·목공,work,작업,NE,있음,20,18,기존 원화 관절 변형,NW 좌우 반전,미완료,검수 대기,art-source/pixel-characters/professions-v5/garron/rig.json
직업 인물,garron,가론,인간,벌목·목공,work,작업,SE,있음,20,18,기존 원화 관절 변형,SW 좌우 반전,미완료,검수 대기,art-source/pixel-characters/professions-v5/garron/rig.json
직업 인물,garron,가론,인간,벌목·목공,pickup,들기,SW,있음,12,12,독립 관절 동작,해당 시점 원화,미완료,검수 대기,art-source/pixel-characters/professions-v5/garron/rig.json
직업 인물,garron,가론,인간,벌목·목공,pickup,들기,NW,있음,12,12,독립 관절 동작,해당 시점 원화,미완료,검수 대기,art-source/pixel-characters/professions-v5/garron/rig.json
직업 인물,garron,가론,인간,벌목·목공,pickup,들기,NE,있음,12,12,독립 관절 동작,NW 좌우 반전,미완료,검수 대기,art-source/pixel-characters/professions-v5/garron/rig.json
직업 인물,garron,가론,인간,벌목·목공,pickup,들기,SE,있음,12,12,독립 관절 동작,SW 좌우 반전,미완료,검수 대기,art-source/pixel-characters/professions-v5/garron/rig.json
직업 인물,garron,가론,인간,벌목·목공,drop,놓기,SW,있음,12,12,독립 관절 동작,해당 시점 원화,미완료,검수 대기,art-source/pixel-characters/professions-v5/garron/rig.json
직업 인물,garron,가론,인간,벌목·목공,drop,놓기,NW,있음,12,12,독립 관절 동작,해당 시점 원화,미완료,검수 대기,art-source/pixel-characters/professions-v5/garron/rig.json
직업 인물,garron,가론,인간,벌목·목공,drop,놓기,NE,있음,12,12,독립 관절 동작,NW 좌우 반전,미완료,검수 대기,art-source/pixel-characters/professions-v5/garron/rig.json
직업 인물,garron,가론,인간,벌목·목공,drop,놓기,SE,있음,12,12,독립 관절 동작,SW 좌우 반전,미완료,검수 대기,art-source/pixel-characters/professions-v5/garron/rig.json
직업 인물,garron,가론,인간,벌목·목공,greet,인사,SW,있음,12,11,기존 원화 관절 변형,해당 시점 원화,미완료,검수 대기,art-source/pixel-characters/professions-v5/garron/rig.json
직업 인물,garron,가론,인간,벌목·목공,greet,인사,NW,있음,12,11,기존 원화 관절 변형,해당 시점 원화,미완료,검수 대기,art-source/pixel-characters/professions-v5/garron/rig.json
직업 인물,garron,가론,인간,벌목·목공,greet,인사,NE,있음,12,11,기존 원화 관절 변형,NW 좌우 반전,미완료,검수 대기,art-source/pixel-characters/professions-v5/garron/rig.json
직업 인물,garron,가론,인간,벌목·목공,greet,인사,SE,있음,12,11,기존 원화 관절 변형,SW 좌우 반전,미완료,검수 대기,art-source/pixel-characters/professions-v5/garron/rig.json
직업 인물,garron,가론,인간,벌목·목공,attack,공격,SW,있음,12,11,기존 원화 관절 변형,해당 시점 원화,미완료,검수 대기,art-source/pixel-characters/professions-v5/garron/rig.json
직업 인물,garron,가론,인간,벌목·목공,attack,공격,NW,있음,12,11,기존 원화 관절 변형,해당 시점 원화,미완료,검수 대기,art-source/pixel-characters/professions-v5/garron/rig.json
직업 인물,garron,가론,인간,벌목·목공,attack,공격,NE,있음,12,11,기존 원화 관절 변형,NW 좌우 반전,미완료,검수 대기,art-source/pixel-characters/professions-v5/garron/rig.json
직업 인물,garron,가론,인간,벌목·목공,attack,공격,SE,있음,12,11,기존 원화 관절 변형,SW 좌우 반전,미완료,검수 대기,art-source/pixel-characters/professions-v5/garron/rig.json
직업 인물,garron,가론,인간,벌목·목공,hurt,피격,SW,있음,8,7,기존 원화 관절 변형,해당 시점 원화,미완료,검수 대기,art-source/pixel-characters/professions-v5/garron/rig.json
직업 인물,garron,가론,인간,벌목·목공,hurt,피격,NW,있음,8,7,기존 원화 관절 변형,해당 시점 원화,미완료,검수 대기,art-source/pixel-characters/professions-v5/garron/rig.json
직업 인물,garron,가론,인간,벌목·목공,hurt,피격,NE,있음,8,7,기존 원화 관절 변형,NW 좌우 반전,미완료,검수 대기,art-source/pixel-characters/professions-v5/garron/rig.json
직업 인물,garron,가론,인간,벌목·목공,hurt,피격,SE,있음,8,7,기존 원화 관절 변형,SW 좌우 반전,미완료,검수 대기,art-source/pixel-characters/professions-v5/garron/rig.json
직업 인물,garron,가론,인간,벌목·목공,defeat,쓰러짐,SW,있음,16,16,기존 원화 관절 변형,해당 시점 원화,미완료,검수 대기,art-source/pixel-characters/professions-v5/garron/rig.json
직업 인물,garron,가론,인간,벌목·목공,defeat,쓰러짐,NW,있음,16,16,기존 원화 관절 변형,해당 시점 원화,미완료,검수 대기,art-source/pixel-characters/professions-v5/garron/rig.json
직업 인물,garron,가론,인간,벌목·목공,defeat,쓰러짐,NE,있음,16,16,기존 원화 관절 변형,NW 좌우 반전,미완료,검수 대기,art-source/pixel-characters/professions-v5/garron/rig.json
직업 인물,garron,가론,인간,벌목·목공,defeat,쓰러짐,SE,있음,16,16,기존 원화 관절 변형,SW 좌우 반전,미완료,검수 대기,art-source/pixel-characters/professions-v5/garron/rig.json
직업 인물,garron,가론,인간,벌목·목공,turn,회전,SW,있음,8,4,기존 원화 관절 변형,해당 시점 원화,미완료,검수 대기,art-source/pixel-characters/professions-v5/garron/rig.json
직업 인물,garron,가론,인간,벌목·목공,turn,회전,NW,있음,8,4,기존 원화 관절 변형,해당 시점 원화,미완료,검수 대기,art-source/pixel-characters/professions-v5/garron/rig.json
직업 인물,garron,가론,인간,벌목·목공,turn,회전,NE,있음,8,4,기존 원화 관절 변형,NW 좌우 반전,미완료,검수 대기,art-source/pixel-characters/professions-v5/garron/rig.json
직업 인물,garron,가론,인간,벌목·목공,turn,회전,SE,있음,8,4,기존 원화 관절 변형,SW 좌우 반전,미완료,검수 대기,art-source/pixel-characters/professions-v5/garron/rig.json
직업 인물,maren,마렌,인간,어부,idle,대기,SW,있음,8,2,기존 원화 관절 변형,해당 시점 원화,미완료,검수 대기,art-source/pixel-characters/professions-v5/maren/rig.json
직업 인물,maren,마렌,인간,어부,idle,대기,NW,있음,8,2,기존 원화 관절 변형,해당 시점 원화,미완료,검수 대기,art-source/pixel-characters/professions-v5/maren/rig.json
직업 인물,maren,마렌,인간,어부,idle,대기,NE,있음,8,2,기존 원화 관절 변형,NW 좌우 반전,미완료,검수 대기,art-source/pixel-characters/professions-v5/maren/rig.json
직업 인물,maren,마렌,인간,어부,idle,대기,SE,있음,8,2,기존 원화 관절 변형,SW 좌우 반전,미완료,검수 대기,art-source/pixel-characters/professions-v5/maren/rig.json
직업 인물,maren,마렌,인간,어부,walk,걷기·이동,SW,있음,32,32,기존 원화 관절 변형,해당 시점 원화,미완료,검수 대기,art-source/pixel-characters/professions-v5/maren/rig.json
직업 인물,maren,마렌,인간,어부,walk,걷기·이동,NW,있음,32,32,기존 원화 관절 변형,해당 시점 원화,미완료,검수 대기,art-source/pixel-characters/professions-v5/maren/rig.json
직업 인물,maren,마렌,인간,어부,walk,걷기·이동,NE,있음,32,32,기존 원화 관절 변형,NW 좌우 반전,미완료,검수 대기,art-source/pixel-characters/professions-v5/maren/rig.json
직업 인물,maren,마렌,인간,어부,walk,걷기·이동,SE,있음,32,32,기존 원화 관절 변형,SW 좌우 반전,미완료,검수 대기,art-source/pixel-characters/professions-v5/maren/rig.json
직업 인물,maren,마렌,인간,어부,carry,운반,SW,있음,32,32,기존 원화 관절 변형,해당 시점 원화,미완료,검수 대기,art-source/pixel-characters/professions-v5/maren/rig.json
직업 인물,maren,마렌,인간,어부,carry,운반,NW,있음,32,32,기존 원화 관절 변형,해당 시점 원화,미완료,검수 대기,art-source/pixel-characters/professions-v5/maren/rig.json
직업 인물,maren,마렌,인간,어부,carry,운반,NE,있음,32,32,기존 원화 관절 변형,NW 좌우 반전,미완료,검수 대기,art-source/pixel-characters/professions-v5/maren/rig.json
직업 인물,maren,마렌,인간,어부,carry,운반,SE,있음,32,32,기존 원화 관절 변형,SW 좌우 반전,미완료,검수 대기,art-source/pixel-characters/professions-v5/maren/rig.json
직업 인물,maren,마렌,인간,어부,work,작업,SW,있음,20,18,기존 원화 관절 변형,해당 시점 원화,미완료,검수 대기,art-source/pixel-characters/professions-v5/maren/rig.json
직업 인물,maren,마렌,인간,어부,work,작업,NW,있음,20,18,기존 원화 관절 변형,해당 시점 원화,미완료,검수 대기,art-source/pixel-characters/professions-v5/maren/rig.json
직업 인물,maren,마렌,인간,어부,work,작업,NE,있음,20,18,기존 원화 관절 변형,NW 좌우 반전,미완료,검수 대기,art-source/pixel-characters/professions-v5/maren/rig.json
직업 인물,maren,마렌,인간,어부,work,작업,SE,있음,20,18,기존 원화 관절 변형,SW 좌우 반전,미완료,검수 대기,art-source/pixel-characters/professions-v5/maren/rig.json
직업 인물,maren,마렌,인간,어부,pickup,들기,SW,있음,12,12,독립 관절 동작,해당 시점 원화,미완료,검수 대기,art-source/pixel-characters/professions-v5/maren/rig.json
직업 인물,maren,마렌,인간,어부,pickup,들기,NW,있음,12,12,독립 관절 동작,해당 시점 원화,미완료,검수 대기,art-source/pixel-characters/professions-v5/maren/rig.json
직업 인물,maren,마렌,인간,어부,pickup,들기,NE,있음,12,12,독립 관절 동작,NW 좌우 반전,미완료,검수 대기,art-source/pixel-characters/professions-v5/maren/rig.json
직업 인물,maren,마렌,인간,어부,pickup,들기,SE,있음,12,12,독립 관절 동작,SW 좌우 반전,미완료,검수 대기,art-source/pixel-characters/professions-v5/maren/rig.json
직업 인물,maren,마렌,인간,어부,drop,놓기,SW,있음,12,12,독립 관절 동작,해당 시점 원화,미완료,검수 대기,art-source/pixel-characters/professions-v5/maren/rig.json
직업 인물,maren,마렌,인간,어부,drop,놓기,NW,있음,12,12,독립 관절 동작,해당 시점 원화,미완료,검수 대기,art-source/pixel-characters/professions-v5/maren/rig.json
직업 인물,maren,마렌,인간,어부,drop,놓기,NE,있음,12,12,독립 관절 동작,NW 좌우 반전,미완료,검수 대기,art-source/pixel-characters/professions-v5/maren/rig.json
직업 인물,maren,마렌,인간,어부,drop,놓기,SE,있음,12,12,독립 관절 동작,SW 좌우 반전,미완료,검수 대기,art-source/pixel-characters/professions-v5/maren/rig.json
직업 인물,maren,마렌,인간,어부,greet,인사,SW,있음,12,11,기존 원화 관절 변형,해당 시점 원화,미완료,검수 대기,art-source/pixel-characters/professions-v5/maren/rig.json
직업 인물,maren,마렌,인간,어부,greet,인사,NW,있음,12,11,기존 원화 관절 변형,해당 시점 원화,미완료,검수 대기,art-source/pixel-characters/professions-v5/maren/rig.json
직업 인물,maren,마렌,인간,어부,greet,인사,NE,있음,12,11,기존 원화 관절 변형,NW 좌우 반전,미완료,검수 대기,art-source/pixel-characters/professions-v5/maren/rig.json
직업 인물,maren,마렌,인간,어부,greet,인사,SE,있음,12,11,기존 원화 관절 변형,SW 좌우 반전,미완료,검수 대기,art-source/pixel-characters/professions-v5/maren/rig.json
직업 인물,maren,마렌,인간,어부,attack,공격,SW,있음,12,11,기존 원화 관절 변형,해당 시점 원화,미완료,검수 대기,art-source/pixel-characters/professions-v5/maren/rig.json
직업 인물,maren,마렌,인간,어부,attack,공격,NW,있음,12,11,기존 원화 관절 변형,해당 시점 원화,미완료,검수 대기,art-source/pixel-characters/professions-v5/maren/rig.json
직업 인물,maren,마렌,인간,어부,attack,공격,NE,있음,12,11,기존 원화 관절 변형,NW 좌우 반전,미완료,검수 대기,art-source/pixel-characters/professions-v5/maren/rig.json
직업 인물,maren,마렌,인간,어부,attack,공격,SE,있음,12,11,기존 원화 관절 변형,SW 좌우 반전,미완료,검수 대기,art-source/pixel-characters/professions-v5/maren/rig.json
직업 인물,maren,마렌,인간,어부,hurt,피격,SW,있음,8,7,기존 원화 관절 변형,해당 시점 원화,미완료,검수 대기,art-source/pixel-characters/professions-v5/maren/rig.json
직업 인물,maren,마렌,인간,어부,hurt,피격,NW,있음,8,7,기존 원화 관절 변형,해당 시점 원화,미완료,검수 대기,art-source/pixel-characters/professions-v5/maren/rig.json
직업 인물,maren,마렌,인간,어부,hurt,피격,NE,있음,8,7,기존 원화 관절 변형,NW 좌우 반전,미완료,검수 대기,art-source/pixel-characters/professions-v5/maren/rig.json
직업 인물,maren,마렌,인간,어부,hurt,피격,SE,있음,8,7,기존 원화 관절 변형,SW 좌우 반전,미완료,검수 대기,art-source/pixel-characters/professions-v5/maren/rig.json
직업 인물,maren,마렌,인간,어부,defeat,쓰러짐,SW,있음,16,16,기존 원화 관절 변형,해당 시점 원화,미완료,검수 대기,art-source/pixel-characters/professions-v5/maren/rig.json
직업 인물,maren,마렌,인간,어부,defeat,쓰러짐,NW,있음,16,16,기존 원화 관절 변형,해당 시점 원화,미완료,검수 대기,art-source/pixel-characters/professions-v5/maren/rig.json
직업 인물,maren,마렌,인간,어부,defeat,쓰러짐,NE,있음,16,16,기존 원화 관절 변형,NW 좌우 반전,미완료,검수 대기,art-source/pixel-characters/professions-v5/maren/rig.json
직업 인물,maren,마렌,인간,어부,defeat,쓰러짐,SE,있음,16,16,기존 원화 관절 변형,SW 좌우 반전,미완료,검수 대기,art-source/pixel-characters/professions-v5/maren/rig.json
직업 인물,maren,마렌,인간,어부,turn,회전,SW,있음,8,4,기존 원화 관절 변형,해당 시점 원화,미완료,검수 대기,art-source/pixel-characters/professions-v5/maren/rig.json
직업 인물,maren,마렌,인간,어부,turn,회전,NW,있음,8,4,기존 원화 관절 변형,해당 시점 원화,미완료,검수 대기,art-source/pixel-characters/professions-v5/maren/rig.json
직업 인물,maren,마렌,인간,어부,turn,회전,NE,있음,8,4,기존 원화 관절 변형,NW 좌우 반전,미완료,검수 대기,art-source/pixel-characters/professions-v5/maren/rig.json
직업 인물,maren,마렌,인간,어부,turn,회전,SE,있음,8,4,기존 원화 관절 변형,SW 좌우 반전,미완료,검수 대기,art-source/pixel-characters/professions-v5/maren/rig.json
직업 인물,roa,로아,인간,사육사,idle,대기,SW,있음,8,2,기존 원화 관절 변형,해당 시점 원화,미완료,검수 대기,art-source/pixel-characters/professions-v5/roa/rig.json
직업 인물,roa,로아,인간,사육사,idle,대기,NW,있음,8,2,기존 원화 관절 변형,해당 시점 원화,미완료,검수 대기,art-source/pixel-characters/professions-v5/roa/rig.json
직업 인물,roa,로아,인간,사육사,idle,대기,NE,있음,8,2,기존 원화 관절 변형,NW 좌우 반전,미완료,검수 대기,art-source/pixel-characters/professions-v5/roa/rig.json
직업 인물,roa,로아,인간,사육사,idle,대기,SE,있음,8,2,기존 원화 관절 변형,SW 좌우 반전,미완료,검수 대기,art-source/pixel-characters/professions-v5/roa/rig.json
직업 인물,roa,로아,인간,사육사,walk,걷기·이동,SW,있음,32,32,기존 원화 관절 변형,해당 시점 원화,미완료,검수 대기,art-source/pixel-characters/professions-v5/roa/rig.json
직업 인물,roa,로아,인간,사육사,walk,걷기·이동,NW,있음,32,32,기존 원화 관절 변형,해당 시점 원화,미완료,검수 대기,art-source/pixel-characters/professions-v5/roa/rig.json
직업 인물,roa,로아,인간,사육사,walk,걷기·이동,NE,있음,32,32,기존 원화 관절 변형,NW 좌우 반전,미완료,검수 대기,art-source/pixel-characters/professions-v5/roa/rig.json
직업 인물,roa,로아,인간,사육사,walk,걷기·이동,SE,있음,32,32,기존 원화 관절 변형,SW 좌우 반전,미완료,검수 대기,art-source/pixel-characters/professions-v5/roa/rig.json
직업 인물,roa,로아,인간,사육사,carry,운반,SW,있음,32,32,기존 원화 관절 변형,해당 시점 원화,미완료,검수 대기,art-source/pixel-characters/professions-v5/roa/rig.json
직업 인물,roa,로아,인간,사육사,carry,운반,NW,있음,32,32,기존 원화 관절 변형,해당 시점 원화,미완료,검수 대기,art-source/pixel-characters/professions-v5/roa/rig.json
직업 인물,roa,로아,인간,사육사,carry,운반,NE,있음,32,32,기존 원화 관절 변형,NW 좌우 반전,미완료,검수 대기,art-source/pixel-characters/professions-v5/roa/rig.json
직업 인물,roa,로아,인간,사육사,carry,운반,SE,있음,32,32,기존 원화 관절 변형,SW 좌우 반전,미완료,검수 대기,art-source/pixel-characters/professions-v5/roa/rig.json
직업 인물,roa,로아,인간,사육사,work,작업,SW,있음,20,20,기존 원화 관절 변형,해당 시점 원화,미완료,검수 대기,art-source/pixel-characters/professions-v5/roa/rig.json
직업 인물,roa,로아,인간,사육사,work,작업,NW,있음,20,20,기존 원화 관절 변형,해당 시점 원화,미완료,검수 대기,art-source/pixel-characters/professions-v5/roa/rig.json
직업 인물,roa,로아,인간,사육사,work,작업,NE,있음,20,20,기존 원화 관절 변형,NW 좌우 반전,미완료,검수 대기,art-source/pixel-characters/professions-v5/roa/rig.json
직업 인물,roa,로아,인간,사육사,work,작업,SE,있음,20,20,기존 원화 관절 변형,SW 좌우 반전,미완료,검수 대기,art-source/pixel-characters/professions-v5/roa/rig.json
직업 인물,roa,로아,인간,사육사,pickup,들기,SW,있음,12,12,독립 관절 동작,해당 시점 원화,미완료,검수 대기,art-source/pixel-characters/professions-v5/roa/rig.json
직업 인물,roa,로아,인간,사육사,pickup,들기,NW,있음,12,12,독립 관절 동작,해당 시점 원화,미완료,검수 대기,art-source/pixel-characters/professions-v5/roa/rig.json
직업 인물,roa,로아,인간,사육사,pickup,들기,NE,있음,12,12,독립 관절 동작,NW 좌우 반전,미완료,검수 대기,art-source/pixel-characters/professions-v5/roa/rig.json
직업 인물,roa,로아,인간,사육사,pickup,들기,SE,있음,12,12,독립 관절 동작,SW 좌우 반전,미완료,검수 대기,art-source/pixel-characters/professions-v5/roa/rig.json
직업 인물,roa,로아,인간,사육사,drop,놓기,SW,있음,12,12,독립 관절 동작,해당 시점 원화,미완료,검수 대기,art-source/pixel-characters/professions-v5/roa/rig.json
직업 인물,roa,로아,인간,사육사,drop,놓기,NW,있음,12,12,독립 관절 동작,해당 시점 원화,미완료,검수 대기,art-source/pixel-characters/professions-v5/roa/rig.json
직업 인물,roa,로아,인간,사육사,drop,놓기,NE,있음,12,12,독립 관절 동작,NW 좌우 반전,미완료,검수 대기,art-source/pixel-characters/professions-v5/roa/rig.json
직업 인물,roa,로아,인간,사육사,drop,놓기,SE,있음,12,12,독립 관절 동작,SW 좌우 반전,미완료,검수 대기,art-source/pixel-characters/professions-v5/roa/rig.json
직업 인물,roa,로아,인간,사육사,greet,인사,SW,있음,12,11,기존 원화 관절 변형,해당 시점 원화,미완료,검수 대기,art-source/pixel-characters/professions-v5/roa/rig.json
직업 인물,roa,로아,인간,사육사,greet,인사,NW,있음,12,11,기존 원화 관절 변형,해당 시점 원화,미완료,검수 대기,art-source/pixel-characters/professions-v5/roa/rig.json
직업 인물,roa,로아,인간,사육사,greet,인사,NE,있음,12,11,기존 원화 관절 변형,NW 좌우 반전,미완료,검수 대기,art-source/pixel-characters/professions-v5/roa/rig.json
직업 인물,roa,로아,인간,사육사,greet,인사,SE,있음,12,11,기존 원화 관절 변형,SW 좌우 반전,미완료,검수 대기,art-source/pixel-characters/professions-v5/roa/rig.json
직업 인물,roa,로아,인간,사육사,attack,공격,SW,있음,12,11,기존 원화 관절 변형,해당 시점 원화,미완료,검수 대기,art-source/pixel-characters/professions-v5/roa/rig.json
직업 인물,roa,로아,인간,사육사,attack,공격,NW,있음,12,11,기존 원화 관절 변형,해당 시점 원화,미완료,검수 대기,art-source/pixel-characters/professions-v5/roa/rig.json
직업 인물,roa,로아,인간,사육사,attack,공격,NE,있음,12,11,기존 원화 관절 변형,NW 좌우 반전,미완료,검수 대기,art-source/pixel-characters/professions-v5/roa/rig.json
직업 인물,roa,로아,인간,사육사,attack,공격,SE,있음,12,11,기존 원화 관절 변형,SW 좌우 반전,미완료,검수 대기,art-source/pixel-characters/professions-v5/roa/rig.json
직업 인물,roa,로아,인간,사육사,hurt,피격,SW,있음,8,7,기존 원화 관절 변형,해당 시점 원화,미완료,검수 대기,art-source/pixel-characters/professions-v5/roa/rig.json
직업 인물,roa,로아,인간,사육사,hurt,피격,NW,있음,8,7,기존 원화 관절 변형,해당 시점 원화,미완료,검수 대기,art-source/pixel-characters/professions-v5/roa/rig.json
직업 인물,roa,로아,인간,사육사,hurt,피격,NE,있음,8,7,기존 원화 관절 변형,NW 좌우 반전,미완료,검수 대기,art-source/pixel-characters/professions-v5/roa/rig.json
직업 인물,roa,로아,인간,사육사,hurt,피격,SE,있음,8,7,기존 원화 관절 변형,SW 좌우 반전,미완료,검수 대기,art-source/pixel-characters/professions-v5/roa/rig.json
직업 인물,roa,로아,인간,사육사,defeat,쓰러짐,SW,있음,16,16,기존 원화 관절 변형,해당 시점 원화,미완료,검수 대기,art-source/pixel-characters/professions-v5/roa/rig.json
직업 인물,roa,로아,인간,사육사,defeat,쓰러짐,NW,있음,16,16,기존 원화 관절 변형,해당 시점 원화,미완료,검수 대기,art-source/pixel-characters/professions-v5/roa/rig.json
직업 인물,roa,로아,인간,사육사,defeat,쓰러짐,NE,있음,16,16,기존 원화 관절 변형,NW 좌우 반전,미완료,검수 대기,art-source/pixel-characters/professions-v5/roa/rig.json
직업 인물,roa,로아,인간,사육사,defeat,쓰러짐,SE,있음,16,16,기존 원화 관절 변형,SW 좌우 반전,미완료,검수 대기,art-source/pixel-characters/professions-v5/roa/rig.json
직업 인물,roa,로아,인간,사육사,turn,회전,SW,있음,8,4,기존 원화 관절 변형,해당 시점 원화,미완료,검수 대기,art-source/pixel-characters/professions-v5/roa/rig.json
직업 인물,roa,로아,인간,사육사,turn,회전,NW,있음,8,4,기존 원화 관절 변형,해당 시점 원화,미완료,검수 대기,art-source/pixel-characters/professions-v5/roa/rig.json
직업 인물,roa,로아,인간,사육사,turn,회전,NE,있음,8,4,기존 원화 관절 변형,NW 좌우 반전,미완료,검수 대기,art-source/pixel-characters/professions-v5/roa/rig.json
직업 인물,roa,로아,인간,사육사,turn,회전,SE,있음,8,4,기존 원화 관절 변형,SW 좌우 반전,미완료,검수 대기,art-source/pixel-characters/professions-v5/roa/rig.json
직업 인물,cedric,세드릭,인간,마력 기술자,idle,대기,SW,있음,8,2,기존 원화 관절 변형,해당 시점 원화,미완료,검수 대기,art-source/pixel-characters/professions-v5/cedric/rig.json
직업 인물,cedric,세드릭,인간,마력 기술자,idle,대기,NW,있음,8,2,기존 원화 관절 변형,해당 시점 원화,미완료,검수 대기,art-source/pixel-characters/professions-v5/cedric/rig.json
직업 인물,cedric,세드릭,인간,마력 기술자,idle,대기,NE,있음,8,2,기존 원화 관절 변형,NW 좌우 반전,미완료,검수 대기,art-source/pixel-characters/professions-v5/cedric/rig.json
직업 인물,cedric,세드릭,인간,마력 기술자,idle,대기,SE,있음,8,2,기존 원화 관절 변형,SW 좌우 반전,미완료,검수 대기,art-source/pixel-characters/professions-v5/cedric/rig.json
직업 인물,cedric,세드릭,인간,마력 기술자,walk,걷기·이동,SW,있음,32,32,기존 원화 관절 변형,해당 시점 원화,미완료,검수 대기,art-source/pixel-characters/professions-v5/cedric/rig.json
직업 인물,cedric,세드릭,인간,마력 기술자,walk,걷기·이동,NW,있음,32,32,기존 원화 관절 변형,해당 시점 원화,미완료,검수 대기,art-source/pixel-characters/professions-v5/cedric/rig.json
직업 인물,cedric,세드릭,인간,마력 기술자,walk,걷기·이동,NE,있음,32,32,기존 원화 관절 변형,NW 좌우 반전,미완료,검수 대기,art-source/pixel-characters/professions-v5/cedric/rig.json
직업 인물,cedric,세드릭,인간,마력 기술자,walk,걷기·이동,SE,있음,32,32,기존 원화 관절 변형,SW 좌우 반전,미완료,검수 대기,art-source/pixel-characters/professions-v5/cedric/rig.json
직업 인물,cedric,세드릭,인간,마력 기술자,carry,운반,SW,있음,32,32,기존 원화 관절 변형,해당 시점 원화,미완료,검수 대기,art-source/pixel-characters/professions-v5/cedric/rig.json
직업 인물,cedric,세드릭,인간,마력 기술자,carry,운반,NW,있음,32,32,기존 원화 관절 변형,해당 시점 원화,미완료,검수 대기,art-source/pixel-characters/professions-v5/cedric/rig.json
직업 인물,cedric,세드릭,인간,마력 기술자,carry,운반,NE,있음,32,32,기존 원화 관절 변형,NW 좌우 반전,미완료,검수 대기,art-source/pixel-characters/professions-v5/cedric/rig.json
직업 인물,cedric,세드릭,인간,마력 기술자,carry,운반,SE,있음,32,32,기존 원화 관절 변형,SW 좌우 반전,미완료,검수 대기,art-source/pixel-characters/professions-v5/cedric/rig.json
직업 인물,cedric,세드릭,인간,마력 기술자,work,작업,SW,있음,20,20,기존 원화 관절 변형,해당 시점 원화,미완료,검수 대기,art-source/pixel-characters/professions-v5/cedric/rig.json
직업 인물,cedric,세드릭,인간,마력 기술자,work,작업,NW,있음,20,20,기존 원화 관절 변형,해당 시점 원화,미완료,검수 대기,art-source/pixel-characters/professions-v5/cedric/rig.json
직업 인물,cedric,세드릭,인간,마력 기술자,work,작업,NE,있음,20,20,기존 원화 관절 변형,NW 좌우 반전,미완료,검수 대기,art-source/pixel-characters/professions-v5/cedric/rig.json
직업 인물,cedric,세드릭,인간,마력 기술자,work,작업,SE,있음,20,20,기존 원화 관절 변형,SW 좌우 반전,미완료,검수 대기,art-source/pixel-characters/professions-v5/cedric/rig.json
직업 인물,cedric,세드릭,인간,마력 기술자,pickup,들기,SW,있음,12,12,독립 관절 동작,해당 시점 원화,미완료,검수 대기,art-source/pixel-characters/professions-v5/cedric/rig.json
직업 인물,cedric,세드릭,인간,마력 기술자,pickup,들기,NW,있음,12,12,독립 관절 동작,해당 시점 원화,미완료,검수 대기,art-source/pixel-characters/professions-v5/cedric/rig.json
직업 인물,cedric,세드릭,인간,마력 기술자,pickup,들기,NE,있음,12,12,독립 관절 동작,NW 좌우 반전,미완료,검수 대기,art-source/pixel-characters/professions-v5/cedric/rig.json
직업 인물,cedric,세드릭,인간,마력 기술자,pickup,들기,SE,있음,12,12,독립 관절 동작,SW 좌우 반전,미완료,검수 대기,art-source/pixel-characters/professions-v5/cedric/rig.json
직업 인물,cedric,세드릭,인간,마력 기술자,drop,놓기,SW,있음,12,12,독립 관절 동작,해당 시점 원화,미완료,검수 대기,art-source/pixel-characters/professions-v5/cedric/rig.json
직업 인물,cedric,세드릭,인간,마력 기술자,drop,놓기,NW,있음,12,12,독립 관절 동작,해당 시점 원화,미완료,검수 대기,art-source/pixel-characters/professions-v5/cedric/rig.json
직업 인물,cedric,세드릭,인간,마력 기술자,drop,놓기,NE,있음,12,12,독립 관절 동작,NW 좌우 반전,미완료,검수 대기,art-source/pixel-characters/professions-v5/cedric/rig.json
직업 인물,cedric,세드릭,인간,마력 기술자,drop,놓기,SE,있음,12,12,독립 관절 동작,SW 좌우 반전,미완료,검수 대기,art-source/pixel-characters/professions-v5/cedric/rig.json
직업 인물,cedric,세드릭,인간,마력 기술자,greet,인사,SW,있음,12,11,기존 원화 관절 변형,해당 시점 원화,미완료,검수 대기,art-source/pixel-characters/professions-v5/cedric/rig.json
직업 인물,cedric,세드릭,인간,마력 기술자,greet,인사,NW,있음,12,11,기존 원화 관절 변형,해당 시점 원화,미완료,검수 대기,art-source/pixel-characters/professions-v5/cedric/rig.json
직업 인물,cedric,세드릭,인간,마력 기술자,greet,인사,NE,있음,12,11,기존 원화 관절 변형,NW 좌우 반전,미완료,검수 대기,art-source/pixel-characters/professions-v5/cedric/rig.json
직업 인물,cedric,세드릭,인간,마력 기술자,greet,인사,SE,있음,12,11,기존 원화 관절 변형,SW 좌우 반전,미완료,검수 대기,art-source/pixel-characters/professions-v5/cedric/rig.json
직업 인물,cedric,세드릭,인간,마력 기술자,attack,공격,SW,있음,12,11,기존 원화 관절 변형,해당 시점 원화,미완료,검수 대기,art-source/pixel-characters/professions-v5/cedric/rig.json
직업 인물,cedric,세드릭,인간,마력 기술자,attack,공격,NW,있음,12,11,기존 원화 관절 변형,해당 시점 원화,미완료,검수 대기,art-source/pixel-characters/professions-v5/cedric/rig.json
직업 인물,cedric,세드릭,인간,마력 기술자,attack,공격,NE,있음,12,11,기존 원화 관절 변형,NW 좌우 반전,미완료,검수 대기,art-source/pixel-characters/professions-v5/cedric/rig.json
직업 인물,cedric,세드릭,인간,마력 기술자,attack,공격,SE,있음,12,11,기존 원화 관절 변형,SW 좌우 반전,미완료,검수 대기,art-source/pixel-characters/professions-v5/cedric/rig.json
직업 인물,cedric,세드릭,인간,마력 기술자,hurt,피격,SW,있음,8,7,기존 원화 관절 변형,해당 시점 원화,미완료,검수 대기,art-source/pixel-characters/professions-v5/cedric/rig.json
직업 인물,cedric,세드릭,인간,마력 기술자,hurt,피격,NW,있음,8,7,기존 원화 관절 변형,해당 시점 원화,미완료,검수 대기,art-source/pixel-characters/professions-v5/cedric/rig.json
직업 인물,cedric,세드릭,인간,마력 기술자,hurt,피격,NE,있음,8,7,기존 원화 관절 변형,NW 좌우 반전,미완료,검수 대기,art-source/pixel-characters/professions-v5/cedric/rig.json
직업 인물,cedric,세드릭,인간,마력 기술자,hurt,피격,SE,있음,8,7,기존 원화 관절 변형,SW 좌우 반전,미완료,검수 대기,art-source/pixel-characters/professions-v5/cedric/rig.json
직업 인물,cedric,세드릭,인간,마력 기술자,defeat,쓰러짐,SW,있음,16,16,기존 원화 관절 변형,해당 시점 원화,미완료,검수 대기,art-source/pixel-characters/professions-v5/cedric/rig.json
직업 인물,cedric,세드릭,인간,마력 기술자,defeat,쓰러짐,NW,있음,16,16,기존 원화 관절 변형,해당 시점 원화,미완료,검수 대기,art-source/pixel-characters/professions-v5/cedric/rig.json
직업 인물,cedric,세드릭,인간,마력 기술자,defeat,쓰러짐,NE,있음,16,16,기존 원화 관절 변형,NW 좌우 반전,미완료,검수 대기,art-source/pixel-characters/professions-v5/cedric/rig.json
직업 인물,cedric,세드릭,인간,마력 기술자,defeat,쓰러짐,SE,있음,16,16,기존 원화 관절 변형,SW 좌우 반전,미완료,검수 대기,art-source/pixel-characters/professions-v5/cedric/rig.json
직업 인물,cedric,세드릭,인간,마력 기술자,turn,회전,SW,있음,8,4,기존 원화 관절 변형,해당 시점 원화,미완료,검수 대기,art-source/pixel-characters/professions-v5/cedric/rig.json
직업 인물,cedric,세드릭,인간,마력 기술자,turn,회전,NW,있음,8,4,기존 원화 관절 변형,해당 시점 원화,미완료,검수 대기,art-source/pixel-characters/professions-v5/cedric/rig.json
직업 인물,cedric,세드릭,인간,마력 기술자,turn,회전,NE,있음,8,4,기존 원화 관절 변형,NW 좌우 반전,미완료,검수 대기,art-source/pixel-characters/professions-v5/cedric/rig.json
직업 인물,cedric,세드릭,인간,마력 기술자,turn,회전,SE,있음,8,4,기존 원화 관절 변형,SW 좌우 반전,미완료,검수 대기,art-source/pixel-characters/professions-v5/cedric/rig.json
직업 인물,bel,벨,인간,상인,idle,대기,SW,있음,8,2,기존 원화 관절 변형,해당 시점 원화,미완료,검수 대기,art-source/pixel-characters/professions-v5/bel/rig.json
직업 인물,bel,벨,인간,상인,idle,대기,NW,있음,8,2,기존 원화 관절 변형,해당 시점 원화,미완료,검수 대기,art-source/pixel-characters/professions-v5/bel/rig.json
직업 인물,bel,벨,인간,상인,idle,대기,NE,있음,8,2,기존 원화 관절 변형,NW 좌우 반전,미완료,검수 대기,art-source/pixel-characters/professions-v5/bel/rig.json
직업 인물,bel,벨,인간,상인,idle,대기,SE,있음,8,2,기존 원화 관절 변형,SW 좌우 반전,미완료,검수 대기,art-source/pixel-characters/professions-v5/bel/rig.json
직업 인물,bel,벨,인간,상인,walk,걷기·이동,SW,있음,32,32,기존 원화 관절 변형,해당 시점 원화,미완료,검수 대기,art-source/pixel-characters/professions-v5/bel/rig.json
직업 인물,bel,벨,인간,상인,walk,걷기·이동,NW,있음,32,32,기존 원화 관절 변형,해당 시점 원화,미완료,검수 대기,art-source/pixel-characters/professions-v5/bel/rig.json
직업 인물,bel,벨,인간,상인,walk,걷기·이동,NE,있음,32,32,기존 원화 관절 변형,NW 좌우 반전,미완료,검수 대기,art-source/pixel-characters/professions-v5/bel/rig.json
직업 인물,bel,벨,인간,상인,walk,걷기·이동,SE,있음,32,32,기존 원화 관절 변형,SW 좌우 반전,미완료,검수 대기,art-source/pixel-characters/professions-v5/bel/rig.json
직업 인물,bel,벨,인간,상인,carry,운반,SW,있음,32,32,기존 원화 관절 변형,해당 시점 원화,미완료,검수 대기,art-source/pixel-characters/professions-v5/bel/rig.json
직업 인물,bel,벨,인간,상인,carry,운반,NW,있음,32,32,기존 원화 관절 변형,해당 시점 원화,미완료,검수 대기,art-source/pixel-characters/professions-v5/bel/rig.json
직업 인물,bel,벨,인간,상인,carry,운반,NE,있음,32,32,기존 원화 관절 변형,NW 좌우 반전,미완료,검수 대기,art-source/pixel-characters/professions-v5/bel/rig.json
직업 인물,bel,벨,인간,상인,carry,운반,SE,있음,32,32,기존 원화 관절 변형,SW 좌우 반전,미완료,검수 대기,art-source/pixel-characters/professions-v5/bel/rig.json
직업 인물,bel,벨,인간,상인,work,작업,SW,있음,20,20,기존 원화 관절 변형,해당 시점 원화,미완료,검수 대기,art-source/pixel-characters/professions-v5/bel/rig.json
직업 인물,bel,벨,인간,상인,work,작업,NW,있음,20,20,기존 원화 관절 변형,해당 시점 원화,미완료,검수 대기,art-source/pixel-characters/professions-v5/bel/rig.json
직업 인물,bel,벨,인간,상인,work,작업,NE,있음,20,20,기존 원화 관절 변형,NW 좌우 반전,미완료,검수 대기,art-source/pixel-characters/professions-v5/bel/rig.json
직업 인물,bel,벨,인간,상인,work,작업,SE,있음,20,20,기존 원화 관절 변형,SW 좌우 반전,미완료,검수 대기,art-source/pixel-characters/professions-v5/bel/rig.json
직업 인물,bel,벨,인간,상인,pickup,들기,SW,있음,12,12,독립 관절 동작,해당 시점 원화,미완료,검수 대기,art-source/pixel-characters/professions-v5/bel/rig.json
직업 인물,bel,벨,인간,상인,pickup,들기,NW,있음,12,12,독립 관절 동작,해당 시점 원화,미완료,검수 대기,art-source/pixel-characters/professions-v5/bel/rig.json
직업 인물,bel,벨,인간,상인,pickup,들기,NE,있음,12,12,독립 관절 동작,NW 좌우 반전,미완료,검수 대기,art-source/pixel-characters/professions-v5/bel/rig.json
직업 인물,bel,벨,인간,상인,pickup,들기,SE,있음,12,12,독립 관절 동작,SW 좌우 반전,미완료,검수 대기,art-source/pixel-characters/professions-v5/bel/rig.json
직업 인물,bel,벨,인간,상인,drop,놓기,SW,있음,12,12,독립 관절 동작,해당 시점 원화,미완료,검수 대기,art-source/pixel-characters/professions-v5/bel/rig.json
직업 인물,bel,벨,인간,상인,drop,놓기,NW,있음,12,12,독립 관절 동작,해당 시점 원화,미완료,검수 대기,art-source/pixel-characters/professions-v5/bel/rig.json
직업 인물,bel,벨,인간,상인,drop,놓기,NE,있음,12,12,독립 관절 동작,NW 좌우 반전,미완료,검수 대기,art-source/pixel-characters/professions-v5/bel/rig.json
직업 인물,bel,벨,인간,상인,drop,놓기,SE,있음,12,12,독립 관절 동작,SW 좌우 반전,미완료,검수 대기,art-source/pixel-characters/professions-v5/bel/rig.json
직업 인물,bel,벨,인간,상인,greet,인사,SW,있음,12,11,기존 원화 관절 변형,해당 시점 원화,미완료,검수 대기,art-source/pixel-characters/professions-v5/bel/rig.json
직업 인물,bel,벨,인간,상인,greet,인사,NW,있음,12,11,기존 원화 관절 변형,해당 시점 원화,미완료,검수 대기,art-source/pixel-characters/professions-v5/bel/rig.json
직업 인물,bel,벨,인간,상인,greet,인사,NE,있음,12,11,기존 원화 관절 변형,NW 좌우 반전,미완료,검수 대기,art-source/pixel-characters/professions-v5/bel/rig.json
직업 인물,bel,벨,인간,상인,greet,인사,SE,있음,12,11,기존 원화 관절 변형,SW 좌우 반전,미완료,검수 대기,art-source/pixel-characters/professions-v5/bel/rig.json
직업 인물,bel,벨,인간,상인,attack,공격,SW,있음,12,11,기존 원화 관절 변형,해당 시점 원화,미완료,검수 대기,art-source/pixel-characters/professions-v5/bel/rig.json
직업 인물,bel,벨,인간,상인,attack,공격,NW,있음,12,11,기존 원화 관절 변형,해당 시점 원화,미완료,검수 대기,art-source/pixel-characters/professions-v5/bel/rig.json
직업 인물,bel,벨,인간,상인,attack,공격,NE,있음,12,11,기존 원화 관절 변형,NW 좌우 반전,미완료,검수 대기,art-source/pixel-characters/professions-v5/bel/rig.json
직업 인물,bel,벨,인간,상인,attack,공격,SE,있음,12,11,기존 원화 관절 변형,SW 좌우 반전,미완료,검수 대기,art-source/pixel-characters/professions-v5/bel/rig.json
직업 인물,bel,벨,인간,상인,hurt,피격,SW,있음,8,7,기존 원화 관절 변형,해당 시점 원화,미완료,검수 대기,art-source/pixel-characters/professions-v5/bel/rig.json
직업 인물,bel,벨,인간,상인,hurt,피격,NW,있음,8,7,기존 원화 관절 변형,해당 시점 원화,미완료,검수 대기,art-source/pixel-characters/professions-v5/bel/rig.json
직업 인물,bel,벨,인간,상인,hurt,피격,NE,있음,8,7,기존 원화 관절 변형,NW 좌우 반전,미완료,검수 대기,art-source/pixel-characters/professions-v5/bel/rig.json
직업 인물,bel,벨,인간,상인,hurt,피격,SE,있음,8,7,기존 원화 관절 변형,SW 좌우 반전,미완료,검수 대기,art-source/pixel-characters/professions-v5/bel/rig.json
직업 인물,bel,벨,인간,상인,defeat,쓰러짐,SW,있음,16,16,기존 원화 관절 변형,해당 시점 원화,미완료,검수 대기,art-source/pixel-characters/professions-v5/bel/rig.json
직업 인물,bel,벨,인간,상인,defeat,쓰러짐,NW,있음,16,16,기존 원화 관절 변형,해당 시점 원화,미완료,검수 대기,art-source/pixel-characters/professions-v5/bel/rig.json
직업 인물,bel,벨,인간,상인,defeat,쓰러짐,NE,있음,16,16,기존 원화 관절 변형,NW 좌우 반전,미완료,검수 대기,art-source/pixel-characters/professions-v5/bel/rig.json
직업 인물,bel,벨,인간,상인,defeat,쓰러짐,SE,있음,16,16,기존 원화 관절 변형,SW 좌우 반전,미완료,검수 대기,art-source/pixel-characters/professions-v5/bel/rig.json
직업 인물,bel,벨,인간,상인,turn,회전,SW,있음,8,4,기존 원화 관절 변형,해당 시점 원화,미완료,검수 대기,art-source/pixel-characters/professions-v5/bel/rig.json
직업 인물,bel,벨,인간,상인,turn,회전,NW,있음,8,4,기존 원화 관절 변형,해당 시점 원화,미완료,검수 대기,art-source/pixel-characters/professions-v5/bel/rig.json
직업 인물,bel,벨,인간,상인,turn,회전,NE,있음,8,4,기존 원화 관절 변형,NW 좌우 반전,미완료,검수 대기,art-source/pixel-characters/professions-v5/bel/rig.json
직업 인물,bel,벨,인간,상인,turn,회전,SE,있음,8,4,기존 원화 관절 변형,SW 좌우 반전,미완료,검수 대기,art-source/pixel-characters/professions-v5/bel/rig.json
직업 인물,oswin,오스윈,인간,행정관,idle,대기,SW,있음,8,2,기존 원화 관절 변형,해당 시점 원화,미완료,검수 대기,art-source/pixel-characters/professions-v5/oswin/rig.json
직업 인물,oswin,오스윈,인간,행정관,idle,대기,NW,있음,8,2,기존 원화 관절 변형,해당 시점 원화,미완료,검수 대기,art-source/pixel-characters/professions-v5/oswin/rig.json
직업 인물,oswin,오스윈,인간,행정관,idle,대기,NE,있음,8,2,기존 원화 관절 변형,NW 좌우 반전,미완료,검수 대기,art-source/pixel-characters/professions-v5/oswin/rig.json
직업 인물,oswin,오스윈,인간,행정관,idle,대기,SE,있음,8,2,기존 원화 관절 변형,SW 좌우 반전,미완료,검수 대기,art-source/pixel-characters/professions-v5/oswin/rig.json
직업 인물,oswin,오스윈,인간,행정관,walk,걷기·이동,SW,있음,32,32,기존 원화 관절 변형,해당 시점 원화,미완료,검수 대기,art-source/pixel-characters/professions-v5/oswin/rig.json
직업 인물,oswin,오스윈,인간,행정관,walk,걷기·이동,NW,있음,32,32,기존 원화 관절 변형,해당 시점 원화,미완료,검수 대기,art-source/pixel-characters/professions-v5/oswin/rig.json
직업 인물,oswin,오스윈,인간,행정관,walk,걷기·이동,NE,있음,32,32,기존 원화 관절 변형,NW 좌우 반전,미완료,검수 대기,art-source/pixel-characters/professions-v5/oswin/rig.json
직업 인물,oswin,오스윈,인간,행정관,walk,걷기·이동,SE,있음,32,32,기존 원화 관절 변형,SW 좌우 반전,미완료,검수 대기,art-source/pixel-characters/professions-v5/oswin/rig.json
직업 인물,oswin,오스윈,인간,행정관,carry,운반,SW,있음,32,32,기존 원화 관절 변형,해당 시점 원화,미완료,검수 대기,art-source/pixel-characters/professions-v5/oswin/rig.json
직업 인물,oswin,오스윈,인간,행정관,carry,운반,NW,있음,32,32,기존 원화 관절 변형,해당 시점 원화,미완료,검수 대기,art-source/pixel-characters/professions-v5/oswin/rig.json
직업 인물,oswin,오스윈,인간,행정관,carry,운반,NE,있음,32,32,기존 원화 관절 변형,NW 좌우 반전,미완료,검수 대기,art-source/pixel-characters/professions-v5/oswin/rig.json
직업 인물,oswin,오스윈,인간,행정관,carry,운반,SE,있음,32,32,기존 원화 관절 변형,SW 좌우 반전,미완료,검수 대기,art-source/pixel-characters/professions-v5/oswin/rig.json
직업 인물,oswin,오스윈,인간,행정관,work,작업,SW,있음,20,20,기존 원화 관절 변형,해당 시점 원화,미완료,검수 대기,art-source/pixel-characters/professions-v5/oswin/rig.json
직업 인물,oswin,오스윈,인간,행정관,work,작업,NW,있음,20,20,기존 원화 관절 변형,해당 시점 원화,미완료,검수 대기,art-source/pixel-characters/professions-v5/oswin/rig.json
직업 인물,oswin,오스윈,인간,행정관,work,작업,NE,있음,20,20,기존 원화 관절 변형,NW 좌우 반전,미완료,검수 대기,art-source/pixel-characters/professions-v5/oswin/rig.json
직업 인물,oswin,오스윈,인간,행정관,work,작업,SE,있음,20,20,기존 원화 관절 변형,SW 좌우 반전,미완료,검수 대기,art-source/pixel-characters/professions-v5/oswin/rig.json
직업 인물,oswin,오스윈,인간,행정관,pickup,들기,SW,있음,12,12,독립 관절 동작,해당 시점 원화,미완료,검수 대기,art-source/pixel-characters/professions-v5/oswin/rig.json
직업 인물,oswin,오스윈,인간,행정관,pickup,들기,NW,있음,12,12,독립 관절 동작,해당 시점 원화,미완료,검수 대기,art-source/pixel-characters/professions-v5/oswin/rig.json
직업 인물,oswin,오스윈,인간,행정관,pickup,들기,NE,있음,12,12,독립 관절 동작,NW 좌우 반전,미완료,검수 대기,art-source/pixel-characters/professions-v5/oswin/rig.json
직업 인물,oswin,오스윈,인간,행정관,pickup,들기,SE,있음,12,12,독립 관절 동작,SW 좌우 반전,미완료,검수 대기,art-source/pixel-characters/professions-v5/oswin/rig.json
직업 인물,oswin,오스윈,인간,행정관,drop,놓기,SW,있음,12,12,독립 관절 동작,해당 시점 원화,미완료,검수 대기,art-source/pixel-characters/professions-v5/oswin/rig.json
직업 인물,oswin,오스윈,인간,행정관,drop,놓기,NW,있음,12,12,독립 관절 동작,해당 시점 원화,미완료,검수 대기,art-source/pixel-characters/professions-v5/oswin/rig.json
직업 인물,oswin,오스윈,인간,행정관,drop,놓기,NE,있음,12,12,독립 관절 동작,NW 좌우 반전,미완료,검수 대기,art-source/pixel-characters/professions-v5/oswin/rig.json
직업 인물,oswin,오스윈,인간,행정관,drop,놓기,SE,있음,12,12,독립 관절 동작,SW 좌우 반전,미완료,검수 대기,art-source/pixel-characters/professions-v5/oswin/rig.json
직업 인물,oswin,오스윈,인간,행정관,greet,인사,SW,있음,12,11,기존 원화 관절 변형,해당 시점 원화,미완료,검수 대기,art-source/pixel-characters/professions-v5/oswin/rig.json
직업 인물,oswin,오스윈,인간,행정관,greet,인사,NW,있음,12,11,기존 원화 관절 변형,해당 시점 원화,미완료,검수 대기,art-source/pixel-characters/professions-v5/oswin/rig.json
직업 인물,oswin,오스윈,인간,행정관,greet,인사,NE,있음,12,11,기존 원화 관절 변형,NW 좌우 반전,미완료,검수 대기,art-source/pixel-characters/professions-v5/oswin/rig.json
직업 인물,oswin,오스윈,인간,행정관,greet,인사,SE,있음,12,11,기존 원화 관절 변형,SW 좌우 반전,미완료,검수 대기,art-source/pixel-characters/professions-v5/oswin/rig.json
직업 인물,oswin,오스윈,인간,행정관,attack,공격,SW,있음,12,11,기존 원화 관절 변형,해당 시점 원화,미완료,검수 대기,art-source/pixel-characters/professions-v5/oswin/rig.json
직업 인물,oswin,오스윈,인간,행정관,attack,공격,NW,있음,12,11,기존 원화 관절 변형,해당 시점 원화,미완료,검수 대기,art-source/pixel-characters/professions-v5/oswin/rig.json
직업 인물,oswin,오스윈,인간,행정관,attack,공격,NE,있음,12,11,기존 원화 관절 변형,NW 좌우 반전,미완료,검수 대기,art-source/pixel-characters/professions-v5/oswin/rig.json
직업 인물,oswin,오스윈,인간,행정관,attack,공격,SE,있음,12,11,기존 원화 관절 변형,SW 좌우 반전,미완료,검수 대기,art-source/pixel-characters/professions-v5/oswin/rig.json
직업 인물,oswin,오스윈,인간,행정관,hurt,피격,SW,있음,8,7,기존 원화 관절 변형,해당 시점 원화,미완료,검수 대기,art-source/pixel-characters/professions-v5/oswin/rig.json
직업 인물,oswin,오스윈,인간,행정관,hurt,피격,NW,있음,8,7,기존 원화 관절 변형,해당 시점 원화,미완료,검수 대기,art-source/pixel-characters/professions-v5/oswin/rig.json
직업 인물,oswin,오스윈,인간,행정관,hurt,피격,NE,있음,8,7,기존 원화 관절 변형,NW 좌우 반전,미완료,검수 대기,art-source/pixel-characters/professions-v5/oswin/rig.json
직업 인물,oswin,오스윈,인간,행정관,hurt,피격,SE,있음,8,7,기존 원화 관절 변형,SW 좌우 반전,미완료,검수 대기,art-source/pixel-characters/professions-v5/oswin/rig.json
직업 인물,oswin,오스윈,인간,행정관,defeat,쓰러짐,SW,있음,16,16,기존 원화 관절 변형,해당 시점 원화,미완료,검수 대기,art-source/pixel-characters/professions-v5/oswin/rig.json
직업 인물,oswin,오스윈,인간,행정관,defeat,쓰러짐,NW,있음,16,16,기존 원화 관절 변형,해당 시점 원화,미완료,검수 대기,art-source/pixel-characters/professions-v5/oswin/rig.json
직업 인물,oswin,오스윈,인간,행정관,defeat,쓰러짐,NE,있음,16,16,기존 원화 관절 변형,NW 좌우 반전,미완료,검수 대기,art-source/pixel-characters/professions-v5/oswin/rig.json
직업 인물,oswin,오스윈,인간,행정관,defeat,쓰러짐,SE,있음,16,16,기존 원화 관절 변형,SW 좌우 반전,미완료,검수 대기,art-source/pixel-characters/professions-v5/oswin/rig.json
직업 인물,oswin,오스윈,인간,행정관,turn,회전,SW,있음,8,4,기존 원화 관절 변형,해당 시점 원화,미완료,검수 대기,art-source/pixel-characters/professions-v5/oswin/rig.json
직업 인물,oswin,오스윈,인간,행정관,turn,회전,NW,있음,8,4,기존 원화 관절 변형,해당 시점 원화,미완료,검수 대기,art-source/pixel-characters/professions-v5/oswin/rig.json
직업 인물,oswin,오스윈,인간,행정관,turn,회전,NE,있음,8,4,기존 원화 관절 변형,NW 좌우 반전,미완료,검수 대기,art-source/pixel-characters/professions-v5/oswin/rig.json
직업 인물,oswin,오스윈,인간,행정관,turn,회전,SE,있음,8,4,기존 원화 관절 변형,SW 좌우 반전,미완료,검수 대기,art-source/pixel-characters/professions-v5/oswin/rig.json
직업 인물,dax,닥스,인간,운송원,idle,대기,SW,있음,8,2,기존 원화 관절 변형,해당 시점 원화,미완료,검수 대기,art-source/pixel-characters/professions-v5/dax/rig.json
직업 인물,dax,닥스,인간,운송원,idle,대기,NW,있음,8,2,기존 원화 관절 변형,해당 시점 원화,미완료,검수 대기,art-source/pixel-characters/professions-v5/dax/rig.json
직업 인물,dax,닥스,인간,운송원,idle,대기,NE,있음,8,2,기존 원화 관절 변형,NW 좌우 반전,미완료,검수 대기,art-source/pixel-characters/professions-v5/dax/rig.json
직업 인물,dax,닥스,인간,운송원,idle,대기,SE,있음,8,2,기존 원화 관절 변형,SW 좌우 반전,미완료,검수 대기,art-source/pixel-characters/professions-v5/dax/rig.json
직업 인물,dax,닥스,인간,운송원,walk,걷기·이동,SW,있음,32,32,기존 원화 관절 변형,해당 시점 원화,미완료,검수 대기,art-source/pixel-characters/professions-v5/dax/rig.json
직업 인물,dax,닥스,인간,운송원,walk,걷기·이동,NW,있음,32,32,기존 원화 관절 변형,해당 시점 원화,미완료,검수 대기,art-source/pixel-characters/professions-v5/dax/rig.json
직업 인물,dax,닥스,인간,운송원,walk,걷기·이동,NE,있음,32,32,기존 원화 관절 변형,NW 좌우 반전,미완료,검수 대기,art-source/pixel-characters/professions-v5/dax/rig.json
직업 인물,dax,닥스,인간,운송원,walk,걷기·이동,SE,있음,32,32,기존 원화 관절 변형,SW 좌우 반전,미완료,검수 대기,art-source/pixel-characters/professions-v5/dax/rig.json
직업 인물,dax,닥스,인간,운송원,carry,운반,SW,있음,32,32,기존 원화 관절 변형,해당 시점 원화,미완료,검수 대기,art-source/pixel-characters/professions-v5/dax/rig.json
직업 인물,dax,닥스,인간,운송원,carry,운반,NW,있음,32,32,기존 원화 관절 변형,해당 시점 원화,미완료,검수 대기,art-source/pixel-characters/professions-v5/dax/rig.json
직업 인물,dax,닥스,인간,운송원,carry,운반,NE,있음,32,32,기존 원화 관절 변형,NW 좌우 반전,미완료,검수 대기,art-source/pixel-characters/professions-v5/dax/rig.json
직업 인물,dax,닥스,인간,운송원,carry,운반,SE,있음,32,32,기존 원화 관절 변형,SW 좌우 반전,미완료,검수 대기,art-source/pixel-characters/professions-v5/dax/rig.json
직업 인물,dax,닥스,인간,운송원,work,작업,SW,있음,20,2,기존 원화 관절 변형,해당 시점 원화,미완료,검수 대기,art-source/pixel-characters/professions-v5/dax/rig.json
직업 인물,dax,닥스,인간,운송원,work,작업,NW,있음,20,2,기존 원화 관절 변형,해당 시점 원화,미완료,검수 대기,art-source/pixel-characters/professions-v5/dax/rig.json
직업 인물,dax,닥스,인간,운송원,work,작업,NE,있음,20,2,기존 원화 관절 변형,NW 좌우 반전,미완료,검수 대기,art-source/pixel-characters/professions-v5/dax/rig.json
직업 인물,dax,닥스,인간,운송원,work,작업,SE,있음,20,2,기존 원화 관절 변형,SW 좌우 반전,미완료,검수 대기,art-source/pixel-characters/professions-v5/dax/rig.json
직업 인물,dax,닥스,인간,운송원,pickup,들기,SW,있음,12,12,독립 관절 동작,해당 시점 원화,미완료,검수 대기,art-source/pixel-characters/professions-v5/dax/rig.json
직업 인물,dax,닥스,인간,운송원,pickup,들기,NW,있음,12,12,독립 관절 동작,해당 시점 원화,미완료,검수 대기,art-source/pixel-characters/professions-v5/dax/rig.json
직업 인물,dax,닥스,인간,운송원,pickup,들기,NE,있음,12,12,독립 관절 동작,NW 좌우 반전,미완료,검수 대기,art-source/pixel-characters/professions-v5/dax/rig.json
직업 인물,dax,닥스,인간,운송원,pickup,들기,SE,있음,12,12,독립 관절 동작,SW 좌우 반전,미완료,검수 대기,art-source/pixel-characters/professions-v5/dax/rig.json
직업 인물,dax,닥스,인간,운송원,drop,놓기,SW,있음,12,12,독립 관절 동작,해당 시점 원화,미완료,검수 대기,art-source/pixel-characters/professions-v5/dax/rig.json
직업 인물,dax,닥스,인간,운송원,drop,놓기,NW,있음,12,12,독립 관절 동작,해당 시점 원화,미완료,검수 대기,art-source/pixel-characters/professions-v5/dax/rig.json
직업 인물,dax,닥스,인간,운송원,drop,놓기,NE,있음,12,12,독립 관절 동작,NW 좌우 반전,미완료,검수 대기,art-source/pixel-characters/professions-v5/dax/rig.json
직업 인물,dax,닥스,인간,운송원,drop,놓기,SE,있음,12,12,독립 관절 동작,SW 좌우 반전,미완료,검수 대기,art-source/pixel-characters/professions-v5/dax/rig.json
직업 인물,dax,닥스,인간,운송원,greet,인사,SW,있음,12,11,기존 원화 관절 변형,해당 시점 원화,미완료,검수 대기,art-source/pixel-characters/professions-v5/dax/rig.json
직업 인물,dax,닥스,인간,운송원,greet,인사,NW,있음,12,11,기존 원화 관절 변형,해당 시점 원화,미완료,검수 대기,art-source/pixel-characters/professions-v5/dax/rig.json
직업 인물,dax,닥스,인간,운송원,greet,인사,NE,있음,12,11,기존 원화 관절 변형,NW 좌우 반전,미완료,검수 대기,art-source/pixel-characters/professions-v5/dax/rig.json
직업 인물,dax,닥스,인간,운송원,greet,인사,SE,있음,12,11,기존 원화 관절 변형,SW 좌우 반전,미완료,검수 대기,art-source/pixel-characters/professions-v5/dax/rig.json
직업 인물,dax,닥스,인간,운송원,attack,공격,SW,있음,12,11,기존 원화 관절 변형,해당 시점 원화,미완료,검수 대기,art-source/pixel-characters/professions-v5/dax/rig.json
직업 인물,dax,닥스,인간,운송원,attack,공격,NW,있음,12,11,기존 원화 관절 변형,해당 시점 원화,미완료,검수 대기,art-source/pixel-characters/professions-v5/dax/rig.json
직업 인물,dax,닥스,인간,운송원,attack,공격,NE,있음,12,11,기존 원화 관절 변형,NW 좌우 반전,미완료,검수 대기,art-source/pixel-characters/professions-v5/dax/rig.json
직업 인물,dax,닥스,인간,운송원,attack,공격,SE,있음,12,11,기존 원화 관절 변형,SW 좌우 반전,미완료,검수 대기,art-source/pixel-characters/professions-v5/dax/rig.json
직업 인물,dax,닥스,인간,운송원,hurt,피격,SW,있음,8,7,기존 원화 관절 변형,해당 시점 원화,미완료,검수 대기,art-source/pixel-characters/professions-v5/dax/rig.json
직업 인물,dax,닥스,인간,운송원,hurt,피격,NW,있음,8,7,기존 원화 관절 변형,해당 시점 원화,미완료,검수 대기,art-source/pixel-characters/professions-v5/dax/rig.json
직업 인물,dax,닥스,인간,운송원,hurt,피격,NE,있음,8,7,기존 원화 관절 변형,NW 좌우 반전,미완료,검수 대기,art-source/pixel-characters/professions-v5/dax/rig.json
직업 인물,dax,닥스,인간,운송원,hurt,피격,SE,있음,8,7,기존 원화 관절 변형,SW 좌우 반전,미완료,검수 대기,art-source/pixel-characters/professions-v5/dax/rig.json
직업 인물,dax,닥스,인간,운송원,defeat,쓰러짐,SW,있음,16,16,기존 원화 관절 변형,해당 시점 원화,미완료,검수 대기,art-source/pixel-characters/professions-v5/dax/rig.json
직업 인물,dax,닥스,인간,운송원,defeat,쓰러짐,NW,있음,16,16,기존 원화 관절 변형,해당 시점 원화,미완료,검수 대기,art-source/pixel-characters/professions-v5/dax/rig.json
직업 인물,dax,닥스,인간,운송원,defeat,쓰러짐,NE,있음,16,16,기존 원화 관절 변형,NW 좌우 반전,미완료,검수 대기,art-source/pixel-characters/professions-v5/dax/rig.json
직업 인물,dax,닥스,인간,운송원,defeat,쓰러짐,SE,있음,16,16,기존 원화 관절 변형,SW 좌우 반전,미완료,검수 대기,art-source/pixel-characters/professions-v5/dax/rig.json
직업 인물,dax,닥스,인간,운송원,turn,회전,SW,있음,8,4,기존 원화 관절 변형,해당 시점 원화,미완료,검수 대기,art-source/pixel-characters/professions-v5/dax/rig.json
직업 인물,dax,닥스,인간,운송원,turn,회전,NW,있음,8,4,기존 원화 관절 변형,해당 시점 원화,미완료,검수 대기,art-source/pixel-characters/professions-v5/dax/rig.json
직업 인물,dax,닥스,인간,운송원,turn,회전,NE,있음,8,4,기존 원화 관절 변형,NW 좌우 반전,미완료,검수 대기,art-source/pixel-characters/professions-v5/dax/rig.json
직업 인물,dax,닥스,인간,운송원,turn,회전,SE,있음,8,4,기존 원화 관절 변형,SW 좌우 반전,미완료,검수 대기,art-source/pixel-characters/professions-v5/dax/rig.json
직업 인물,hugo,휴고,인간,선원,idle,대기,SW,있음,8,2,기존 원화 관절 변형,해당 시점 원화,미완료,검수 대기,art-source/pixel-characters/professions-v5/hugo/rig.json
직업 인물,hugo,휴고,인간,선원,idle,대기,NW,있음,8,2,기존 원화 관절 변형,해당 시점 원화,미완료,검수 대기,art-source/pixel-characters/professions-v5/hugo/rig.json
직업 인물,hugo,휴고,인간,선원,idle,대기,NE,있음,8,2,기존 원화 관절 변형,NW 좌우 반전,미완료,검수 대기,art-source/pixel-characters/professions-v5/hugo/rig.json
직업 인물,hugo,휴고,인간,선원,idle,대기,SE,있음,8,2,기존 원화 관절 변형,SW 좌우 반전,미완료,검수 대기,art-source/pixel-characters/professions-v5/hugo/rig.json
직업 인물,hugo,휴고,인간,선원,walk,걷기·이동,SW,있음,32,32,기존 원화 관절 변형,해당 시점 원화,미완료,검수 대기,art-source/pixel-characters/professions-v5/hugo/rig.json
직업 인물,hugo,휴고,인간,선원,walk,걷기·이동,NW,있음,32,32,기존 원화 관절 변형,해당 시점 원화,미완료,검수 대기,art-source/pixel-characters/professions-v5/hugo/rig.json
직업 인물,hugo,휴고,인간,선원,walk,걷기·이동,NE,있음,32,32,기존 원화 관절 변형,NW 좌우 반전,미완료,검수 대기,art-source/pixel-characters/professions-v5/hugo/rig.json
직업 인물,hugo,휴고,인간,선원,walk,걷기·이동,SE,있음,32,32,기존 원화 관절 변형,SW 좌우 반전,미완료,검수 대기,art-source/pixel-characters/professions-v5/hugo/rig.json
직업 인물,hugo,휴고,인간,선원,carry,운반,SW,있음,32,32,기존 원화 관절 변형,해당 시점 원화,미완료,검수 대기,art-source/pixel-characters/professions-v5/hugo/rig.json
직업 인물,hugo,휴고,인간,선원,carry,운반,NW,있음,32,32,기존 원화 관절 변형,해당 시점 원화,미완료,검수 대기,art-source/pixel-characters/professions-v5/hugo/rig.json
직업 인물,hugo,휴고,인간,선원,carry,운반,NE,있음,32,32,기존 원화 관절 변형,NW 좌우 반전,미완료,검수 대기,art-source/pixel-characters/professions-v5/hugo/rig.json
직업 인물,hugo,휴고,인간,선원,carry,운반,SE,있음,32,32,기존 원화 관절 변형,SW 좌우 반전,미완료,검수 대기,art-source/pixel-characters/professions-v5/hugo/rig.json
직업 인물,hugo,휴고,인간,선원,work,작업,SW,있음,20,18,기존 원화 관절 변형,해당 시점 원화,미완료,검수 대기,art-source/pixel-characters/professions-v5/hugo/rig.json
직업 인물,hugo,휴고,인간,선원,work,작업,NW,있음,20,18,기존 원화 관절 변형,해당 시점 원화,미완료,검수 대기,art-source/pixel-characters/professions-v5/hugo/rig.json
직업 인물,hugo,휴고,인간,선원,work,작업,NE,있음,20,18,기존 원화 관절 변형,NW 좌우 반전,미완료,검수 대기,art-source/pixel-characters/professions-v5/hugo/rig.json
직업 인물,hugo,휴고,인간,선원,work,작업,SE,있음,20,18,기존 원화 관절 변형,SW 좌우 반전,미완료,검수 대기,art-source/pixel-characters/professions-v5/hugo/rig.json
직업 인물,hugo,휴고,인간,선원,pickup,들기,SW,있음,12,12,독립 관절 동작,해당 시점 원화,미완료,검수 대기,art-source/pixel-characters/professions-v5/hugo/rig.json
직업 인물,hugo,휴고,인간,선원,pickup,들기,NW,있음,12,12,독립 관절 동작,해당 시점 원화,미완료,검수 대기,art-source/pixel-characters/professions-v5/hugo/rig.json
직업 인물,hugo,휴고,인간,선원,pickup,들기,NE,있음,12,12,독립 관절 동작,NW 좌우 반전,미완료,검수 대기,art-source/pixel-characters/professions-v5/hugo/rig.json
직업 인물,hugo,휴고,인간,선원,pickup,들기,SE,있음,12,12,독립 관절 동작,SW 좌우 반전,미완료,검수 대기,art-source/pixel-characters/professions-v5/hugo/rig.json
직업 인물,hugo,휴고,인간,선원,drop,놓기,SW,있음,12,12,독립 관절 동작,해당 시점 원화,미완료,검수 대기,art-source/pixel-characters/professions-v5/hugo/rig.json
직업 인물,hugo,휴고,인간,선원,drop,놓기,NW,있음,12,12,독립 관절 동작,해당 시점 원화,미완료,검수 대기,art-source/pixel-characters/professions-v5/hugo/rig.json
직업 인물,hugo,휴고,인간,선원,drop,놓기,NE,있음,12,12,독립 관절 동작,NW 좌우 반전,미완료,검수 대기,art-source/pixel-characters/professions-v5/hugo/rig.json
직업 인물,hugo,휴고,인간,선원,drop,놓기,SE,있음,12,12,독립 관절 동작,SW 좌우 반전,미완료,검수 대기,art-source/pixel-characters/professions-v5/hugo/rig.json
직업 인물,hugo,휴고,인간,선원,greet,인사,SW,있음,12,11,기존 원화 관절 변형,해당 시점 원화,미완료,검수 대기,art-source/pixel-characters/professions-v5/hugo/rig.json
직업 인물,hugo,휴고,인간,선원,greet,인사,NW,있음,12,11,기존 원화 관절 변형,해당 시점 원화,미완료,검수 대기,art-source/pixel-characters/professions-v5/hugo/rig.json
직업 인물,hugo,휴고,인간,선원,greet,인사,NE,있음,12,11,기존 원화 관절 변형,NW 좌우 반전,미완료,검수 대기,art-source/pixel-characters/professions-v5/hugo/rig.json
직업 인물,hugo,휴고,인간,선원,greet,인사,SE,있음,12,11,기존 원화 관절 변형,SW 좌우 반전,미완료,검수 대기,art-source/pixel-characters/professions-v5/hugo/rig.json
직업 인물,hugo,휴고,인간,선원,attack,공격,SW,있음,12,11,기존 원화 관절 변형,해당 시점 원화,미완료,검수 대기,art-source/pixel-characters/professions-v5/hugo/rig.json
직업 인물,hugo,휴고,인간,선원,attack,공격,NW,있음,12,11,기존 원화 관절 변형,해당 시점 원화,미완료,검수 대기,art-source/pixel-characters/professions-v5/hugo/rig.json
직업 인물,hugo,휴고,인간,선원,attack,공격,NE,있음,12,11,기존 원화 관절 변형,NW 좌우 반전,미완료,검수 대기,art-source/pixel-characters/professions-v5/hugo/rig.json
직업 인물,hugo,휴고,인간,선원,attack,공격,SE,있음,12,11,기존 원화 관절 변형,SW 좌우 반전,미완료,검수 대기,art-source/pixel-characters/professions-v5/hugo/rig.json
직업 인물,hugo,휴고,인간,선원,hurt,피격,SW,있음,8,7,기존 원화 관절 변형,해당 시점 원화,미완료,검수 대기,art-source/pixel-characters/professions-v5/hugo/rig.json
직업 인물,hugo,휴고,인간,선원,hurt,피격,NW,있음,8,7,기존 원화 관절 변형,해당 시점 원화,미완료,검수 대기,art-source/pixel-characters/professions-v5/hugo/rig.json
직업 인물,hugo,휴고,인간,선원,hurt,피격,NE,있음,8,7,기존 원화 관절 변형,NW 좌우 반전,미완료,검수 대기,art-source/pixel-characters/professions-v5/hugo/rig.json
직업 인물,hugo,휴고,인간,선원,hurt,피격,SE,있음,8,7,기존 원화 관절 변형,SW 좌우 반전,미완료,검수 대기,art-source/pixel-characters/professions-v5/hugo/rig.json
직업 인물,hugo,휴고,인간,선원,defeat,쓰러짐,SW,있음,16,16,기존 원화 관절 변형,해당 시점 원화,미완료,검수 대기,art-source/pixel-characters/professions-v5/hugo/rig.json
직업 인물,hugo,휴고,인간,선원,defeat,쓰러짐,NW,있음,16,16,기존 원화 관절 변형,해당 시점 원화,미완료,검수 대기,art-source/pixel-characters/professions-v5/hugo/rig.json
직업 인물,hugo,휴고,인간,선원,defeat,쓰러짐,NE,있음,16,16,기존 원화 관절 변형,NW 좌우 반전,미완료,검수 대기,art-source/pixel-characters/professions-v5/hugo/rig.json
직업 인물,hugo,휴고,인간,선원,defeat,쓰러짐,SE,있음,16,16,기존 원화 관절 변형,SW 좌우 반전,미완료,검수 대기,art-source/pixel-characters/professions-v5/hugo/rig.json
직업 인물,hugo,휴고,인간,선원,turn,회전,SW,있음,8,4,기존 원화 관절 변형,해당 시점 원화,미완료,검수 대기,art-source/pixel-characters/professions-v5/hugo/rig.json
직업 인물,hugo,휴고,인간,선원,turn,회전,NW,있음,8,4,기존 원화 관절 변형,해당 시점 원화,미완료,검수 대기,art-source/pixel-characters/professions-v5/hugo/rig.json
직업 인물,hugo,휴고,인간,선원,turn,회전,NE,있음,8,4,기존 원화 관절 변형,NW 좌우 반전,미완료,검수 대기,art-source/pixel-characters/professions-v5/hugo/rig.json
직업 인물,hugo,휴고,인간,선원,turn,회전,SE,있음,8,4,기존 원화 관절 변형,SW 좌우 반전,미완료,검수 대기,art-source/pixel-characters/professions-v5/hugo/rig.json
직업 인물,iris,아이리스,인간,조종사,idle,대기,SW,있음,8,2,기존 원화 관절 변형,해당 시점 원화,미완료,검수 대기,art-source/pixel-characters/professions-v5/iris/rig.json
직업 인물,iris,아이리스,인간,조종사,idle,대기,NW,있음,8,2,기존 원화 관절 변형,해당 시점 원화,미완료,검수 대기,art-source/pixel-characters/professions-v5/iris/rig.json
직업 인물,iris,아이리스,인간,조종사,idle,대기,NE,있음,8,2,기존 원화 관절 변형,NW 좌우 반전,미완료,검수 대기,art-source/pixel-characters/professions-v5/iris/rig.json
직업 인물,iris,아이리스,인간,조종사,idle,대기,SE,있음,8,2,기존 원화 관절 변형,SW 좌우 반전,미완료,검수 대기,art-source/pixel-characters/professions-v5/iris/rig.json
직업 인물,iris,아이리스,인간,조종사,walk,걷기·이동,SW,있음,32,32,기존 원화 관절 변형,해당 시점 원화,미완료,검수 대기,art-source/pixel-characters/professions-v5/iris/rig.json
직업 인물,iris,아이리스,인간,조종사,walk,걷기·이동,NW,있음,32,32,기존 원화 관절 변형,해당 시점 원화,미완료,검수 대기,art-source/pixel-characters/professions-v5/iris/rig.json
직업 인물,iris,아이리스,인간,조종사,walk,걷기·이동,NE,있음,32,32,기존 원화 관절 변형,NW 좌우 반전,미완료,검수 대기,art-source/pixel-characters/professions-v5/iris/rig.json
직업 인물,iris,아이리스,인간,조종사,walk,걷기·이동,SE,있음,32,32,기존 원화 관절 변형,SW 좌우 반전,미완료,검수 대기,art-source/pixel-characters/professions-v5/iris/rig.json
직업 인물,iris,아이리스,인간,조종사,carry,운반,SW,있음,32,32,기존 원화 관절 변형,해당 시점 원화,미완료,검수 대기,art-source/pixel-characters/professions-v5/iris/rig.json
직업 인물,iris,아이리스,인간,조종사,carry,운반,NW,있음,32,32,기존 원화 관절 변형,해당 시점 원화,미완료,검수 대기,art-source/pixel-characters/professions-v5/iris/rig.json
직업 인물,iris,아이리스,인간,조종사,carry,운반,NE,있음,32,32,기존 원화 관절 변형,NW 좌우 반전,미완료,검수 대기,art-source/pixel-characters/professions-v5/iris/rig.json
직업 인물,iris,아이리스,인간,조종사,carry,운반,SE,있음,32,32,기존 원화 관절 변형,SW 좌우 반전,미완료,검수 대기,art-source/pixel-characters/professions-v5/iris/rig.json
직업 인물,iris,아이리스,인간,조종사,work,작업,SW,있음,20,20,기존 원화 관절 변형,해당 시점 원화,미완료,검수 대기,art-source/pixel-characters/professions-v5/iris/rig.json
직업 인물,iris,아이리스,인간,조종사,work,작업,NW,있음,20,20,기존 원화 관절 변형,해당 시점 원화,미완료,검수 대기,art-source/pixel-characters/professions-v5/iris/rig.json
직업 인물,iris,아이리스,인간,조종사,work,작업,NE,있음,20,20,기존 원화 관절 변형,NW 좌우 반전,미완료,검수 대기,art-source/pixel-characters/professions-v5/iris/rig.json
직업 인물,iris,아이리스,인간,조종사,work,작업,SE,있음,20,20,기존 원화 관절 변형,SW 좌우 반전,미완료,검수 대기,art-source/pixel-characters/professions-v5/iris/rig.json
직업 인물,iris,아이리스,인간,조종사,pickup,들기,SW,있음,12,12,독립 관절 동작,해당 시점 원화,미완료,검수 대기,art-source/pixel-characters/professions-v5/iris/rig.json
직업 인물,iris,아이리스,인간,조종사,pickup,들기,NW,있음,12,12,독립 관절 동작,해당 시점 원화,미완료,검수 대기,art-source/pixel-characters/professions-v5/iris/rig.json
직업 인물,iris,아이리스,인간,조종사,pickup,들기,NE,있음,12,12,독립 관절 동작,NW 좌우 반전,미완료,검수 대기,art-source/pixel-characters/professions-v5/iris/rig.json
직업 인물,iris,아이리스,인간,조종사,pickup,들기,SE,있음,12,12,독립 관절 동작,SW 좌우 반전,미완료,검수 대기,art-source/pixel-characters/professions-v5/iris/rig.json
직업 인물,iris,아이리스,인간,조종사,drop,놓기,SW,있음,12,12,독립 관절 동작,해당 시점 원화,미완료,검수 대기,art-source/pixel-characters/professions-v5/iris/rig.json
직업 인물,iris,아이리스,인간,조종사,drop,놓기,NW,있음,12,12,독립 관절 동작,해당 시점 원화,미완료,검수 대기,art-source/pixel-characters/professions-v5/iris/rig.json
직업 인물,iris,아이리스,인간,조종사,drop,놓기,NE,있음,12,12,독립 관절 동작,NW 좌우 반전,미완료,검수 대기,art-source/pixel-characters/professions-v5/iris/rig.json
직업 인물,iris,아이리스,인간,조종사,drop,놓기,SE,있음,12,12,독립 관절 동작,SW 좌우 반전,미완료,검수 대기,art-source/pixel-characters/professions-v5/iris/rig.json
직업 인물,iris,아이리스,인간,조종사,greet,인사,SW,있음,12,11,기존 원화 관절 변형,해당 시점 원화,미완료,검수 대기,art-source/pixel-characters/professions-v5/iris/rig.json
직업 인물,iris,아이리스,인간,조종사,greet,인사,NW,있음,12,11,기존 원화 관절 변형,해당 시점 원화,미완료,검수 대기,art-source/pixel-characters/professions-v5/iris/rig.json
직업 인물,iris,아이리스,인간,조종사,greet,인사,NE,있음,12,11,기존 원화 관절 변형,NW 좌우 반전,미완료,검수 대기,art-source/pixel-characters/professions-v5/iris/rig.json
직업 인물,iris,아이리스,인간,조종사,greet,인사,SE,있음,12,11,기존 원화 관절 변형,SW 좌우 반전,미완료,검수 대기,art-source/pixel-characters/professions-v5/iris/rig.json
직업 인물,iris,아이리스,인간,조종사,attack,공격,SW,있음,12,11,기존 원화 관절 변형,해당 시점 원화,미완료,검수 대기,art-source/pixel-characters/professions-v5/iris/rig.json
직업 인물,iris,아이리스,인간,조종사,attack,공격,NW,있음,12,11,기존 원화 관절 변형,해당 시점 원화,미완료,검수 대기,art-source/pixel-characters/professions-v5/iris/rig.json
직업 인물,iris,아이리스,인간,조종사,attack,공격,NE,있음,12,11,기존 원화 관절 변형,NW 좌우 반전,미완료,검수 대기,art-source/pixel-characters/professions-v5/iris/rig.json
직업 인물,iris,아이리스,인간,조종사,attack,공격,SE,있음,12,11,기존 원화 관절 변형,SW 좌우 반전,미완료,검수 대기,art-source/pixel-characters/professions-v5/iris/rig.json
직업 인물,iris,아이리스,인간,조종사,hurt,피격,SW,있음,8,7,기존 원화 관절 변형,해당 시점 원화,미완료,검수 대기,art-source/pixel-characters/professions-v5/iris/rig.json
직업 인물,iris,아이리스,인간,조종사,hurt,피격,NW,있음,8,7,기존 원화 관절 변형,해당 시점 원화,미완료,검수 대기,art-source/pixel-characters/professions-v5/iris/rig.json
직업 인물,iris,아이리스,인간,조종사,hurt,피격,NE,있음,8,7,기존 원화 관절 변형,NW 좌우 반전,미완료,검수 대기,art-source/pixel-characters/professions-v5/iris/rig.json
직업 인물,iris,아이리스,인간,조종사,hurt,피격,SE,있음,8,7,기존 원화 관절 변형,SW 좌우 반전,미완료,검수 대기,art-source/pixel-characters/professions-v5/iris/rig.json
직업 인물,iris,아이리스,인간,조종사,defeat,쓰러짐,SW,있음,16,16,기존 원화 관절 변형,해당 시점 원화,미완료,검수 대기,art-source/pixel-characters/professions-v5/iris/rig.json
직업 인물,iris,아이리스,인간,조종사,defeat,쓰러짐,NW,있음,16,16,기존 원화 관절 변형,해당 시점 원화,미완료,검수 대기,art-source/pixel-characters/professions-v5/iris/rig.json
직업 인물,iris,아이리스,인간,조종사,defeat,쓰러짐,NE,있음,16,16,기존 원화 관절 변형,NW 좌우 반전,미완료,검수 대기,art-source/pixel-characters/professions-v5/iris/rig.json
직업 인물,iris,아이리스,인간,조종사,defeat,쓰러짐,SE,있음,16,16,기존 원화 관절 변형,SW 좌우 반전,미완료,검수 대기,art-source/pixel-characters/professions-v5/iris/rig.json
직업 인물,iris,아이리스,인간,조종사,turn,회전,SW,있음,8,4,기존 원화 관절 변형,해당 시점 원화,미완료,검수 대기,art-source/pixel-characters/professions-v5/iris/rig.json
직업 인물,iris,아이리스,인간,조종사,turn,회전,NW,있음,8,4,기존 원화 관절 변형,해당 시점 원화,미완료,검수 대기,art-source/pixel-characters/professions-v5/iris/rig.json
직업 인물,iris,아이리스,인간,조종사,turn,회전,NE,있음,8,4,기존 원화 관절 변형,NW 좌우 반전,미완료,검수 대기,art-source/pixel-characters/professions-v5/iris/rig.json
직업 인물,iris,아이리스,인간,조종사,turn,회전,SE,있음,8,4,기존 원화 관절 변형,SW 좌우 반전,미완료,검수 대기,art-source/pixel-characters/professions-v5/iris/rig.json
직업 인물,garen,가렌,인간,경비대원,idle,대기,SW,있음,8,2,기존 원화 관절 변형,해당 시점 원화,미완료,검수 대기,art-source/pixel-characters/professions-v5/garen/rig.json
직업 인물,garen,가렌,인간,경비대원,idle,대기,NW,있음,8,2,기존 원화 관절 변형,해당 시점 원화,미완료,검수 대기,art-source/pixel-characters/professions-v5/garen/rig.json
직업 인물,garen,가렌,인간,경비대원,idle,대기,NE,있음,8,2,기존 원화 관절 변형,NW 좌우 반전,미완료,검수 대기,art-source/pixel-characters/professions-v5/garen/rig.json
직업 인물,garen,가렌,인간,경비대원,idle,대기,SE,있음,8,2,기존 원화 관절 변형,SW 좌우 반전,미완료,검수 대기,art-source/pixel-characters/professions-v5/garen/rig.json
직업 인물,garen,가렌,인간,경비대원,walk,걷기·이동,SW,있음,32,32,기존 원화 관절 변형,해당 시점 원화,미완료,검수 대기,art-source/pixel-characters/professions-v5/garen/rig.json
직업 인물,garen,가렌,인간,경비대원,walk,걷기·이동,NW,있음,32,32,기존 원화 관절 변형,해당 시점 원화,미완료,검수 대기,art-source/pixel-characters/professions-v5/garen/rig.json
직업 인물,garen,가렌,인간,경비대원,walk,걷기·이동,NE,있음,32,32,기존 원화 관절 변형,NW 좌우 반전,미완료,검수 대기,art-source/pixel-characters/professions-v5/garen/rig.json
직업 인물,garen,가렌,인간,경비대원,walk,걷기·이동,SE,있음,32,32,기존 원화 관절 변형,SW 좌우 반전,미완료,검수 대기,art-source/pixel-characters/professions-v5/garen/rig.json
직업 인물,garen,가렌,인간,경비대원,carry,운반,SW,있음,32,32,기존 원화 관절 변형,해당 시점 원화,미완료,검수 대기,art-source/pixel-characters/professions-v5/garen/rig.json
직업 인물,garen,가렌,인간,경비대원,carry,운반,NW,있음,32,32,기존 원화 관절 변형,해당 시점 원화,미완료,검수 대기,art-source/pixel-characters/professions-v5/garen/rig.json
직업 인물,garen,가렌,인간,경비대원,carry,운반,NE,있음,32,32,기존 원화 관절 변형,NW 좌우 반전,미완료,검수 대기,art-source/pixel-characters/professions-v5/garen/rig.json
직업 인물,garen,가렌,인간,경비대원,carry,운반,SE,있음,32,32,기존 원화 관절 변형,SW 좌우 반전,미완료,검수 대기,art-source/pixel-characters/professions-v5/garen/rig.json
직업 인물,garen,가렌,인간,경비대원,work,작업,SW,있음,20,20,기존 원화 관절 변형,해당 시점 원화,미완료,검수 대기,art-source/pixel-characters/professions-v5/garen/rig.json
직업 인물,garen,가렌,인간,경비대원,work,작업,NW,있음,20,20,기존 원화 관절 변형,해당 시점 원화,미완료,검수 대기,art-source/pixel-characters/professions-v5/garen/rig.json
직업 인물,garen,가렌,인간,경비대원,work,작업,NE,있음,20,20,기존 원화 관절 변형,NW 좌우 반전,미완료,검수 대기,art-source/pixel-characters/professions-v5/garen/rig.json
직업 인물,garen,가렌,인간,경비대원,work,작업,SE,있음,20,20,기존 원화 관절 변형,SW 좌우 반전,미완료,검수 대기,art-source/pixel-characters/professions-v5/garen/rig.json
직업 인물,garen,가렌,인간,경비대원,pickup,들기,SW,있음,12,12,독립 관절 동작,해당 시점 원화,미완료,검수 대기,art-source/pixel-characters/professions-v5/garen/rig.json
직업 인물,garen,가렌,인간,경비대원,pickup,들기,NW,있음,12,12,독립 관절 동작,해당 시점 원화,미완료,검수 대기,art-source/pixel-characters/professions-v5/garen/rig.json
직업 인물,garen,가렌,인간,경비대원,pickup,들기,NE,있음,12,12,독립 관절 동작,NW 좌우 반전,미완료,검수 대기,art-source/pixel-characters/professions-v5/garen/rig.json
직업 인물,garen,가렌,인간,경비대원,pickup,들기,SE,있음,12,12,독립 관절 동작,SW 좌우 반전,미완료,검수 대기,art-source/pixel-characters/professions-v5/garen/rig.json
직업 인물,garen,가렌,인간,경비대원,drop,놓기,SW,있음,12,12,독립 관절 동작,해당 시점 원화,미완료,검수 대기,art-source/pixel-characters/professions-v5/garen/rig.json
직업 인물,garen,가렌,인간,경비대원,drop,놓기,NW,있음,12,12,독립 관절 동작,해당 시점 원화,미완료,검수 대기,art-source/pixel-characters/professions-v5/garen/rig.json
직업 인물,garen,가렌,인간,경비대원,drop,놓기,NE,있음,12,12,독립 관절 동작,NW 좌우 반전,미완료,검수 대기,art-source/pixel-characters/professions-v5/garen/rig.json
직업 인물,garen,가렌,인간,경비대원,drop,놓기,SE,있음,12,12,독립 관절 동작,SW 좌우 반전,미완료,검수 대기,art-source/pixel-characters/professions-v5/garen/rig.json
직업 인물,garen,가렌,인간,경비대원,greet,인사,SW,있음,12,11,기존 원화 관절 변형,해당 시점 원화,미완료,검수 대기,art-source/pixel-characters/professions-v5/garen/rig.json
직업 인물,garen,가렌,인간,경비대원,greet,인사,NW,있음,12,11,기존 원화 관절 변형,해당 시점 원화,미완료,검수 대기,art-source/pixel-characters/professions-v5/garen/rig.json
직업 인물,garen,가렌,인간,경비대원,greet,인사,NE,있음,12,11,기존 원화 관절 변형,NW 좌우 반전,미완료,검수 대기,art-source/pixel-characters/professions-v5/garen/rig.json
직업 인물,garen,가렌,인간,경비대원,greet,인사,SE,있음,12,11,기존 원화 관절 변형,SW 좌우 반전,미완료,검수 대기,art-source/pixel-characters/professions-v5/garen/rig.json
직업 인물,garen,가렌,인간,경비대원,attack,공격,SW,있음,12,11,기존 원화 관절 변형,해당 시점 원화,미완료,검수 대기,art-source/pixel-characters/professions-v5/garen/rig.json
직업 인물,garen,가렌,인간,경비대원,attack,공격,NW,있음,12,11,기존 원화 관절 변형,해당 시점 원화,미완료,검수 대기,art-source/pixel-characters/professions-v5/garen/rig.json
직업 인물,garen,가렌,인간,경비대원,attack,공격,NE,있음,12,11,기존 원화 관절 변형,NW 좌우 반전,미완료,검수 대기,art-source/pixel-characters/professions-v5/garen/rig.json
직업 인물,garen,가렌,인간,경비대원,attack,공격,SE,있음,12,11,기존 원화 관절 변형,SW 좌우 반전,미완료,검수 대기,art-source/pixel-characters/professions-v5/garen/rig.json
직업 인물,garen,가렌,인간,경비대원,hurt,피격,SW,있음,8,7,기존 원화 관절 변형,해당 시점 원화,미완료,검수 대기,art-source/pixel-characters/professions-v5/garen/rig.json
직업 인물,garen,가렌,인간,경비대원,hurt,피격,NW,있음,8,7,기존 원화 관절 변형,해당 시점 원화,미완료,검수 대기,art-source/pixel-characters/professions-v5/garen/rig.json
직업 인물,garen,가렌,인간,경비대원,hurt,피격,NE,있음,8,7,기존 원화 관절 변형,NW 좌우 반전,미완료,검수 대기,art-source/pixel-characters/professions-v5/garen/rig.json
직업 인물,garen,가렌,인간,경비대원,hurt,피격,SE,있음,8,7,기존 원화 관절 변형,SW 좌우 반전,미완료,검수 대기,art-source/pixel-characters/professions-v5/garen/rig.json
직업 인물,garen,가렌,인간,경비대원,defeat,쓰러짐,SW,있음,16,16,기존 원화 관절 변형,해당 시점 원화,미완료,검수 대기,art-source/pixel-characters/professions-v5/garen/rig.json
직업 인물,garen,가렌,인간,경비대원,defeat,쓰러짐,NW,있음,16,16,기존 원화 관절 변형,해당 시점 원화,미완료,검수 대기,art-source/pixel-characters/professions-v5/garen/rig.json
직업 인물,garen,가렌,인간,경비대원,defeat,쓰러짐,NE,있음,16,16,기존 원화 관절 변형,NW 좌우 반전,미완료,검수 대기,art-source/pixel-characters/professions-v5/garen/rig.json
직업 인물,garen,가렌,인간,경비대원,defeat,쓰러짐,SE,있음,16,16,기존 원화 관절 변형,SW 좌우 반전,미완료,검수 대기,art-source/pixel-characters/professions-v5/garen/rig.json
직업 인물,garen,가렌,인간,경비대원,turn,회전,SW,있음,8,4,기존 원화 관절 변형,해당 시점 원화,미완료,검수 대기,art-source/pixel-characters/professions-v5/garen/rig.json
직업 인물,garen,가렌,인간,경비대원,turn,회전,NW,있음,8,4,기존 원화 관절 변형,해당 시점 원화,미완료,검수 대기,art-source/pixel-characters/professions-v5/garen/rig.json
직업 인물,garen,가렌,인간,경비대원,turn,회전,NE,있음,8,4,기존 원화 관절 변형,NW 좌우 반전,미완료,검수 대기,art-source/pixel-characters/professions-v5/garen/rig.json
직업 인물,garen,가렌,인간,경비대원,turn,회전,SE,있음,8,4,기존 원화 관절 변형,SW 좌우 반전,미완료,검수 대기,art-source/pixel-characters/professions-v5/garen/rig.json
직업 인물,marna,마르나,드워프,제련공,idle,대기,SW,있음,8,2,기존 원화 관절 변형,해당 시점 원화,미완료,검수 대기,art-source/pixel-characters/roster-v4/marna/rig.json
직업 인물,marna,마르나,드워프,제련공,idle,대기,NW,있음,8,2,기존 원화 관절 변형,해당 시점 원화,미완료,검수 대기,art-source/pixel-characters/roster-v4/marna/rig.json
직업 인물,marna,마르나,드워프,제련공,idle,대기,NE,있음,8,2,기존 원화 관절 변형,NW 좌우 반전,미완료,검수 대기,art-source/pixel-characters/roster-v4/marna/rig.json
직업 인물,marna,마르나,드워프,제련공,idle,대기,SE,있음,8,2,기존 원화 관절 변형,SW 좌우 반전,미완료,검수 대기,art-source/pixel-characters/roster-v4/marna/rig.json
직업 인물,marna,마르나,드워프,제련공,walk,걷기·이동,SW,있음,32,32,기존 원화 관절 변형,해당 시점 원화,미완료,검수 대기,art-source/pixel-characters/roster-v4/marna/rig.json
직업 인물,marna,마르나,드워프,제련공,walk,걷기·이동,NW,있음,32,32,기존 원화 관절 변형,해당 시점 원화,미완료,검수 대기,art-source/pixel-characters/roster-v4/marna/rig.json
직업 인물,marna,마르나,드워프,제련공,walk,걷기·이동,NE,있음,32,32,기존 원화 관절 변형,NW 좌우 반전,미완료,검수 대기,art-source/pixel-characters/roster-v4/marna/rig.json
직업 인물,marna,마르나,드워프,제련공,walk,걷기·이동,SE,있음,32,32,기존 원화 관절 변형,SW 좌우 반전,미완료,검수 대기,art-source/pixel-characters/roster-v4/marna/rig.json
직업 인물,marna,마르나,드워프,제련공,carry,운반,SW,있음,32,32,기존 원화 관절 변형,해당 시점 원화,미완료,검수 대기,art-source/pixel-characters/roster-v4/marna/rig.json
직업 인물,marna,마르나,드워프,제련공,carry,운반,NW,있음,32,32,기존 원화 관절 변형,해당 시점 원화,미완료,검수 대기,art-source/pixel-characters/roster-v4/marna/rig.json
직업 인물,marna,마르나,드워프,제련공,carry,운반,NE,있음,32,32,기존 원화 관절 변형,NW 좌우 반전,미완료,검수 대기,art-source/pixel-characters/roster-v4/marna/rig.json
직업 인물,marna,마르나,드워프,제련공,carry,운반,SE,있음,32,32,기존 원화 관절 변형,SW 좌우 반전,미완료,검수 대기,art-source/pixel-characters/roster-v4/marna/rig.json
직업 인물,marna,마르나,드워프,제련공,work,작업,SW,있음,20,18,기존 원화 관절 변형,해당 시점 원화,미완료,검수 대기,art-source/pixel-characters/roster-v4/marna/rig.json
직업 인물,marna,마르나,드워프,제련공,work,작업,NW,있음,20,18,기존 원화 관절 변형,해당 시점 원화,미완료,검수 대기,art-source/pixel-characters/roster-v4/marna/rig.json
직업 인물,marna,마르나,드워프,제련공,work,작업,NE,있음,20,18,기존 원화 관절 변형,NW 좌우 반전,미완료,검수 대기,art-source/pixel-characters/roster-v4/marna/rig.json
직업 인물,marna,마르나,드워프,제련공,work,작업,SE,있음,20,18,기존 원화 관절 변형,SW 좌우 반전,미완료,검수 대기,art-source/pixel-characters/roster-v4/marna/rig.json
직업 인물,marna,마르나,드워프,제련공,pickup,들기,SW,있음,12,12,독립 관절 동작,해당 시점 원화,미완료,검수 대기,art-source/pixel-characters/roster-v4/marna/rig.json
직업 인물,marna,마르나,드워프,제련공,pickup,들기,NW,있음,12,12,독립 관절 동작,해당 시점 원화,미완료,검수 대기,art-source/pixel-characters/roster-v4/marna/rig.json
직업 인물,marna,마르나,드워프,제련공,pickup,들기,NE,있음,12,12,독립 관절 동작,NW 좌우 반전,미완료,검수 대기,art-source/pixel-characters/roster-v4/marna/rig.json
직업 인물,marna,마르나,드워프,제련공,pickup,들기,SE,있음,12,12,독립 관절 동작,SW 좌우 반전,미완료,검수 대기,art-source/pixel-characters/roster-v4/marna/rig.json
직업 인물,marna,마르나,드워프,제련공,drop,놓기,SW,있음,12,12,독립 관절 동작,해당 시점 원화,미완료,검수 대기,art-source/pixel-characters/roster-v4/marna/rig.json
직업 인물,marna,마르나,드워프,제련공,drop,놓기,NW,있음,12,12,독립 관절 동작,해당 시점 원화,미완료,검수 대기,art-source/pixel-characters/roster-v4/marna/rig.json
직업 인물,marna,마르나,드워프,제련공,drop,놓기,NE,있음,12,12,독립 관절 동작,NW 좌우 반전,미완료,검수 대기,art-source/pixel-characters/roster-v4/marna/rig.json
직업 인물,marna,마르나,드워프,제련공,drop,놓기,SE,있음,12,12,독립 관절 동작,SW 좌우 반전,미완료,검수 대기,art-source/pixel-characters/roster-v4/marna/rig.json
직업 인물,marna,마르나,드워프,제련공,greet,인사,SW,있음,12,11,기존 원화 관절 변형,해당 시점 원화,미완료,검수 대기,art-source/pixel-characters/roster-v4/marna/rig.json
직업 인물,marna,마르나,드워프,제련공,greet,인사,NW,있음,12,11,기존 원화 관절 변형,해당 시점 원화,미완료,검수 대기,art-source/pixel-characters/roster-v4/marna/rig.json
직업 인물,marna,마르나,드워프,제련공,greet,인사,NE,있음,12,11,기존 원화 관절 변형,NW 좌우 반전,미완료,검수 대기,art-source/pixel-characters/roster-v4/marna/rig.json
직업 인물,marna,마르나,드워프,제련공,greet,인사,SE,있음,12,11,기존 원화 관절 변형,SW 좌우 반전,미완료,검수 대기,art-source/pixel-characters/roster-v4/marna/rig.json
직업 인물,marna,마르나,드워프,제련공,attack,공격,SW,있음,12,11,기존 원화 관절 변형,해당 시점 원화,미완료,검수 대기,art-source/pixel-characters/roster-v4/marna/rig.json
직업 인물,marna,마르나,드워프,제련공,attack,공격,NW,있음,12,11,기존 원화 관절 변형,해당 시점 원화,미완료,검수 대기,art-source/pixel-characters/roster-v4/marna/rig.json
직업 인물,marna,마르나,드워프,제련공,attack,공격,NE,있음,12,11,기존 원화 관절 변형,NW 좌우 반전,미완료,검수 대기,art-source/pixel-characters/roster-v4/marna/rig.json
직업 인물,marna,마르나,드워프,제련공,attack,공격,SE,있음,12,11,기존 원화 관절 변형,SW 좌우 반전,미완료,검수 대기,art-source/pixel-characters/roster-v4/marna/rig.json
직업 인물,marna,마르나,드워프,제련공,hurt,피격,SW,있음,8,7,기존 원화 관절 변형,해당 시점 원화,미완료,검수 대기,art-source/pixel-characters/roster-v4/marna/rig.json
직업 인물,marna,마르나,드워프,제련공,hurt,피격,NW,있음,8,7,기존 원화 관절 변형,해당 시점 원화,미완료,검수 대기,art-source/pixel-characters/roster-v4/marna/rig.json
직업 인물,marna,마르나,드워프,제련공,hurt,피격,NE,있음,8,7,기존 원화 관절 변형,NW 좌우 반전,미완료,검수 대기,art-source/pixel-characters/roster-v4/marna/rig.json
직업 인물,marna,마르나,드워프,제련공,hurt,피격,SE,있음,8,7,기존 원화 관절 변형,SW 좌우 반전,미완료,검수 대기,art-source/pixel-characters/roster-v4/marna/rig.json
직업 인물,marna,마르나,드워프,제련공,defeat,쓰러짐,SW,있음,16,16,기존 원화 관절 변형,해당 시점 원화,미완료,검수 대기,art-source/pixel-characters/roster-v4/marna/rig.json
직업 인물,marna,마르나,드워프,제련공,defeat,쓰러짐,NW,있음,16,16,기존 원화 관절 변형,해당 시점 원화,미완료,검수 대기,art-source/pixel-characters/roster-v4/marna/rig.json
직업 인물,marna,마르나,드워프,제련공,defeat,쓰러짐,NE,있음,16,16,기존 원화 관절 변형,NW 좌우 반전,미완료,검수 대기,art-source/pixel-characters/roster-v4/marna/rig.json
직업 인물,marna,마르나,드워프,제련공,defeat,쓰러짐,SE,있음,16,16,기존 원화 관절 변형,SW 좌우 반전,미완료,검수 대기,art-source/pixel-characters/roster-v4/marna/rig.json
직업 인물,marna,마르나,드워프,제련공,turn,회전,SW,있음,8,4,기존 원화 관절 변형,해당 시점 원화,미완료,검수 대기,art-source/pixel-characters/roster-v4/marna/rig.json
직업 인물,marna,마르나,드워프,제련공,turn,회전,NW,있음,8,4,기존 원화 관절 변형,해당 시점 원화,미완료,검수 대기,art-source/pixel-characters/roster-v4/marna/rig.json
직업 인물,marna,마르나,드워프,제련공,turn,회전,NE,있음,8,4,기존 원화 관절 변형,NW 좌우 반전,미완료,검수 대기,art-source/pixel-characters/roster-v4/marna/rig.json
직업 인물,marna,마르나,드워프,제련공,turn,회전,SE,있음,8,4,기존 원화 관절 변형,SW 좌우 반전,미완료,검수 대기,art-source/pixel-characters/roster-v4/marna/rig.json
직업 인물,dorin,도린,드워프,광부,idle,대기,SW,있음,8,2,기존 원화 관절 변형,해당 시점 원화,미완료,검수 대기,art-source/pixel-characters/professions-v5/dorin/rig.json
직업 인물,dorin,도린,드워프,광부,idle,대기,NW,있음,8,2,기존 원화 관절 변형,해당 시점 원화,미완료,검수 대기,art-source/pixel-characters/professions-v5/dorin/rig.json
직업 인물,dorin,도린,드워프,광부,idle,대기,NE,있음,8,2,기존 원화 관절 변형,NW 좌우 반전,미완료,검수 대기,art-source/pixel-characters/professions-v5/dorin/rig.json
직업 인물,dorin,도린,드워프,광부,idle,대기,SE,있음,8,2,기존 원화 관절 변형,SW 좌우 반전,미완료,검수 대기,art-source/pixel-characters/professions-v5/dorin/rig.json
직업 인물,dorin,도린,드워프,광부,walk,걷기·이동,SW,있음,32,32,기존 원화 관절 변형,해당 시점 원화,미완료,검수 대기,art-source/pixel-characters/professions-v5/dorin/rig.json
직업 인물,dorin,도린,드워프,광부,walk,걷기·이동,NW,있음,32,32,기존 원화 관절 변형,해당 시점 원화,미완료,검수 대기,art-source/pixel-characters/professions-v5/dorin/rig.json
직업 인물,dorin,도린,드워프,광부,walk,걷기·이동,NE,있음,32,32,기존 원화 관절 변형,NW 좌우 반전,미완료,검수 대기,art-source/pixel-characters/professions-v5/dorin/rig.json
직업 인물,dorin,도린,드워프,광부,walk,걷기·이동,SE,있음,32,32,기존 원화 관절 변형,SW 좌우 반전,미완료,검수 대기,art-source/pixel-characters/professions-v5/dorin/rig.json
직업 인물,dorin,도린,드워프,광부,carry,운반,SW,있음,32,32,기존 원화 관절 변형,해당 시점 원화,미완료,검수 대기,art-source/pixel-characters/professions-v5/dorin/rig.json
직업 인물,dorin,도린,드워프,광부,carry,운반,NW,있음,32,32,기존 원화 관절 변형,해당 시점 원화,미완료,검수 대기,art-source/pixel-characters/professions-v5/dorin/rig.json
직업 인물,dorin,도린,드워프,광부,carry,운반,NE,있음,32,32,기존 원화 관절 변형,NW 좌우 반전,미완료,검수 대기,art-source/pixel-characters/professions-v5/dorin/rig.json
직업 인물,dorin,도린,드워프,광부,carry,운반,SE,있음,32,32,기존 원화 관절 변형,SW 좌우 반전,미완료,검수 대기,art-source/pixel-characters/professions-v5/dorin/rig.json
직업 인물,dorin,도린,드워프,광부,work,작업,SW,있음,20,18,기존 원화 관절 변형,해당 시점 원화,미완료,검수 대기,art-source/pixel-characters/professions-v5/dorin/rig.json
직업 인물,dorin,도린,드워프,광부,work,작업,NW,있음,20,18,기존 원화 관절 변형,해당 시점 원화,미완료,검수 대기,art-source/pixel-characters/professions-v5/dorin/rig.json
직업 인물,dorin,도린,드워프,광부,work,작업,NE,있음,20,18,기존 원화 관절 변형,NW 좌우 반전,미완료,검수 대기,art-source/pixel-characters/professions-v5/dorin/rig.json
직업 인물,dorin,도린,드워프,광부,work,작업,SE,있음,20,18,기존 원화 관절 변형,SW 좌우 반전,미완료,검수 대기,art-source/pixel-characters/professions-v5/dorin/rig.json
직업 인물,dorin,도린,드워프,광부,pickup,들기,SW,있음,12,12,독립 관절 동작,해당 시점 원화,미완료,검수 대기,art-source/pixel-characters/professions-v5/dorin/rig.json
직업 인물,dorin,도린,드워프,광부,pickup,들기,NW,있음,12,12,독립 관절 동작,해당 시점 원화,미완료,검수 대기,art-source/pixel-characters/professions-v5/dorin/rig.json
직업 인물,dorin,도린,드워프,광부,pickup,들기,NE,있음,12,12,독립 관절 동작,NW 좌우 반전,미완료,검수 대기,art-source/pixel-characters/professions-v5/dorin/rig.json
직업 인물,dorin,도린,드워프,광부,pickup,들기,SE,있음,12,12,독립 관절 동작,SW 좌우 반전,미완료,검수 대기,art-source/pixel-characters/professions-v5/dorin/rig.json
직업 인물,dorin,도린,드워프,광부,drop,놓기,SW,있음,12,12,독립 관절 동작,해당 시점 원화,미완료,검수 대기,art-source/pixel-characters/professions-v5/dorin/rig.json
직업 인물,dorin,도린,드워프,광부,drop,놓기,NW,있음,12,12,독립 관절 동작,해당 시점 원화,미완료,검수 대기,art-source/pixel-characters/professions-v5/dorin/rig.json
직업 인물,dorin,도린,드워프,광부,drop,놓기,NE,있음,12,12,독립 관절 동작,NW 좌우 반전,미완료,검수 대기,art-source/pixel-characters/professions-v5/dorin/rig.json
직업 인물,dorin,도린,드워프,광부,drop,놓기,SE,있음,12,12,독립 관절 동작,SW 좌우 반전,미완료,검수 대기,art-source/pixel-characters/professions-v5/dorin/rig.json
직업 인물,dorin,도린,드워프,광부,greet,인사,SW,있음,12,11,기존 원화 관절 변형,해당 시점 원화,미완료,검수 대기,art-source/pixel-characters/professions-v5/dorin/rig.json
직업 인물,dorin,도린,드워프,광부,greet,인사,NW,있음,12,11,기존 원화 관절 변형,해당 시점 원화,미완료,검수 대기,art-source/pixel-characters/professions-v5/dorin/rig.json
직업 인물,dorin,도린,드워프,광부,greet,인사,NE,있음,12,11,기존 원화 관절 변형,NW 좌우 반전,미완료,검수 대기,art-source/pixel-characters/professions-v5/dorin/rig.json
직업 인물,dorin,도린,드워프,광부,greet,인사,SE,있음,12,11,기존 원화 관절 변형,SW 좌우 반전,미완료,검수 대기,art-source/pixel-characters/professions-v5/dorin/rig.json
직업 인물,dorin,도린,드워프,광부,attack,공격,SW,있음,12,11,기존 원화 관절 변형,해당 시점 원화,미완료,검수 대기,art-source/pixel-characters/professions-v5/dorin/rig.json
직업 인물,dorin,도린,드워프,광부,attack,공격,NW,있음,12,11,기존 원화 관절 변형,해당 시점 원화,미완료,검수 대기,art-source/pixel-characters/professions-v5/dorin/rig.json
직업 인물,dorin,도린,드워프,광부,attack,공격,NE,있음,12,11,기존 원화 관절 변형,NW 좌우 반전,미완료,검수 대기,art-source/pixel-characters/professions-v5/dorin/rig.json
직업 인물,dorin,도린,드워프,광부,attack,공격,SE,있음,12,11,기존 원화 관절 변형,SW 좌우 반전,미완료,검수 대기,art-source/pixel-characters/professions-v5/dorin/rig.json
직업 인물,dorin,도린,드워프,광부,hurt,피격,SW,있음,8,7,기존 원화 관절 변형,해당 시점 원화,미완료,검수 대기,art-source/pixel-characters/professions-v5/dorin/rig.json
직업 인물,dorin,도린,드워프,광부,hurt,피격,NW,있음,8,7,기존 원화 관절 변형,해당 시점 원화,미완료,검수 대기,art-source/pixel-characters/professions-v5/dorin/rig.json
직업 인물,dorin,도린,드워프,광부,hurt,피격,NE,있음,8,7,기존 원화 관절 변형,NW 좌우 반전,미완료,검수 대기,art-source/pixel-characters/professions-v5/dorin/rig.json
직업 인물,dorin,도린,드워프,광부,hurt,피격,SE,있음,8,7,기존 원화 관절 변형,SW 좌우 반전,미완료,검수 대기,art-source/pixel-characters/professions-v5/dorin/rig.json
직업 인물,dorin,도린,드워프,광부,defeat,쓰러짐,SW,있음,16,16,기존 원화 관절 변형,해당 시점 원화,미완료,검수 대기,art-source/pixel-characters/professions-v5/dorin/rig.json
직업 인물,dorin,도린,드워프,광부,defeat,쓰러짐,NW,있음,16,16,기존 원화 관절 변형,해당 시점 원화,미완료,검수 대기,art-source/pixel-characters/professions-v5/dorin/rig.json
직업 인물,dorin,도린,드워프,광부,defeat,쓰러짐,NE,있음,16,16,기존 원화 관절 변형,NW 좌우 반전,미완료,검수 대기,art-source/pixel-characters/professions-v5/dorin/rig.json
직업 인물,dorin,도린,드워프,광부,defeat,쓰러짐,SE,있음,16,16,기존 원화 관절 변형,SW 좌우 반전,미완료,검수 대기,art-source/pixel-characters/professions-v5/dorin/rig.json
직업 인물,dorin,도린,드워프,광부,turn,회전,SW,있음,8,4,기존 원화 관절 변형,해당 시점 원화,미완료,검수 대기,art-source/pixel-characters/professions-v5/dorin/rig.json
직업 인물,dorin,도린,드워프,광부,turn,회전,NW,있음,8,4,기존 원화 관절 변형,해당 시점 원화,미완료,검수 대기,art-source/pixel-characters/professions-v5/dorin/rig.json
직업 인물,dorin,도린,드워프,광부,turn,회전,NE,있음,8,4,기존 원화 관절 변형,NW 좌우 반전,미완료,검수 대기,art-source/pixel-characters/professions-v5/dorin/rig.json
직업 인물,dorin,도린,드워프,광부,turn,회전,SE,있음,8,4,기존 원화 관절 변형,SW 좌우 반전,미완료,검수 대기,art-source/pixel-characters/professions-v5/dorin/rig.json
직업 인물,borik,보리크,드워프,유리공,idle,대기,SW,있음,8,2,기존 원화 관절 변형,해당 시점 원화,미완료,검수 대기,art-source/pixel-characters/professions-v5/borik/rig.json
직업 인물,borik,보리크,드워프,유리공,idle,대기,NW,있음,8,2,기존 원화 관절 변형,해당 시점 원화,미완료,검수 대기,art-source/pixel-characters/professions-v5/borik/rig.json
직업 인물,borik,보리크,드워프,유리공,idle,대기,NE,있음,8,2,기존 원화 관절 변형,NW 좌우 반전,미완료,검수 대기,art-source/pixel-characters/professions-v5/borik/rig.json
직업 인물,borik,보리크,드워프,유리공,idle,대기,SE,있음,8,2,기존 원화 관절 변형,SW 좌우 반전,미완료,검수 대기,art-source/pixel-characters/professions-v5/borik/rig.json
직업 인물,borik,보리크,드워프,유리공,walk,걷기·이동,SW,있음,32,32,기존 원화 관절 변형,해당 시점 원화,미완료,검수 대기,art-source/pixel-characters/professions-v5/borik/rig.json
직업 인물,borik,보리크,드워프,유리공,walk,걷기·이동,NW,있음,32,32,기존 원화 관절 변형,해당 시점 원화,미완료,검수 대기,art-source/pixel-characters/professions-v5/borik/rig.json
직업 인물,borik,보리크,드워프,유리공,walk,걷기·이동,NE,있음,32,32,기존 원화 관절 변형,NW 좌우 반전,미완료,검수 대기,art-source/pixel-characters/professions-v5/borik/rig.json
직업 인물,borik,보리크,드워프,유리공,walk,걷기·이동,SE,있음,32,32,기존 원화 관절 변형,SW 좌우 반전,미완료,검수 대기,art-source/pixel-characters/professions-v5/borik/rig.json
직업 인물,borik,보리크,드워프,유리공,carry,운반,SW,있음,32,32,기존 원화 관절 변형,해당 시점 원화,미완료,검수 대기,art-source/pixel-characters/professions-v5/borik/rig.json
직업 인물,borik,보리크,드워프,유리공,carry,운반,NW,있음,32,32,기존 원화 관절 변형,해당 시점 원화,미완료,검수 대기,art-source/pixel-characters/professions-v5/borik/rig.json
직업 인물,borik,보리크,드워프,유리공,carry,운반,NE,있음,32,32,기존 원화 관절 변형,NW 좌우 반전,미완료,검수 대기,art-source/pixel-characters/professions-v5/borik/rig.json
직업 인물,borik,보리크,드워프,유리공,carry,운반,SE,있음,32,32,기존 원화 관절 변형,SW 좌우 반전,미완료,검수 대기,art-source/pixel-characters/professions-v5/borik/rig.json
직업 인물,borik,보리크,드워프,유리공,work,작업,SW,있음,20,20,기존 원화 관절 변형,해당 시점 원화,미완료,검수 대기,art-source/pixel-characters/professions-v5/borik/rig.json
직업 인물,borik,보리크,드워프,유리공,work,작업,NW,있음,20,20,기존 원화 관절 변형,해당 시점 원화,미완료,검수 대기,art-source/pixel-characters/professions-v5/borik/rig.json
직업 인물,borik,보리크,드워프,유리공,work,작업,NE,있음,20,20,기존 원화 관절 변형,NW 좌우 반전,미완료,검수 대기,art-source/pixel-characters/professions-v5/borik/rig.json
직업 인물,borik,보리크,드워프,유리공,work,작업,SE,있음,20,20,기존 원화 관절 변형,SW 좌우 반전,미완료,검수 대기,art-source/pixel-characters/professions-v5/borik/rig.json
직업 인물,borik,보리크,드워프,유리공,pickup,들기,SW,있음,12,12,독립 관절 동작,해당 시점 원화,미완료,검수 대기,art-source/pixel-characters/professions-v5/borik/rig.json
직업 인물,borik,보리크,드워프,유리공,pickup,들기,NW,있음,12,12,독립 관절 동작,해당 시점 원화,미완료,검수 대기,art-source/pixel-characters/professions-v5/borik/rig.json
직업 인물,borik,보리크,드워프,유리공,pickup,들기,NE,있음,12,12,독립 관절 동작,NW 좌우 반전,미완료,검수 대기,art-source/pixel-characters/professions-v5/borik/rig.json
직업 인물,borik,보리크,드워프,유리공,pickup,들기,SE,있음,12,12,독립 관절 동작,SW 좌우 반전,미완료,검수 대기,art-source/pixel-characters/professions-v5/borik/rig.json
직업 인물,borik,보리크,드워프,유리공,drop,놓기,SW,있음,12,12,독립 관절 동작,해당 시점 원화,미완료,검수 대기,art-source/pixel-characters/professions-v5/borik/rig.json
직업 인물,borik,보리크,드워프,유리공,drop,놓기,NW,있음,12,12,독립 관절 동작,해당 시점 원화,미완료,검수 대기,art-source/pixel-characters/professions-v5/borik/rig.json
직업 인물,borik,보리크,드워프,유리공,drop,놓기,NE,있음,12,12,독립 관절 동작,NW 좌우 반전,미완료,검수 대기,art-source/pixel-characters/professions-v5/borik/rig.json
직업 인물,borik,보리크,드워프,유리공,drop,놓기,SE,있음,12,12,독립 관절 동작,SW 좌우 반전,미완료,검수 대기,art-source/pixel-characters/professions-v5/borik/rig.json
직업 인물,borik,보리크,드워프,유리공,greet,인사,SW,있음,12,11,기존 원화 관절 변형,해당 시점 원화,미완료,검수 대기,art-source/pixel-characters/professions-v5/borik/rig.json
직업 인물,borik,보리크,드워프,유리공,greet,인사,NW,있음,12,11,기존 원화 관절 변형,해당 시점 원화,미완료,검수 대기,art-source/pixel-characters/professions-v5/borik/rig.json
직업 인물,borik,보리크,드워프,유리공,greet,인사,NE,있음,12,11,기존 원화 관절 변형,NW 좌우 반전,미완료,검수 대기,art-source/pixel-characters/professions-v5/borik/rig.json
직업 인물,borik,보리크,드워프,유리공,greet,인사,SE,있음,12,11,기존 원화 관절 변형,SW 좌우 반전,미완료,검수 대기,art-source/pixel-characters/professions-v5/borik/rig.json
직업 인물,borik,보리크,드워프,유리공,attack,공격,SW,있음,12,11,기존 원화 관절 변형,해당 시점 원화,미완료,검수 대기,art-source/pixel-characters/professions-v5/borik/rig.json
직업 인물,borik,보리크,드워프,유리공,attack,공격,NW,있음,12,11,기존 원화 관절 변형,해당 시점 원화,미완료,검수 대기,art-source/pixel-characters/professions-v5/borik/rig.json
직업 인물,borik,보리크,드워프,유리공,attack,공격,NE,있음,12,11,기존 원화 관절 변형,NW 좌우 반전,미완료,검수 대기,art-source/pixel-characters/professions-v5/borik/rig.json
직업 인물,borik,보리크,드워프,유리공,attack,공격,SE,있음,12,11,기존 원화 관절 변형,SW 좌우 반전,미완료,검수 대기,art-source/pixel-characters/professions-v5/borik/rig.json
직업 인물,borik,보리크,드워프,유리공,hurt,피격,SW,있음,8,7,기존 원화 관절 변형,해당 시점 원화,미완료,검수 대기,art-source/pixel-characters/professions-v5/borik/rig.json
직업 인물,borik,보리크,드워프,유리공,hurt,피격,NW,있음,8,7,기존 원화 관절 변형,해당 시점 원화,미완료,검수 대기,art-source/pixel-characters/professions-v5/borik/rig.json
직업 인물,borik,보리크,드워프,유리공,hurt,피격,NE,있음,8,7,기존 원화 관절 변형,NW 좌우 반전,미완료,검수 대기,art-source/pixel-characters/professions-v5/borik/rig.json
직업 인물,borik,보리크,드워프,유리공,hurt,피격,SE,있음,8,7,기존 원화 관절 변형,SW 좌우 반전,미완료,검수 대기,art-source/pixel-characters/professions-v5/borik/rig.json
직업 인물,borik,보리크,드워프,유리공,defeat,쓰러짐,SW,있음,16,16,기존 원화 관절 변형,해당 시점 원화,미완료,검수 대기,art-source/pixel-characters/professions-v5/borik/rig.json
직업 인물,borik,보리크,드워프,유리공,defeat,쓰러짐,NW,있음,16,16,기존 원화 관절 변형,해당 시점 원화,미완료,검수 대기,art-source/pixel-characters/professions-v5/borik/rig.json
직업 인물,borik,보리크,드워프,유리공,defeat,쓰러짐,NE,있음,16,16,기존 원화 관절 변형,NW 좌우 반전,미완료,검수 대기,art-source/pixel-characters/professions-v5/borik/rig.json
직업 인물,borik,보리크,드워프,유리공,defeat,쓰러짐,SE,있음,16,16,기존 원화 관절 변형,SW 좌우 반전,미완료,검수 대기,art-source/pixel-characters/professions-v5/borik/rig.json
직업 인물,borik,보리크,드워프,유리공,turn,회전,SW,있음,8,4,기존 원화 관절 변형,해당 시점 원화,미완료,검수 대기,art-source/pixel-characters/professions-v5/borik/rig.json
직업 인물,borik,보리크,드워프,유리공,turn,회전,NW,있음,8,4,기존 원화 관절 변형,해당 시점 원화,미완료,검수 대기,art-source/pixel-characters/professions-v5/borik/rig.json
직업 인물,borik,보리크,드워프,유리공,turn,회전,NE,있음,8,4,기존 원화 관절 변형,NW 좌우 반전,미완료,검수 대기,art-source/pixel-characters/professions-v5/borik/rig.json
직업 인물,borik,보리크,드워프,유리공,turn,회전,SE,있음,8,4,기존 원화 관절 변형,SW 좌우 반전,미완료,검수 대기,art-source/pixel-characters/professions-v5/borik/rig.json
직업 인물,otto,오토,드워프,철도원,idle,대기,SW,있음,8,2,기존 원화 관절 변형,해당 시점 원화,미완료,검수 대기,art-source/pixel-characters/professions-v5/otto/rig.json
직업 인물,otto,오토,드워프,철도원,idle,대기,NW,있음,8,2,기존 원화 관절 변형,해당 시점 원화,미완료,검수 대기,art-source/pixel-characters/professions-v5/otto/rig.json
직업 인물,otto,오토,드워프,철도원,idle,대기,NE,있음,8,2,기존 원화 관절 변형,NW 좌우 반전,미완료,검수 대기,art-source/pixel-characters/professions-v5/otto/rig.json
직업 인물,otto,오토,드워프,철도원,idle,대기,SE,있음,8,2,기존 원화 관절 변형,SW 좌우 반전,미완료,검수 대기,art-source/pixel-characters/professions-v5/otto/rig.json
직업 인물,otto,오토,드워프,철도원,walk,걷기·이동,SW,있음,32,32,기존 원화 관절 변형,해당 시점 원화,미완료,검수 대기,art-source/pixel-characters/professions-v5/otto/rig.json
직업 인물,otto,오토,드워프,철도원,walk,걷기·이동,NW,있음,32,32,기존 원화 관절 변형,해당 시점 원화,미완료,검수 대기,art-source/pixel-characters/professions-v5/otto/rig.json
직업 인물,otto,오토,드워프,철도원,walk,걷기·이동,NE,있음,32,32,기존 원화 관절 변형,NW 좌우 반전,미완료,검수 대기,art-source/pixel-characters/professions-v5/otto/rig.json
직업 인물,otto,오토,드워프,철도원,walk,걷기·이동,SE,있음,32,32,기존 원화 관절 변형,SW 좌우 반전,미완료,검수 대기,art-source/pixel-characters/professions-v5/otto/rig.json
직업 인물,otto,오토,드워프,철도원,carry,운반,SW,있음,32,32,기존 원화 관절 변형,해당 시점 원화,미완료,검수 대기,art-source/pixel-characters/professions-v5/otto/rig.json
직업 인물,otto,오토,드워프,철도원,carry,운반,NW,있음,32,32,기존 원화 관절 변형,해당 시점 원화,미완료,검수 대기,art-source/pixel-characters/professions-v5/otto/rig.json
직업 인물,otto,오토,드워프,철도원,carry,운반,NE,있음,32,32,기존 원화 관절 변형,NW 좌우 반전,미완료,검수 대기,art-source/pixel-characters/professions-v5/otto/rig.json
직업 인물,otto,오토,드워프,철도원,carry,운반,SE,있음,32,32,기존 원화 관절 변형,SW 좌우 반전,미완료,검수 대기,art-source/pixel-characters/professions-v5/otto/rig.json
직업 인물,otto,오토,드워프,철도원,work,작업,SW,있음,20,20,기존 원화 관절 변형,해당 시점 원화,미완료,검수 대기,art-source/pixel-characters/professions-v5/otto/rig.json
직업 인물,otto,오토,드워프,철도원,work,작업,NW,있음,20,20,기존 원화 관절 변형,해당 시점 원화,미완료,검수 대기,art-source/pixel-characters/professions-v5/otto/rig.json
직업 인물,otto,오토,드워프,철도원,work,작업,NE,있음,20,20,기존 원화 관절 변형,NW 좌우 반전,미완료,검수 대기,art-source/pixel-characters/professions-v5/otto/rig.json
직업 인물,otto,오토,드워프,철도원,work,작업,SE,있음,20,20,기존 원화 관절 변형,SW 좌우 반전,미완료,검수 대기,art-source/pixel-characters/professions-v5/otto/rig.json
직업 인물,otto,오토,드워프,철도원,pickup,들기,SW,있음,12,12,독립 관절 동작,해당 시점 원화,미완료,검수 대기,art-source/pixel-characters/professions-v5/otto/rig.json
직업 인물,otto,오토,드워프,철도원,pickup,들기,NW,있음,12,12,독립 관절 동작,해당 시점 원화,미완료,검수 대기,art-source/pixel-characters/professions-v5/otto/rig.json
직업 인물,otto,오토,드워프,철도원,pickup,들기,NE,있음,12,12,독립 관절 동작,NW 좌우 반전,미완료,검수 대기,art-source/pixel-characters/professions-v5/otto/rig.json
직업 인물,otto,오토,드워프,철도원,pickup,들기,SE,있음,12,12,독립 관절 동작,SW 좌우 반전,미완료,검수 대기,art-source/pixel-characters/professions-v5/otto/rig.json
직업 인물,otto,오토,드워프,철도원,drop,놓기,SW,있음,12,12,독립 관절 동작,해당 시점 원화,미완료,검수 대기,art-source/pixel-characters/professions-v5/otto/rig.json
직업 인물,otto,오토,드워프,철도원,drop,놓기,NW,있음,12,12,독립 관절 동작,해당 시점 원화,미완료,검수 대기,art-source/pixel-characters/professions-v5/otto/rig.json
직업 인물,otto,오토,드워프,철도원,drop,놓기,NE,있음,12,12,독립 관절 동작,NW 좌우 반전,미완료,검수 대기,art-source/pixel-characters/professions-v5/otto/rig.json
직업 인물,otto,오토,드워프,철도원,drop,놓기,SE,있음,12,12,독립 관절 동작,SW 좌우 반전,미완료,검수 대기,art-source/pixel-characters/professions-v5/otto/rig.json
직업 인물,otto,오토,드워프,철도원,greet,인사,SW,있음,12,11,기존 원화 관절 변형,해당 시점 원화,미완료,검수 대기,art-source/pixel-characters/professions-v5/otto/rig.json
직업 인물,otto,오토,드워프,철도원,greet,인사,NW,있음,12,11,기존 원화 관절 변형,해당 시점 원화,미완료,검수 대기,art-source/pixel-characters/professions-v5/otto/rig.json
직업 인물,otto,오토,드워프,철도원,greet,인사,NE,있음,12,11,기존 원화 관절 변형,NW 좌우 반전,미완료,검수 대기,art-source/pixel-characters/professions-v5/otto/rig.json
직업 인물,otto,오토,드워프,철도원,greet,인사,SE,있음,12,11,기존 원화 관절 변형,SW 좌우 반전,미완료,검수 대기,art-source/pixel-characters/professions-v5/otto/rig.json
직업 인물,otto,오토,드워프,철도원,attack,공격,SW,있음,12,11,기존 원화 관절 변형,해당 시점 원화,미완료,검수 대기,art-source/pixel-characters/professions-v5/otto/rig.json
직업 인물,otto,오토,드워프,철도원,attack,공격,NW,있음,12,11,기존 원화 관절 변형,해당 시점 원화,미완료,검수 대기,art-source/pixel-characters/professions-v5/otto/rig.json
직업 인물,otto,오토,드워프,철도원,attack,공격,NE,있음,12,11,기존 원화 관절 변형,NW 좌우 반전,미완료,검수 대기,art-source/pixel-characters/professions-v5/otto/rig.json
직업 인물,otto,오토,드워프,철도원,attack,공격,SE,있음,12,11,기존 원화 관절 변형,SW 좌우 반전,미완료,검수 대기,art-source/pixel-characters/professions-v5/otto/rig.json
직업 인물,otto,오토,드워프,철도원,hurt,피격,SW,있음,8,7,기존 원화 관절 변형,해당 시점 원화,미완료,검수 대기,art-source/pixel-characters/professions-v5/otto/rig.json
직업 인물,otto,오토,드워프,철도원,hurt,피격,NW,있음,8,7,기존 원화 관절 변형,해당 시점 원화,미완료,검수 대기,art-source/pixel-characters/professions-v5/otto/rig.json
직업 인물,otto,오토,드워프,철도원,hurt,피격,NE,있음,8,7,기존 원화 관절 변형,NW 좌우 반전,미완료,검수 대기,art-source/pixel-characters/professions-v5/otto/rig.json
직업 인물,otto,오토,드워프,철도원,hurt,피격,SE,있음,8,7,기존 원화 관절 변형,SW 좌우 반전,미완료,검수 대기,art-source/pixel-characters/professions-v5/otto/rig.json
직업 인물,otto,오토,드워프,철도원,defeat,쓰러짐,SW,있음,16,16,기존 원화 관절 변형,해당 시점 원화,미완료,검수 대기,art-source/pixel-characters/professions-v5/otto/rig.json
직업 인물,otto,오토,드워프,철도원,defeat,쓰러짐,NW,있음,16,16,기존 원화 관절 변형,해당 시점 원화,미완료,검수 대기,art-source/pixel-characters/professions-v5/otto/rig.json
직업 인물,otto,오토,드워프,철도원,defeat,쓰러짐,NE,있음,16,16,기존 원화 관절 변형,NW 좌우 반전,미완료,검수 대기,art-source/pixel-characters/professions-v5/otto/rig.json
직업 인물,otto,오토,드워프,철도원,defeat,쓰러짐,SE,있음,16,16,기존 원화 관절 변형,SW 좌우 반전,미완료,검수 대기,art-source/pixel-characters/professions-v5/otto/rig.json
직업 인물,otto,오토,드워프,철도원,turn,회전,SW,있음,8,4,기존 원화 관절 변형,해당 시점 원화,미완료,검수 대기,art-source/pixel-characters/professions-v5/otto/rig.json
직업 인물,otto,오토,드워프,철도원,turn,회전,NW,있음,8,4,기존 원화 관절 변형,해당 시점 원화,미완료,검수 대기,art-source/pixel-characters/professions-v5/otto/rig.json
직업 인물,otto,오토,드워프,철도원,turn,회전,NE,있음,8,4,기존 원화 관절 변형,NW 좌우 반전,미완료,검수 대기,art-source/pixel-characters/professions-v5/otto/rig.json
직업 인물,otto,오토,드워프,철도원,turn,회전,SE,있음,8,4,기존 원화 관절 변형,SW 좌우 반전,미완료,검수 대기,art-source/pixel-characters/professions-v5/otto/rig.json
직업 인물,ael,아엘,엘프,벌목·목공,idle,대기,SW,있음,8,2,기존 원화 관절 변형,해당 시점 원화,미완료,검수 대기,art-source/pixel-characters/roster-v4/ael/rig.json
직업 인물,ael,아엘,엘프,벌목·목공,idle,대기,NW,있음,8,2,기존 원화 관절 변형,해당 시점 원화,미완료,검수 대기,art-source/pixel-characters/roster-v4/ael/rig.json
직업 인물,ael,아엘,엘프,벌목·목공,idle,대기,NE,있음,8,2,기존 원화 관절 변형,NW 좌우 반전,미완료,검수 대기,art-source/pixel-characters/roster-v4/ael/rig.json
직업 인물,ael,아엘,엘프,벌목·목공,idle,대기,SE,있음,8,2,기존 원화 관절 변형,SW 좌우 반전,미완료,검수 대기,art-source/pixel-characters/roster-v4/ael/rig.json
직업 인물,ael,아엘,엘프,벌목·목공,walk,걷기·이동,SW,있음,32,32,기존 원화 관절 변형,해당 시점 원화,미완료,검수 대기,art-source/pixel-characters/roster-v4/ael/rig.json
직업 인물,ael,아엘,엘프,벌목·목공,walk,걷기·이동,NW,있음,32,32,기존 원화 관절 변형,해당 시점 원화,미완료,검수 대기,art-source/pixel-characters/roster-v4/ael/rig.json
직업 인물,ael,아엘,엘프,벌목·목공,walk,걷기·이동,NE,있음,32,32,기존 원화 관절 변형,NW 좌우 반전,미완료,검수 대기,art-source/pixel-characters/roster-v4/ael/rig.json
직업 인물,ael,아엘,엘프,벌목·목공,walk,걷기·이동,SE,있음,32,32,기존 원화 관절 변형,SW 좌우 반전,미완료,검수 대기,art-source/pixel-characters/roster-v4/ael/rig.json
직업 인물,ael,아엘,엘프,벌목·목공,carry,운반,SW,있음,32,32,기존 원화 관절 변형,해당 시점 원화,미완료,검수 대기,art-source/pixel-characters/roster-v4/ael/rig.json
직업 인물,ael,아엘,엘프,벌목·목공,carry,운반,NW,있음,32,32,기존 원화 관절 변형,해당 시점 원화,미완료,검수 대기,art-source/pixel-characters/roster-v4/ael/rig.json
직업 인물,ael,아엘,엘프,벌목·목공,carry,운반,NE,있음,32,32,기존 원화 관절 변형,NW 좌우 반전,미완료,검수 대기,art-source/pixel-characters/roster-v4/ael/rig.json
직업 인물,ael,아엘,엘프,벌목·목공,carry,운반,SE,있음,32,32,기존 원화 관절 변형,SW 좌우 반전,미완료,검수 대기,art-source/pixel-characters/roster-v4/ael/rig.json
직업 인물,ael,아엘,엘프,벌목·목공,work,작업,SW,있음,20,18,기존 원화 관절 변형,해당 시점 원화,미완료,검수 대기,art-source/pixel-characters/roster-v4/ael/rig.json
직업 인물,ael,아엘,엘프,벌목·목공,work,작업,NW,있음,20,18,기존 원화 관절 변형,해당 시점 원화,미완료,검수 대기,art-source/pixel-characters/roster-v4/ael/rig.json
직업 인물,ael,아엘,엘프,벌목·목공,work,작업,NE,있음,20,18,기존 원화 관절 변형,NW 좌우 반전,미완료,검수 대기,art-source/pixel-characters/roster-v4/ael/rig.json
직업 인물,ael,아엘,엘프,벌목·목공,work,작업,SE,있음,20,18,기존 원화 관절 변형,SW 좌우 반전,미완료,검수 대기,art-source/pixel-characters/roster-v4/ael/rig.json
직업 인물,ael,아엘,엘프,벌목·목공,pickup,들기,SW,있음,12,12,독립 관절 동작,해당 시점 원화,미완료,검수 대기,art-source/pixel-characters/roster-v4/ael/rig.json
직업 인물,ael,아엘,엘프,벌목·목공,pickup,들기,NW,있음,12,12,독립 관절 동작,해당 시점 원화,미완료,검수 대기,art-source/pixel-characters/roster-v4/ael/rig.json
직업 인물,ael,아엘,엘프,벌목·목공,pickup,들기,NE,있음,12,12,독립 관절 동작,NW 좌우 반전,미완료,검수 대기,art-source/pixel-characters/roster-v4/ael/rig.json
직업 인물,ael,아엘,엘프,벌목·목공,pickup,들기,SE,있음,12,12,독립 관절 동작,SW 좌우 반전,미완료,검수 대기,art-source/pixel-characters/roster-v4/ael/rig.json
직업 인물,ael,아엘,엘프,벌목·목공,drop,놓기,SW,있음,12,12,독립 관절 동작,해당 시점 원화,미완료,검수 대기,art-source/pixel-characters/roster-v4/ael/rig.json
직업 인물,ael,아엘,엘프,벌목·목공,drop,놓기,NW,있음,12,12,독립 관절 동작,해당 시점 원화,미완료,검수 대기,art-source/pixel-characters/roster-v4/ael/rig.json
직업 인물,ael,아엘,엘프,벌목·목공,drop,놓기,NE,있음,12,12,독립 관절 동작,NW 좌우 반전,미완료,검수 대기,art-source/pixel-characters/roster-v4/ael/rig.json
직업 인물,ael,아엘,엘프,벌목·목공,drop,놓기,SE,있음,12,12,독립 관절 동작,SW 좌우 반전,미완료,검수 대기,art-source/pixel-characters/roster-v4/ael/rig.json
직업 인물,ael,아엘,엘프,벌목·목공,greet,인사,SW,있음,12,11,기존 원화 관절 변형,해당 시점 원화,미완료,검수 대기,art-source/pixel-characters/roster-v4/ael/rig.json
직업 인물,ael,아엘,엘프,벌목·목공,greet,인사,NW,있음,12,11,기존 원화 관절 변형,해당 시점 원화,미완료,검수 대기,art-source/pixel-characters/roster-v4/ael/rig.json
직업 인물,ael,아엘,엘프,벌목·목공,greet,인사,NE,있음,12,11,기존 원화 관절 변형,NW 좌우 반전,미완료,검수 대기,art-source/pixel-characters/roster-v4/ael/rig.json
직업 인물,ael,아엘,엘프,벌목·목공,greet,인사,SE,있음,12,11,기존 원화 관절 변형,SW 좌우 반전,미완료,검수 대기,art-source/pixel-characters/roster-v4/ael/rig.json
직업 인물,ael,아엘,엘프,벌목·목공,attack,공격,SW,있음,12,11,기존 원화 관절 변형,해당 시점 원화,미완료,검수 대기,art-source/pixel-characters/roster-v4/ael/rig.json
직업 인물,ael,아엘,엘프,벌목·목공,attack,공격,NW,있음,12,11,기존 원화 관절 변형,해당 시점 원화,미완료,검수 대기,art-source/pixel-characters/roster-v4/ael/rig.json
직업 인물,ael,아엘,엘프,벌목·목공,attack,공격,NE,있음,12,11,기존 원화 관절 변형,NW 좌우 반전,미완료,검수 대기,art-source/pixel-characters/roster-v4/ael/rig.json
직업 인물,ael,아엘,엘프,벌목·목공,attack,공격,SE,있음,12,11,기존 원화 관절 변형,SW 좌우 반전,미완료,검수 대기,art-source/pixel-characters/roster-v4/ael/rig.json
직업 인물,ael,아엘,엘프,벌목·목공,hurt,피격,SW,있음,8,7,기존 원화 관절 변형,해당 시점 원화,미완료,검수 대기,art-source/pixel-characters/roster-v4/ael/rig.json
직업 인물,ael,아엘,엘프,벌목·목공,hurt,피격,NW,있음,8,7,기존 원화 관절 변형,해당 시점 원화,미완료,검수 대기,art-source/pixel-characters/roster-v4/ael/rig.json
직업 인물,ael,아엘,엘프,벌목·목공,hurt,피격,NE,있음,8,7,기존 원화 관절 변형,NW 좌우 반전,미완료,검수 대기,art-source/pixel-characters/roster-v4/ael/rig.json
직업 인물,ael,아엘,엘프,벌목·목공,hurt,피격,SE,있음,8,7,기존 원화 관절 변형,SW 좌우 반전,미완료,검수 대기,art-source/pixel-characters/roster-v4/ael/rig.json
직업 인물,ael,아엘,엘프,벌목·목공,defeat,쓰러짐,SW,있음,16,16,기존 원화 관절 변형,해당 시점 원화,미완료,검수 대기,art-source/pixel-characters/roster-v4/ael/rig.json
직업 인물,ael,아엘,엘프,벌목·목공,defeat,쓰러짐,NW,있음,16,16,기존 원화 관절 변형,해당 시점 원화,미완료,검수 대기,art-source/pixel-characters/roster-v4/ael/rig.json
직업 인물,ael,아엘,엘프,벌목·목공,defeat,쓰러짐,NE,있음,16,16,기존 원화 관절 변형,NW 좌우 반전,미완료,검수 대기,art-source/pixel-characters/roster-v4/ael/rig.json
직업 인물,ael,아엘,엘프,벌목·목공,defeat,쓰러짐,SE,있음,16,16,기존 원화 관절 변형,SW 좌우 반전,미완료,검수 대기,art-source/pixel-characters/roster-v4/ael/rig.json
직업 인물,ael,아엘,엘프,벌목·목공,turn,회전,SW,있음,8,4,기존 원화 관절 변형,해당 시점 원화,미완료,검수 대기,art-source/pixel-characters/roster-v4/ael/rig.json
직업 인물,ael,아엘,엘프,벌목·목공,turn,회전,NW,있음,8,4,기존 원화 관절 변형,해당 시점 원화,미완료,검수 대기,art-source/pixel-characters/roster-v4/ael/rig.json
직업 인물,ael,아엘,엘프,벌목·목공,turn,회전,NE,있음,8,4,기존 원화 관절 변형,NW 좌우 반전,미완료,검수 대기,art-source/pixel-characters/roster-v4/ael/rig.json
직업 인물,ael,아엘,엘프,벌목·목공,turn,회전,SE,있음,8,4,기존 원화 관절 변형,SW 좌우 반전,미완료,검수 대기,art-source/pixel-characters/roster-v4/ael/rig.json
직업 인물,lien,리엔,엘프,제빵사,idle,대기,SW,있음,8,2,기존 원화 관절 변형,해당 시점 원화,미완료,검수 대기,art-source/pixel-characters/roster-v4/lien/rig.json
직업 인물,lien,리엔,엘프,제빵사,idle,대기,NW,있음,8,2,기존 원화 관절 변형,해당 시점 원화,미완료,검수 대기,art-source/pixel-characters/roster-v4/lien/rig.json
직업 인물,lien,리엔,엘프,제빵사,idle,대기,NE,있음,8,2,기존 원화 관절 변형,NW 좌우 반전,미완료,검수 대기,art-source/pixel-characters/roster-v4/lien/rig.json
직업 인물,lien,리엔,엘프,제빵사,idle,대기,SE,있음,8,2,기존 원화 관절 변형,SW 좌우 반전,미완료,검수 대기,art-source/pixel-characters/roster-v4/lien/rig.json
직업 인물,lien,리엔,엘프,제빵사,walk,걷기·이동,SW,있음,32,32,기존 원화 관절 변형,해당 시점 원화,미완료,검수 대기,art-source/pixel-characters/roster-v4/lien/rig.json
직업 인물,lien,리엔,엘프,제빵사,walk,걷기·이동,NW,있음,32,32,기존 원화 관절 변형,해당 시점 원화,미완료,검수 대기,art-source/pixel-characters/roster-v4/lien/rig.json
직업 인물,lien,리엔,엘프,제빵사,walk,걷기·이동,NE,있음,32,32,기존 원화 관절 변형,NW 좌우 반전,미완료,검수 대기,art-source/pixel-characters/roster-v4/lien/rig.json
직업 인물,lien,리엔,엘프,제빵사,walk,걷기·이동,SE,있음,32,32,기존 원화 관절 변형,SW 좌우 반전,미완료,검수 대기,art-source/pixel-characters/roster-v4/lien/rig.json
직업 인물,lien,리엔,엘프,제빵사,carry,운반,SW,있음,32,32,기존 원화 관절 변형,해당 시점 원화,미완료,검수 대기,art-source/pixel-characters/roster-v4/lien/rig.json
직업 인물,lien,리엔,엘프,제빵사,carry,운반,NW,있음,32,32,기존 원화 관절 변형,해당 시점 원화,미완료,검수 대기,art-source/pixel-characters/roster-v4/lien/rig.json
직업 인물,lien,리엔,엘프,제빵사,carry,운반,NE,있음,32,32,기존 원화 관절 변형,NW 좌우 반전,미완료,검수 대기,art-source/pixel-characters/roster-v4/lien/rig.json
직업 인물,lien,리엔,엘프,제빵사,carry,운반,SE,있음,32,32,기존 원화 관절 변형,SW 좌우 반전,미완료,검수 대기,art-source/pixel-characters/roster-v4/lien/rig.json
직업 인물,lien,리엔,엘프,제빵사,work,작업,SW,있음,20,18,기존 원화 관절 변형,해당 시점 원화,미완료,검수 대기,art-source/pixel-characters/roster-v4/lien/rig.json
직업 인물,lien,리엔,엘프,제빵사,work,작업,NW,있음,20,18,기존 원화 관절 변형,해당 시점 원화,미완료,검수 대기,art-source/pixel-characters/roster-v4/lien/rig.json
직업 인물,lien,리엔,엘프,제빵사,work,작업,NE,있음,20,18,기존 원화 관절 변형,NW 좌우 반전,미완료,검수 대기,art-source/pixel-characters/roster-v4/lien/rig.json
직업 인물,lien,리엔,엘프,제빵사,work,작업,SE,있음,20,18,기존 원화 관절 변형,SW 좌우 반전,미완료,검수 대기,art-source/pixel-characters/roster-v4/lien/rig.json
직업 인물,lien,리엔,엘프,제빵사,pickup,들기,SW,있음,12,12,독립 관절 동작,해당 시점 원화,미완료,검수 대기,art-source/pixel-characters/roster-v4/lien/rig.json
직업 인물,lien,리엔,엘프,제빵사,pickup,들기,NW,있음,12,12,독립 관절 동작,해당 시점 원화,미완료,검수 대기,art-source/pixel-characters/roster-v4/lien/rig.json
직업 인물,lien,리엔,엘프,제빵사,pickup,들기,NE,있음,12,12,독립 관절 동작,NW 좌우 반전,미완료,검수 대기,art-source/pixel-characters/roster-v4/lien/rig.json
직업 인물,lien,리엔,엘프,제빵사,pickup,들기,SE,있음,12,12,독립 관절 동작,SW 좌우 반전,미완료,검수 대기,art-source/pixel-characters/roster-v4/lien/rig.json
직업 인물,lien,리엔,엘프,제빵사,drop,놓기,SW,있음,12,12,독립 관절 동작,해당 시점 원화,미완료,검수 대기,art-source/pixel-characters/roster-v4/lien/rig.json
직업 인물,lien,리엔,엘프,제빵사,drop,놓기,NW,있음,12,12,독립 관절 동작,해당 시점 원화,미완료,검수 대기,art-source/pixel-characters/roster-v4/lien/rig.json
직업 인물,lien,리엔,엘프,제빵사,drop,놓기,NE,있음,12,12,독립 관절 동작,NW 좌우 반전,미완료,검수 대기,art-source/pixel-characters/roster-v4/lien/rig.json
직업 인물,lien,리엔,엘프,제빵사,drop,놓기,SE,있음,12,12,독립 관절 동작,SW 좌우 반전,미완료,검수 대기,art-source/pixel-characters/roster-v4/lien/rig.json
직업 인물,lien,리엔,엘프,제빵사,greet,인사,SW,있음,12,11,기존 원화 관절 변형,해당 시점 원화,미완료,검수 대기,art-source/pixel-characters/roster-v4/lien/rig.json
직업 인물,lien,리엔,엘프,제빵사,greet,인사,NW,있음,12,11,기존 원화 관절 변형,해당 시점 원화,미완료,검수 대기,art-source/pixel-characters/roster-v4/lien/rig.json
직업 인물,lien,리엔,엘프,제빵사,greet,인사,NE,있음,12,11,기존 원화 관절 변형,NW 좌우 반전,미완료,검수 대기,art-source/pixel-characters/roster-v4/lien/rig.json
직업 인물,lien,리엔,엘프,제빵사,greet,인사,SE,있음,12,11,기존 원화 관절 변형,SW 좌우 반전,미완료,검수 대기,art-source/pixel-characters/roster-v4/lien/rig.json
직업 인물,lien,리엔,엘프,제빵사,attack,공격,SW,있음,12,11,기존 원화 관절 변형,해당 시점 원화,미완료,검수 대기,art-source/pixel-characters/roster-v4/lien/rig.json
직업 인물,lien,리엔,엘프,제빵사,attack,공격,NW,있음,12,11,기존 원화 관절 변형,해당 시점 원화,미완료,검수 대기,art-source/pixel-characters/roster-v4/lien/rig.json
직업 인물,lien,리엔,엘프,제빵사,attack,공격,NE,있음,12,11,기존 원화 관절 변형,NW 좌우 반전,미완료,검수 대기,art-source/pixel-characters/roster-v4/lien/rig.json
직업 인물,lien,리엔,엘프,제빵사,attack,공격,SE,있음,12,11,기존 원화 관절 변형,SW 좌우 반전,미완료,검수 대기,art-source/pixel-characters/roster-v4/lien/rig.json
직업 인물,lien,리엔,엘프,제빵사,hurt,피격,SW,있음,8,7,기존 원화 관절 변형,해당 시점 원화,미완료,검수 대기,art-source/pixel-characters/roster-v4/lien/rig.json
직업 인물,lien,리엔,엘프,제빵사,hurt,피격,NW,있음,8,7,기존 원화 관절 변형,해당 시점 원화,미완료,검수 대기,art-source/pixel-characters/roster-v4/lien/rig.json
직업 인물,lien,리엔,엘프,제빵사,hurt,피격,NE,있음,8,7,기존 원화 관절 변형,NW 좌우 반전,미완료,검수 대기,art-source/pixel-characters/roster-v4/lien/rig.json
직업 인물,lien,리엔,엘프,제빵사,hurt,피격,SE,있음,8,7,기존 원화 관절 변형,SW 좌우 반전,미완료,검수 대기,art-source/pixel-characters/roster-v4/lien/rig.json
직업 인물,lien,리엔,엘프,제빵사,defeat,쓰러짐,SW,있음,16,16,기존 원화 관절 변형,해당 시점 원화,미완료,검수 대기,art-source/pixel-characters/roster-v4/lien/rig.json
직업 인물,lien,리엔,엘프,제빵사,defeat,쓰러짐,NW,있음,16,16,기존 원화 관절 변형,해당 시점 원화,미완료,검수 대기,art-source/pixel-characters/roster-v4/lien/rig.json
직업 인물,lien,리엔,엘프,제빵사,defeat,쓰러짐,NE,있음,16,16,기존 원화 관절 변형,NW 좌우 반전,미완료,검수 대기,art-source/pixel-characters/roster-v4/lien/rig.json
직업 인물,lien,리엔,엘프,제빵사,defeat,쓰러짐,SE,있음,16,16,기존 원화 관절 변형,SW 좌우 반전,미완료,검수 대기,art-source/pixel-characters/roster-v4/lien/rig.json
직업 인물,lien,리엔,엘프,제빵사,turn,회전,SW,있음,8,4,기존 원화 관절 변형,해당 시점 원화,미완료,검수 대기,art-source/pixel-characters/roster-v4/lien/rig.json
직업 인물,lien,리엔,엘프,제빵사,turn,회전,NW,있음,8,4,기존 원화 관절 변형,해당 시점 원화,미완료,검수 대기,art-source/pixel-characters/roster-v4/lien/rig.json
직업 인물,lien,리엔,엘프,제빵사,turn,회전,NE,있음,8,4,기존 원화 관절 변형,NW 좌우 반전,미완료,검수 대기,art-source/pixel-characters/roster-v4/lien/rig.json
직업 인물,lien,리엔,엘프,제빵사,turn,회전,SE,있음,8,4,기존 원화 관절 변형,SW 좌우 반전,미완료,검수 대기,art-source/pixel-characters/roster-v4/lien/rig.json
직업 인물,elion,엘리온,엘프,재배사,idle,대기,SW,있음,8,2,기존 원화 관절 변형,해당 시점 원화,미완료,검수 대기,art-source/pixel-characters/roster-v4/elion/rig.json
직업 인물,elion,엘리온,엘프,재배사,idle,대기,NW,있음,8,2,기존 원화 관절 변형,해당 시점 원화,미완료,검수 대기,art-source/pixel-characters/roster-v4/elion/rig.json
직업 인물,elion,엘리온,엘프,재배사,idle,대기,NE,있음,8,2,기존 원화 관절 변형,NW 좌우 반전,미완료,검수 대기,art-source/pixel-characters/roster-v4/elion/rig.json
직업 인물,elion,엘리온,엘프,재배사,idle,대기,SE,있음,8,2,기존 원화 관절 변형,SW 좌우 반전,미완료,검수 대기,art-source/pixel-characters/roster-v4/elion/rig.json
직업 인물,elion,엘리온,엘프,재배사,walk,걷기·이동,SW,있음,32,32,기존 원화 관절 변형,해당 시점 원화,미완료,검수 대기,art-source/pixel-characters/roster-v4/elion/rig.json
직업 인물,elion,엘리온,엘프,재배사,walk,걷기·이동,NW,있음,32,32,기존 원화 관절 변형,해당 시점 원화,미완료,검수 대기,art-source/pixel-characters/roster-v4/elion/rig.json
직업 인물,elion,엘리온,엘프,재배사,walk,걷기·이동,NE,있음,32,32,기존 원화 관절 변형,NW 좌우 반전,미완료,검수 대기,art-source/pixel-characters/roster-v4/elion/rig.json
직업 인물,elion,엘리온,엘프,재배사,walk,걷기·이동,SE,있음,32,32,기존 원화 관절 변형,SW 좌우 반전,미완료,검수 대기,art-source/pixel-characters/roster-v4/elion/rig.json
직업 인물,elion,엘리온,엘프,재배사,carry,운반,SW,있음,32,32,기존 원화 관절 변형,해당 시점 원화,미완료,검수 대기,art-source/pixel-characters/roster-v4/elion/rig.json
직업 인물,elion,엘리온,엘프,재배사,carry,운반,NW,있음,32,32,기존 원화 관절 변형,해당 시점 원화,미완료,검수 대기,art-source/pixel-characters/roster-v4/elion/rig.json
직업 인물,elion,엘리온,엘프,재배사,carry,운반,NE,있음,32,32,기존 원화 관절 변형,NW 좌우 반전,미완료,검수 대기,art-source/pixel-characters/roster-v4/elion/rig.json
직업 인물,elion,엘리온,엘프,재배사,carry,운반,SE,있음,32,32,기존 원화 관절 변형,SW 좌우 반전,미완료,검수 대기,art-source/pixel-characters/roster-v4/elion/rig.json
직업 인물,elion,엘리온,엘프,재배사,work,작업,SW,있음,20,18,기존 원화 관절 변형,해당 시점 원화,미완료,검수 대기,art-source/pixel-characters/roster-v4/elion/rig.json
직업 인물,elion,엘리온,엘프,재배사,work,작업,NW,있음,20,18,기존 원화 관절 변형,해당 시점 원화,미완료,검수 대기,art-source/pixel-characters/roster-v4/elion/rig.json
직업 인물,elion,엘리온,엘프,재배사,work,작업,NE,있음,20,18,기존 원화 관절 변형,NW 좌우 반전,미완료,검수 대기,art-source/pixel-characters/roster-v4/elion/rig.json
직업 인물,elion,엘리온,엘프,재배사,work,작업,SE,있음,20,18,기존 원화 관절 변형,SW 좌우 반전,미완료,검수 대기,art-source/pixel-characters/roster-v4/elion/rig.json
직업 인물,elion,엘리온,엘프,재배사,pickup,들기,SW,있음,12,12,독립 관절 동작,해당 시점 원화,미완료,검수 대기,art-source/pixel-characters/roster-v4/elion/rig.json
직업 인물,elion,엘리온,엘프,재배사,pickup,들기,NW,있음,12,12,독립 관절 동작,해당 시점 원화,미완료,검수 대기,art-source/pixel-characters/roster-v4/elion/rig.json
직업 인물,elion,엘리온,엘프,재배사,pickup,들기,NE,있음,12,12,독립 관절 동작,NW 좌우 반전,미완료,검수 대기,art-source/pixel-characters/roster-v4/elion/rig.json
직업 인물,elion,엘리온,엘프,재배사,pickup,들기,SE,있음,12,12,독립 관절 동작,SW 좌우 반전,미완료,검수 대기,art-source/pixel-characters/roster-v4/elion/rig.json
직업 인물,elion,엘리온,엘프,재배사,drop,놓기,SW,있음,12,12,독립 관절 동작,해당 시점 원화,미완료,검수 대기,art-source/pixel-characters/roster-v4/elion/rig.json
직업 인물,elion,엘리온,엘프,재배사,drop,놓기,NW,있음,12,12,독립 관절 동작,해당 시점 원화,미완료,검수 대기,art-source/pixel-characters/roster-v4/elion/rig.json
직업 인물,elion,엘리온,엘프,재배사,drop,놓기,NE,있음,12,12,독립 관절 동작,NW 좌우 반전,미완료,검수 대기,art-source/pixel-characters/roster-v4/elion/rig.json
직업 인물,elion,엘리온,엘프,재배사,drop,놓기,SE,있음,12,12,독립 관절 동작,SW 좌우 반전,미완료,검수 대기,art-source/pixel-characters/roster-v4/elion/rig.json
직업 인물,elion,엘리온,엘프,재배사,greet,인사,SW,있음,12,11,기존 원화 관절 변형,해당 시점 원화,미완료,검수 대기,art-source/pixel-characters/roster-v4/elion/rig.json
직업 인물,elion,엘리온,엘프,재배사,greet,인사,NW,있음,12,11,기존 원화 관절 변형,해당 시점 원화,미완료,검수 대기,art-source/pixel-characters/roster-v4/elion/rig.json
직업 인물,elion,엘리온,엘프,재배사,greet,인사,NE,있음,12,11,기존 원화 관절 변형,NW 좌우 반전,미완료,검수 대기,art-source/pixel-characters/roster-v4/elion/rig.json
직업 인물,elion,엘리온,엘프,재배사,greet,인사,SE,있음,12,11,기존 원화 관절 변형,SW 좌우 반전,미완료,검수 대기,art-source/pixel-characters/roster-v4/elion/rig.json
직업 인물,elion,엘리온,엘프,재배사,attack,공격,SW,있음,12,11,기존 원화 관절 변형,해당 시점 원화,미완료,검수 대기,art-source/pixel-characters/roster-v4/elion/rig.json
직업 인물,elion,엘리온,엘프,재배사,attack,공격,NW,있음,12,11,기존 원화 관절 변형,해당 시점 원화,미완료,검수 대기,art-source/pixel-characters/roster-v4/elion/rig.json
직업 인물,elion,엘리온,엘프,재배사,attack,공격,NE,있음,12,11,기존 원화 관절 변형,NW 좌우 반전,미완료,검수 대기,art-source/pixel-characters/roster-v4/elion/rig.json
직업 인물,elion,엘리온,엘프,재배사,attack,공격,SE,있음,12,11,기존 원화 관절 변형,SW 좌우 반전,미완료,검수 대기,art-source/pixel-characters/roster-v4/elion/rig.json
직업 인물,elion,엘리온,엘프,재배사,hurt,피격,SW,있음,8,7,기존 원화 관절 변형,해당 시점 원화,미완료,검수 대기,art-source/pixel-characters/roster-v4/elion/rig.json
직업 인물,elion,엘리온,엘프,재배사,hurt,피격,NW,있음,8,7,기존 원화 관절 변형,해당 시점 원화,미완료,검수 대기,art-source/pixel-characters/roster-v4/elion/rig.json
직업 인물,elion,엘리온,엘프,재배사,hurt,피격,NE,있음,8,7,기존 원화 관절 변형,NW 좌우 반전,미완료,검수 대기,art-source/pixel-characters/roster-v4/elion/rig.json
직업 인물,elion,엘리온,엘프,재배사,hurt,피격,SE,있음,8,7,기존 원화 관절 변형,SW 좌우 반전,미완료,검수 대기,art-source/pixel-characters/roster-v4/elion/rig.json
직업 인물,elion,엘리온,엘프,재배사,defeat,쓰러짐,SW,있음,16,16,기존 원화 관절 변형,해당 시점 원화,미완료,검수 대기,art-source/pixel-characters/roster-v4/elion/rig.json
직업 인물,elion,엘리온,엘프,재배사,defeat,쓰러짐,NW,있음,16,16,기존 원화 관절 변형,해당 시점 원화,미완료,검수 대기,art-source/pixel-characters/roster-v4/elion/rig.json
직업 인물,elion,엘리온,엘프,재배사,defeat,쓰러짐,NE,있음,16,16,기존 원화 관절 변형,NW 좌우 반전,미완료,검수 대기,art-source/pixel-characters/roster-v4/elion/rig.json
직업 인물,elion,엘리온,엘프,재배사,defeat,쓰러짐,SE,있음,16,16,기존 원화 관절 변형,SW 좌우 반전,미완료,검수 대기,art-source/pixel-characters/roster-v4/elion/rig.json
직업 인물,elion,엘리온,엘프,재배사,turn,회전,SW,있음,8,4,기존 원화 관절 변형,해당 시점 원화,미완료,검수 대기,art-source/pixel-characters/roster-v4/elion/rig.json
직업 인물,elion,엘리온,엘프,재배사,turn,회전,NW,있음,8,4,기존 원화 관절 변형,해당 시점 원화,미완료,검수 대기,art-source/pixel-characters/roster-v4/elion/rig.json
직업 인물,elion,엘리온,엘프,재배사,turn,회전,NE,있음,8,4,기존 원화 관절 변형,NW 좌우 반전,미완료,검수 대기,art-source/pixel-characters/roster-v4/elion/rig.json
직업 인물,elion,엘리온,엘프,재배사,turn,회전,SE,있음,8,4,기존 원화 관절 변형,SW 좌우 반전,미완료,검수 대기,art-source/pixel-characters/roster-v4/elion/rig.json
직업 인물,elvar,엘바르,엘프,광부,idle,대기,SW,있음,8,2,기존 원화 관절 변형,해당 시점 원화,미완료,검수 대기,art-source/pixel-characters/professions-v5/elvar/rig.json
직업 인물,elvar,엘바르,엘프,광부,idle,대기,NW,있음,8,2,기존 원화 관절 변형,해당 시점 원화,미완료,검수 대기,art-source/pixel-characters/professions-v5/elvar/rig.json
직업 인물,elvar,엘바르,엘프,광부,idle,대기,NE,있음,8,2,기존 원화 관절 변형,NW 좌우 반전,미완료,검수 대기,art-source/pixel-characters/professions-v5/elvar/rig.json
직업 인물,elvar,엘바르,엘프,광부,idle,대기,SE,있음,8,2,기존 원화 관절 변형,SW 좌우 반전,미완료,검수 대기,art-source/pixel-characters/professions-v5/elvar/rig.json
직업 인물,elvar,엘바르,엘프,광부,walk,걷기·이동,SW,있음,32,32,기존 원화 관절 변형,해당 시점 원화,미완료,검수 대기,art-source/pixel-characters/professions-v5/elvar/rig.json
직업 인물,elvar,엘바르,엘프,광부,walk,걷기·이동,NW,있음,32,32,기존 원화 관절 변형,해당 시점 원화,미완료,검수 대기,art-source/pixel-characters/professions-v5/elvar/rig.json
직업 인물,elvar,엘바르,엘프,광부,walk,걷기·이동,NE,있음,32,32,기존 원화 관절 변형,NW 좌우 반전,미완료,검수 대기,art-source/pixel-characters/professions-v5/elvar/rig.json
직업 인물,elvar,엘바르,엘프,광부,walk,걷기·이동,SE,있음,32,32,기존 원화 관절 변형,SW 좌우 반전,미완료,검수 대기,art-source/pixel-characters/professions-v5/elvar/rig.json
직업 인물,elvar,엘바르,엘프,광부,carry,운반,SW,있음,32,32,기존 원화 관절 변형,해당 시점 원화,미완료,검수 대기,art-source/pixel-characters/professions-v5/elvar/rig.json
직업 인물,elvar,엘바르,엘프,광부,carry,운반,NW,있음,32,32,기존 원화 관절 변형,해당 시점 원화,미완료,검수 대기,art-source/pixel-characters/professions-v5/elvar/rig.json
직업 인물,elvar,엘바르,엘프,광부,carry,운반,NE,있음,32,32,기존 원화 관절 변형,NW 좌우 반전,미완료,검수 대기,art-source/pixel-characters/professions-v5/elvar/rig.json
직업 인물,elvar,엘바르,엘프,광부,carry,운반,SE,있음,32,32,기존 원화 관절 변형,SW 좌우 반전,미완료,검수 대기,art-source/pixel-characters/professions-v5/elvar/rig.json
직업 인물,elvar,엘바르,엘프,광부,work,작업,SW,있음,20,18,기존 원화 관절 변형,해당 시점 원화,미완료,검수 대기,art-source/pixel-characters/professions-v5/elvar/rig.json
직업 인물,elvar,엘바르,엘프,광부,work,작업,NW,있음,20,18,기존 원화 관절 변형,해당 시점 원화,미완료,검수 대기,art-source/pixel-characters/professions-v5/elvar/rig.json
직업 인물,elvar,엘바르,엘프,광부,work,작업,NE,있음,20,18,기존 원화 관절 변형,NW 좌우 반전,미완료,검수 대기,art-source/pixel-characters/professions-v5/elvar/rig.json
직업 인물,elvar,엘바르,엘프,광부,work,작업,SE,있음,20,18,기존 원화 관절 변형,SW 좌우 반전,미완료,검수 대기,art-source/pixel-characters/professions-v5/elvar/rig.json
직업 인물,elvar,엘바르,엘프,광부,pickup,들기,SW,있음,12,12,독립 관절 동작,해당 시점 원화,미완료,검수 대기,art-source/pixel-characters/professions-v5/elvar/rig.json
직업 인물,elvar,엘바르,엘프,광부,pickup,들기,NW,있음,12,12,독립 관절 동작,해당 시점 원화,미완료,검수 대기,art-source/pixel-characters/professions-v5/elvar/rig.json
직업 인물,elvar,엘바르,엘프,광부,pickup,들기,NE,있음,12,12,독립 관절 동작,NW 좌우 반전,미완료,검수 대기,art-source/pixel-characters/professions-v5/elvar/rig.json
직업 인물,elvar,엘바르,엘프,광부,pickup,들기,SE,있음,12,12,독립 관절 동작,SW 좌우 반전,미완료,검수 대기,art-source/pixel-characters/professions-v5/elvar/rig.json
직업 인물,elvar,엘바르,엘프,광부,drop,놓기,SW,있음,12,12,독립 관절 동작,해당 시점 원화,미완료,검수 대기,art-source/pixel-characters/professions-v5/elvar/rig.json
직업 인물,elvar,엘바르,엘프,광부,drop,놓기,NW,있음,12,12,독립 관절 동작,해당 시점 원화,미완료,검수 대기,art-source/pixel-characters/professions-v5/elvar/rig.json
직업 인물,elvar,엘바르,엘프,광부,drop,놓기,NE,있음,12,12,독립 관절 동작,NW 좌우 반전,미완료,검수 대기,art-source/pixel-characters/professions-v5/elvar/rig.json
직업 인물,elvar,엘바르,엘프,광부,drop,놓기,SE,있음,12,12,독립 관절 동작,SW 좌우 반전,미완료,검수 대기,art-source/pixel-characters/professions-v5/elvar/rig.json
직업 인물,elvar,엘바르,엘프,광부,greet,인사,SW,있음,12,11,기존 원화 관절 변형,해당 시점 원화,미완료,검수 대기,art-source/pixel-characters/professions-v5/elvar/rig.json
직업 인물,elvar,엘바르,엘프,광부,greet,인사,NW,있음,12,11,기존 원화 관절 변형,해당 시점 원화,미완료,검수 대기,art-source/pixel-characters/professions-v5/elvar/rig.json
직업 인물,elvar,엘바르,엘프,광부,greet,인사,NE,있음,12,11,기존 원화 관절 변형,NW 좌우 반전,미완료,검수 대기,art-source/pixel-characters/professions-v5/elvar/rig.json
직업 인물,elvar,엘바르,엘프,광부,greet,인사,SE,있음,12,11,기존 원화 관절 변형,SW 좌우 반전,미완료,검수 대기,art-source/pixel-characters/professions-v5/elvar/rig.json
직업 인물,elvar,엘바르,엘프,광부,attack,공격,SW,있음,12,11,기존 원화 관절 변형,해당 시점 원화,미완료,검수 대기,art-source/pixel-characters/professions-v5/elvar/rig.json
직업 인물,elvar,엘바르,엘프,광부,attack,공격,NW,있음,12,11,기존 원화 관절 변형,해당 시점 원화,미완료,검수 대기,art-source/pixel-characters/professions-v5/elvar/rig.json
직업 인물,elvar,엘바르,엘프,광부,attack,공격,NE,있음,12,11,기존 원화 관절 변형,NW 좌우 반전,미완료,검수 대기,art-source/pixel-characters/professions-v5/elvar/rig.json
직업 인물,elvar,엘바르,엘프,광부,attack,공격,SE,있음,12,11,기존 원화 관절 변형,SW 좌우 반전,미완료,검수 대기,art-source/pixel-characters/professions-v5/elvar/rig.json
직업 인물,elvar,엘바르,엘프,광부,hurt,피격,SW,있음,8,7,기존 원화 관절 변형,해당 시점 원화,미완료,검수 대기,art-source/pixel-characters/professions-v5/elvar/rig.json
직업 인물,elvar,엘바르,엘프,광부,hurt,피격,NW,있음,8,7,기존 원화 관절 변형,해당 시점 원화,미완료,검수 대기,art-source/pixel-characters/professions-v5/elvar/rig.json
직업 인물,elvar,엘바르,엘프,광부,hurt,피격,NE,있음,8,7,기존 원화 관절 변형,NW 좌우 반전,미완료,검수 대기,art-source/pixel-characters/professions-v5/elvar/rig.json
직업 인물,elvar,엘바르,엘프,광부,hurt,피격,SE,있음,8,7,기존 원화 관절 변형,SW 좌우 반전,미완료,검수 대기,art-source/pixel-characters/professions-v5/elvar/rig.json
직업 인물,elvar,엘바르,엘프,광부,defeat,쓰러짐,SW,있음,16,16,기존 원화 관절 변형,해당 시점 원화,미완료,검수 대기,art-source/pixel-characters/professions-v5/elvar/rig.json
직업 인물,elvar,엘바르,엘프,광부,defeat,쓰러짐,NW,있음,16,16,기존 원화 관절 변형,해당 시점 원화,미완료,검수 대기,art-source/pixel-characters/professions-v5/elvar/rig.json
직업 인물,elvar,엘바르,엘프,광부,defeat,쓰러짐,NE,있음,16,16,기존 원화 관절 변형,NW 좌우 반전,미완료,검수 대기,art-source/pixel-characters/professions-v5/elvar/rig.json
직업 인물,elvar,엘바르,엘프,광부,defeat,쓰러짐,SE,있음,16,16,기존 원화 관절 변형,SW 좌우 반전,미완료,검수 대기,art-source/pixel-characters/professions-v5/elvar/rig.json
직업 인물,elvar,엘바르,엘프,광부,turn,회전,SW,있음,8,4,기존 원화 관절 변형,해당 시점 원화,미완료,검수 대기,art-source/pixel-characters/professions-v5/elvar/rig.json
직업 인물,elvar,엘바르,엘프,광부,turn,회전,NW,있음,8,4,기존 원화 관절 변형,해당 시점 원화,미완료,검수 대기,art-source/pixel-characters/professions-v5/elvar/rig.json
직업 인물,elvar,엘바르,엘프,광부,turn,회전,NE,있음,8,4,기존 원화 관절 변형,NW 좌우 반전,미완료,검수 대기,art-source/pixel-characters/professions-v5/elvar/rig.json
직업 인물,elvar,엘바르,엘프,광부,turn,회전,SE,있음,8,4,기존 원화 관절 변형,SW 좌우 반전,미완료,검수 대기,art-source/pixel-characters/professions-v5/elvar/rig.json
직업 인물,serin,세린,엘프,제련공,idle,대기,SW,있음,8,2,기존 원화 관절 변형,해당 시점 원화,미완료,검수 대기,art-source/pixel-characters/professions-v5/serin/rig.json
직업 인물,serin,세린,엘프,제련공,idle,대기,NW,있음,8,2,기존 원화 관절 변형,해당 시점 원화,미완료,검수 대기,art-source/pixel-characters/professions-v5/serin/rig.json
직업 인물,serin,세린,엘프,제련공,idle,대기,NE,있음,8,2,기존 원화 관절 변형,NW 좌우 반전,미완료,검수 대기,art-source/pixel-characters/professions-v5/serin/rig.json
직업 인물,serin,세린,엘프,제련공,idle,대기,SE,있음,8,2,기존 원화 관절 변형,SW 좌우 반전,미완료,검수 대기,art-source/pixel-characters/professions-v5/serin/rig.json
직업 인물,serin,세린,엘프,제련공,walk,걷기·이동,SW,있음,32,32,기존 원화 관절 변형,해당 시점 원화,미완료,검수 대기,art-source/pixel-characters/professions-v5/serin/rig.json
직업 인물,serin,세린,엘프,제련공,walk,걷기·이동,NW,있음,32,32,기존 원화 관절 변형,해당 시점 원화,미완료,검수 대기,art-source/pixel-characters/professions-v5/serin/rig.json
직업 인물,serin,세린,엘프,제련공,walk,걷기·이동,NE,있음,32,32,기존 원화 관절 변형,NW 좌우 반전,미완료,검수 대기,art-source/pixel-characters/professions-v5/serin/rig.json
직업 인물,serin,세린,엘프,제련공,walk,걷기·이동,SE,있음,32,32,기존 원화 관절 변형,SW 좌우 반전,미완료,검수 대기,art-source/pixel-characters/professions-v5/serin/rig.json
직업 인물,serin,세린,엘프,제련공,carry,운반,SW,있음,32,32,기존 원화 관절 변형,해당 시점 원화,미완료,검수 대기,art-source/pixel-characters/professions-v5/serin/rig.json
직업 인물,serin,세린,엘프,제련공,carry,운반,NW,있음,32,32,기존 원화 관절 변형,해당 시점 원화,미완료,검수 대기,art-source/pixel-characters/professions-v5/serin/rig.json
직업 인물,serin,세린,엘프,제련공,carry,운반,NE,있음,32,32,기존 원화 관절 변형,NW 좌우 반전,미완료,검수 대기,art-source/pixel-characters/professions-v5/serin/rig.json
직업 인물,serin,세린,엘프,제련공,carry,운반,SE,있음,32,32,기존 원화 관절 변형,SW 좌우 반전,미완료,검수 대기,art-source/pixel-characters/professions-v5/serin/rig.json
직업 인물,serin,세린,엘프,제련공,work,작업,SW,있음,20,18,기존 원화 관절 변형,해당 시점 원화,미완료,검수 대기,art-source/pixel-characters/professions-v5/serin/rig.json
직업 인물,serin,세린,엘프,제련공,work,작업,NW,있음,20,18,기존 원화 관절 변형,해당 시점 원화,미완료,검수 대기,art-source/pixel-characters/professions-v5/serin/rig.json
직업 인물,serin,세린,엘프,제련공,work,작업,NE,있음,20,18,기존 원화 관절 변형,NW 좌우 반전,미완료,검수 대기,art-source/pixel-characters/professions-v5/serin/rig.json
직업 인물,serin,세린,엘프,제련공,work,작업,SE,있음,20,18,기존 원화 관절 변형,SW 좌우 반전,미완료,검수 대기,art-source/pixel-characters/professions-v5/serin/rig.json
직업 인물,serin,세린,엘프,제련공,pickup,들기,SW,있음,12,12,독립 관절 동작,해당 시점 원화,미완료,검수 대기,art-source/pixel-characters/professions-v5/serin/rig.json
직업 인물,serin,세린,엘프,제련공,pickup,들기,NW,있음,12,12,독립 관절 동작,해당 시점 원화,미완료,검수 대기,art-source/pixel-characters/professions-v5/serin/rig.json
직업 인물,serin,세린,엘프,제련공,pickup,들기,NE,있음,12,12,독립 관절 동작,NW 좌우 반전,미완료,검수 대기,art-source/pixel-characters/professions-v5/serin/rig.json
직업 인물,serin,세린,엘프,제련공,pickup,들기,SE,있음,12,12,독립 관절 동작,SW 좌우 반전,미완료,검수 대기,art-source/pixel-characters/professions-v5/serin/rig.json
직업 인물,serin,세린,엘프,제련공,drop,놓기,SW,있음,12,12,독립 관절 동작,해당 시점 원화,미완료,검수 대기,art-source/pixel-characters/professions-v5/serin/rig.json
직업 인물,serin,세린,엘프,제련공,drop,놓기,NW,있음,12,12,독립 관절 동작,해당 시점 원화,미완료,검수 대기,art-source/pixel-characters/professions-v5/serin/rig.json
직업 인물,serin,세린,엘프,제련공,drop,놓기,NE,있음,12,12,독립 관절 동작,NW 좌우 반전,미완료,검수 대기,art-source/pixel-characters/professions-v5/serin/rig.json
직업 인물,serin,세린,엘프,제련공,drop,놓기,SE,있음,12,12,독립 관절 동작,SW 좌우 반전,미완료,검수 대기,art-source/pixel-characters/professions-v5/serin/rig.json
직업 인물,serin,세린,엘프,제련공,greet,인사,SW,있음,12,11,기존 원화 관절 변형,해당 시점 원화,미완료,검수 대기,art-source/pixel-characters/professions-v5/serin/rig.json
직업 인물,serin,세린,엘프,제련공,greet,인사,NW,있음,12,11,기존 원화 관절 변형,해당 시점 원화,미완료,검수 대기,art-source/pixel-characters/professions-v5/serin/rig.json
직업 인물,serin,세린,엘프,제련공,greet,인사,NE,있음,12,11,기존 원화 관절 변형,NW 좌우 반전,미완료,검수 대기,art-source/pixel-characters/professions-v5/serin/rig.json
직업 인물,serin,세린,엘프,제련공,greet,인사,SE,있음,12,11,기존 원화 관절 변형,SW 좌우 반전,미완료,검수 대기,art-source/pixel-characters/professions-v5/serin/rig.json
직업 인물,serin,세린,엘프,제련공,attack,공격,SW,있음,12,11,기존 원화 관절 변형,해당 시점 원화,미완료,검수 대기,art-source/pixel-characters/professions-v5/serin/rig.json
직업 인물,serin,세린,엘프,제련공,attack,공격,NW,있음,12,11,기존 원화 관절 변형,해당 시점 원화,미완료,검수 대기,art-source/pixel-characters/professions-v5/serin/rig.json
직업 인물,serin,세린,엘프,제련공,attack,공격,NE,있음,12,11,기존 원화 관절 변형,NW 좌우 반전,미완료,검수 대기,art-source/pixel-characters/professions-v5/serin/rig.json
직업 인물,serin,세린,엘프,제련공,attack,공격,SE,있음,12,11,기존 원화 관절 변형,SW 좌우 반전,미완료,검수 대기,art-source/pixel-characters/professions-v5/serin/rig.json
직업 인물,serin,세린,엘프,제련공,hurt,피격,SW,있음,8,7,기존 원화 관절 변형,해당 시점 원화,미완료,검수 대기,art-source/pixel-characters/professions-v5/serin/rig.json
직업 인물,serin,세린,엘프,제련공,hurt,피격,NW,있음,8,7,기존 원화 관절 변형,해당 시점 원화,미완료,검수 대기,art-source/pixel-characters/professions-v5/serin/rig.json
직업 인물,serin,세린,엘프,제련공,hurt,피격,NE,있음,8,7,기존 원화 관절 변형,NW 좌우 반전,미완료,검수 대기,art-source/pixel-characters/professions-v5/serin/rig.json
직업 인물,serin,세린,엘프,제련공,hurt,피격,SE,있음,8,7,기존 원화 관절 변형,SW 좌우 반전,미완료,검수 대기,art-source/pixel-characters/professions-v5/serin/rig.json
직업 인물,serin,세린,엘프,제련공,defeat,쓰러짐,SW,있음,16,16,기존 원화 관절 변형,해당 시점 원화,미완료,검수 대기,art-source/pixel-characters/professions-v5/serin/rig.json
직업 인물,serin,세린,엘프,제련공,defeat,쓰러짐,NW,있음,16,16,기존 원화 관절 변형,해당 시점 원화,미완료,검수 대기,art-source/pixel-characters/professions-v5/serin/rig.json
직업 인물,serin,세린,엘프,제련공,defeat,쓰러짐,NE,있음,16,16,기존 원화 관절 변형,NW 좌우 반전,미완료,검수 대기,art-source/pixel-characters/professions-v5/serin/rig.json
직업 인물,serin,세린,엘프,제련공,defeat,쓰러짐,SE,있음,16,16,기존 원화 관절 변형,SW 좌우 반전,미완료,검수 대기,art-source/pixel-characters/professions-v5/serin/rig.json
직업 인물,serin,세린,엘프,제련공,turn,회전,SW,있음,8,4,기존 원화 관절 변형,해당 시점 원화,미완료,검수 대기,art-source/pixel-characters/professions-v5/serin/rig.json
직업 인물,serin,세린,엘프,제련공,turn,회전,NW,있음,8,4,기존 원화 관절 변형,해당 시점 원화,미완료,검수 대기,art-source/pixel-characters/professions-v5/serin/rig.json
직업 인물,serin,세린,엘프,제련공,turn,회전,NE,있음,8,4,기존 원화 관절 변형,NW 좌우 반전,미완료,검수 대기,art-source/pixel-characters/professions-v5/serin/rig.json
직업 인물,serin,세린,엘프,제련공,turn,회전,SE,있음,8,4,기존 원화 관절 변형,SW 좌우 반전,미완료,검수 대기,art-source/pixel-characters/professions-v5/serin/rig.json
직업 인물,lyra,리라,엘프,재봉사,idle,대기,SW,있음,8,2,기존 원화 관절 변형,해당 시점 원화,미완료,검수 대기,art-source/pixel-characters/professions-v5/lyra/rig.json
직업 인물,lyra,리라,엘프,재봉사,idle,대기,NW,있음,8,2,기존 원화 관절 변형,해당 시점 원화,미완료,검수 대기,art-source/pixel-characters/professions-v5/lyra/rig.json
직업 인물,lyra,리라,엘프,재봉사,idle,대기,NE,있음,8,2,기존 원화 관절 변형,NW 좌우 반전,미완료,검수 대기,art-source/pixel-characters/professions-v5/lyra/rig.json
직업 인물,lyra,리라,엘프,재봉사,idle,대기,SE,있음,8,2,기존 원화 관절 변형,SW 좌우 반전,미완료,검수 대기,art-source/pixel-characters/professions-v5/lyra/rig.json
직업 인물,lyra,리라,엘프,재봉사,walk,걷기·이동,SW,있음,32,32,기존 원화 관절 변형,해당 시점 원화,미완료,검수 대기,art-source/pixel-characters/professions-v5/lyra/rig.json
직업 인물,lyra,리라,엘프,재봉사,walk,걷기·이동,NW,있음,32,32,기존 원화 관절 변형,해당 시점 원화,미완료,검수 대기,art-source/pixel-characters/professions-v5/lyra/rig.json
직업 인물,lyra,리라,엘프,재봉사,walk,걷기·이동,NE,있음,32,32,기존 원화 관절 변형,NW 좌우 반전,미완료,검수 대기,art-source/pixel-characters/professions-v5/lyra/rig.json
직업 인물,lyra,리라,엘프,재봉사,walk,걷기·이동,SE,있음,32,32,기존 원화 관절 변형,SW 좌우 반전,미완료,검수 대기,art-source/pixel-characters/professions-v5/lyra/rig.json
직업 인물,lyra,리라,엘프,재봉사,carry,운반,SW,있음,32,32,기존 원화 관절 변형,해당 시점 원화,미완료,검수 대기,art-source/pixel-characters/professions-v5/lyra/rig.json
직업 인물,lyra,리라,엘프,재봉사,carry,운반,NW,있음,32,32,기존 원화 관절 변형,해당 시점 원화,미완료,검수 대기,art-source/pixel-characters/professions-v5/lyra/rig.json
직업 인물,lyra,리라,엘프,재봉사,carry,운반,NE,있음,32,32,기존 원화 관절 변형,NW 좌우 반전,미완료,검수 대기,art-source/pixel-characters/professions-v5/lyra/rig.json
직업 인물,lyra,리라,엘프,재봉사,carry,운반,SE,있음,32,32,기존 원화 관절 변형,SW 좌우 반전,미완료,검수 대기,art-source/pixel-characters/professions-v5/lyra/rig.json
직업 인물,lyra,리라,엘프,재봉사,work,작업,SW,있음,20,20,기존 원화 관절 변형,해당 시점 원화,미완료,검수 대기,art-source/pixel-characters/professions-v5/lyra/rig.json
직업 인물,lyra,리라,엘프,재봉사,work,작업,NW,있음,20,20,기존 원화 관절 변형,해당 시점 원화,미완료,검수 대기,art-source/pixel-characters/professions-v5/lyra/rig.json
직업 인물,lyra,리라,엘프,재봉사,work,작업,NE,있음,20,20,기존 원화 관절 변형,NW 좌우 반전,미완료,검수 대기,art-source/pixel-characters/professions-v5/lyra/rig.json
직업 인물,lyra,리라,엘프,재봉사,work,작업,SE,있음,20,20,기존 원화 관절 변형,SW 좌우 반전,미완료,검수 대기,art-source/pixel-characters/professions-v5/lyra/rig.json
직업 인물,lyra,리라,엘프,재봉사,pickup,들기,SW,있음,12,12,독립 관절 동작,해당 시점 원화,미완료,검수 대기,art-source/pixel-characters/professions-v5/lyra/rig.json
직업 인물,lyra,리라,엘프,재봉사,pickup,들기,NW,있음,12,12,독립 관절 동작,해당 시점 원화,미완료,검수 대기,art-source/pixel-characters/professions-v5/lyra/rig.json
직업 인물,lyra,리라,엘프,재봉사,pickup,들기,NE,있음,12,12,독립 관절 동작,NW 좌우 반전,미완료,검수 대기,art-source/pixel-characters/professions-v5/lyra/rig.json
직업 인물,lyra,리라,엘프,재봉사,pickup,들기,SE,있음,12,12,독립 관절 동작,SW 좌우 반전,미완료,검수 대기,art-source/pixel-characters/professions-v5/lyra/rig.json
직업 인물,lyra,리라,엘프,재봉사,drop,놓기,SW,있음,12,12,독립 관절 동작,해당 시점 원화,미완료,검수 대기,art-source/pixel-characters/professions-v5/lyra/rig.json
직업 인물,lyra,리라,엘프,재봉사,drop,놓기,NW,있음,12,12,독립 관절 동작,해당 시점 원화,미완료,검수 대기,art-source/pixel-characters/professions-v5/lyra/rig.json
직업 인물,lyra,리라,엘프,재봉사,drop,놓기,NE,있음,12,12,독립 관절 동작,NW 좌우 반전,미완료,검수 대기,art-source/pixel-characters/professions-v5/lyra/rig.json
직업 인물,lyra,리라,엘프,재봉사,drop,놓기,SE,있음,12,12,독립 관절 동작,SW 좌우 반전,미완료,검수 대기,art-source/pixel-characters/professions-v5/lyra/rig.json
직업 인물,lyra,리라,엘프,재봉사,greet,인사,SW,있음,12,11,기존 원화 관절 변형,해당 시점 원화,미완료,검수 대기,art-source/pixel-characters/professions-v5/lyra/rig.json
직업 인물,lyra,리라,엘프,재봉사,greet,인사,NW,있음,12,11,기존 원화 관절 변형,해당 시점 원화,미완료,검수 대기,art-source/pixel-characters/professions-v5/lyra/rig.json
직업 인물,lyra,리라,엘프,재봉사,greet,인사,NE,있음,12,11,기존 원화 관절 변형,NW 좌우 반전,미완료,검수 대기,art-source/pixel-characters/professions-v5/lyra/rig.json
직업 인물,lyra,리라,엘프,재봉사,greet,인사,SE,있음,12,11,기존 원화 관절 변형,SW 좌우 반전,미완료,검수 대기,art-source/pixel-characters/professions-v5/lyra/rig.json
직업 인물,lyra,리라,엘프,재봉사,attack,공격,SW,있음,12,11,기존 원화 관절 변형,해당 시점 원화,미완료,검수 대기,art-source/pixel-characters/professions-v5/lyra/rig.json
직업 인물,lyra,리라,엘프,재봉사,attack,공격,NW,있음,12,11,기존 원화 관절 변형,해당 시점 원화,미완료,검수 대기,art-source/pixel-characters/professions-v5/lyra/rig.json
직업 인물,lyra,리라,엘프,재봉사,attack,공격,NE,있음,12,11,기존 원화 관절 변형,NW 좌우 반전,미완료,검수 대기,art-source/pixel-characters/professions-v5/lyra/rig.json
직업 인물,lyra,리라,엘프,재봉사,attack,공격,SE,있음,12,11,기존 원화 관절 변형,SW 좌우 반전,미완료,검수 대기,art-source/pixel-characters/professions-v5/lyra/rig.json
직업 인물,lyra,리라,엘프,재봉사,hurt,피격,SW,있음,8,7,기존 원화 관절 변형,해당 시점 원화,미완료,검수 대기,art-source/pixel-characters/professions-v5/lyra/rig.json
직업 인물,lyra,리라,엘프,재봉사,hurt,피격,NW,있음,8,7,기존 원화 관절 변형,해당 시점 원화,미완료,검수 대기,art-source/pixel-characters/professions-v5/lyra/rig.json
직업 인물,lyra,리라,엘프,재봉사,hurt,피격,NE,있음,8,7,기존 원화 관절 변형,NW 좌우 반전,미완료,검수 대기,art-source/pixel-characters/professions-v5/lyra/rig.json
직업 인물,lyra,리라,엘프,재봉사,hurt,피격,SE,있음,8,7,기존 원화 관절 변형,SW 좌우 반전,미완료,검수 대기,art-source/pixel-characters/professions-v5/lyra/rig.json
직업 인물,lyra,리라,엘프,재봉사,defeat,쓰러짐,SW,있음,16,16,기존 원화 관절 변형,해당 시점 원화,미완료,검수 대기,art-source/pixel-characters/professions-v5/lyra/rig.json
직업 인물,lyra,리라,엘프,재봉사,defeat,쓰러짐,NW,있음,16,16,기존 원화 관절 변형,해당 시점 원화,미완료,검수 대기,art-source/pixel-characters/professions-v5/lyra/rig.json
직업 인물,lyra,리라,엘프,재봉사,defeat,쓰러짐,NE,있음,16,16,기존 원화 관절 변형,NW 좌우 반전,미완료,검수 대기,art-source/pixel-characters/professions-v5/lyra/rig.json
직업 인물,lyra,리라,엘프,재봉사,defeat,쓰러짐,SE,있음,16,16,기존 원화 관절 변형,SW 좌우 반전,미완료,검수 대기,art-source/pixel-characters/professions-v5/lyra/rig.json
직업 인물,lyra,리라,엘프,재봉사,turn,회전,SW,있음,8,4,기존 원화 관절 변형,해당 시점 원화,미완료,검수 대기,art-source/pixel-characters/professions-v5/lyra/rig.json
직업 인물,lyra,리라,엘프,재봉사,turn,회전,NW,있음,8,4,기존 원화 관절 변형,해당 시점 원화,미완료,검수 대기,art-source/pixel-characters/professions-v5/lyra/rig.json
직업 인물,lyra,리라,엘프,재봉사,turn,회전,NE,있음,8,4,기존 원화 관절 변형,NW 좌우 반전,미완료,검수 대기,art-source/pixel-characters/professions-v5/lyra/rig.json
직업 인물,lyra,리라,엘프,재봉사,turn,회전,SE,있음,8,4,기존 원화 관절 변형,SW 좌우 반전,미완료,검수 대기,art-source/pixel-characters/professions-v5/lyra/rig.json
직업 인물,oriel,오리엘,엘프,유리공,idle,대기,SW,있음,8,2,기존 원화 관절 변형,해당 시점 원화,미완료,검수 대기,art-source/pixel-characters/professions-v5/oriel/rig.json
직업 인물,oriel,오리엘,엘프,유리공,idle,대기,NW,있음,8,2,기존 원화 관절 변형,해당 시점 원화,미완료,검수 대기,art-source/pixel-characters/professions-v5/oriel/rig.json
직업 인물,oriel,오리엘,엘프,유리공,idle,대기,NE,있음,8,2,기존 원화 관절 변형,NW 좌우 반전,미완료,검수 대기,art-source/pixel-characters/professions-v5/oriel/rig.json
직업 인물,oriel,오리엘,엘프,유리공,idle,대기,SE,있음,8,2,기존 원화 관절 변형,SW 좌우 반전,미완료,검수 대기,art-source/pixel-characters/professions-v5/oriel/rig.json
직업 인물,oriel,오리엘,엘프,유리공,walk,걷기·이동,SW,있음,32,32,기존 원화 관절 변형,해당 시점 원화,미완료,검수 대기,art-source/pixel-characters/professions-v5/oriel/rig.json
직업 인물,oriel,오리엘,엘프,유리공,walk,걷기·이동,NW,있음,32,32,기존 원화 관절 변형,해당 시점 원화,미완료,검수 대기,art-source/pixel-characters/professions-v5/oriel/rig.json
직업 인물,oriel,오리엘,엘프,유리공,walk,걷기·이동,NE,있음,32,32,기존 원화 관절 변형,NW 좌우 반전,미완료,검수 대기,art-source/pixel-characters/professions-v5/oriel/rig.json
직업 인물,oriel,오리엘,엘프,유리공,walk,걷기·이동,SE,있음,32,32,기존 원화 관절 변형,SW 좌우 반전,미완료,검수 대기,art-source/pixel-characters/professions-v5/oriel/rig.json
직업 인물,oriel,오리엘,엘프,유리공,carry,운반,SW,있음,32,32,기존 원화 관절 변형,해당 시점 원화,미완료,검수 대기,art-source/pixel-characters/professions-v5/oriel/rig.json
직업 인물,oriel,오리엘,엘프,유리공,carry,운반,NW,있음,32,32,기존 원화 관절 변형,해당 시점 원화,미완료,검수 대기,art-source/pixel-characters/professions-v5/oriel/rig.json
직업 인물,oriel,오리엘,엘프,유리공,carry,운반,NE,있음,32,32,기존 원화 관절 변형,NW 좌우 반전,미완료,검수 대기,art-source/pixel-characters/professions-v5/oriel/rig.json
직업 인물,oriel,오리엘,엘프,유리공,carry,운반,SE,있음,32,32,기존 원화 관절 변형,SW 좌우 반전,미완료,검수 대기,art-source/pixel-characters/professions-v5/oriel/rig.json
직업 인물,oriel,오리엘,엘프,유리공,work,작업,SW,있음,20,20,기존 원화 관절 변형,해당 시점 원화,미완료,검수 대기,art-source/pixel-characters/professions-v5/oriel/rig.json
직업 인물,oriel,오리엘,엘프,유리공,work,작업,NW,있음,20,20,기존 원화 관절 변형,해당 시점 원화,미완료,검수 대기,art-source/pixel-characters/professions-v5/oriel/rig.json
직업 인물,oriel,오리엘,엘프,유리공,work,작업,NE,있음,20,20,기존 원화 관절 변형,NW 좌우 반전,미완료,검수 대기,art-source/pixel-characters/professions-v5/oriel/rig.json
직업 인물,oriel,오리엘,엘프,유리공,work,작업,SE,있음,20,20,기존 원화 관절 변형,SW 좌우 반전,미완료,검수 대기,art-source/pixel-characters/professions-v5/oriel/rig.json
직업 인물,oriel,오리엘,엘프,유리공,pickup,들기,SW,있음,12,12,독립 관절 동작,해당 시점 원화,미완료,검수 대기,art-source/pixel-characters/professions-v5/oriel/rig.json
직업 인물,oriel,오리엘,엘프,유리공,pickup,들기,NW,있음,12,12,독립 관절 동작,해당 시점 원화,미완료,검수 대기,art-source/pixel-characters/professions-v5/oriel/rig.json
직업 인물,oriel,오리엘,엘프,유리공,pickup,들기,NE,있음,12,12,독립 관절 동작,NW 좌우 반전,미완료,검수 대기,art-source/pixel-characters/professions-v5/oriel/rig.json
직업 인물,oriel,오리엘,엘프,유리공,pickup,들기,SE,있음,12,12,독립 관절 동작,SW 좌우 반전,미완료,검수 대기,art-source/pixel-characters/professions-v5/oriel/rig.json
직업 인물,oriel,오리엘,엘프,유리공,drop,놓기,SW,있음,12,12,독립 관절 동작,해당 시점 원화,미완료,검수 대기,art-source/pixel-characters/professions-v5/oriel/rig.json
직업 인물,oriel,오리엘,엘프,유리공,drop,놓기,NW,있음,12,12,독립 관절 동작,해당 시점 원화,미완료,검수 대기,art-source/pixel-characters/professions-v5/oriel/rig.json
직업 인물,oriel,오리엘,엘프,유리공,drop,놓기,NE,있음,12,12,독립 관절 동작,NW 좌우 반전,미완료,검수 대기,art-source/pixel-characters/professions-v5/oriel/rig.json
직업 인물,oriel,오리엘,엘프,유리공,drop,놓기,SE,있음,12,12,독립 관절 동작,SW 좌우 반전,미완료,검수 대기,art-source/pixel-characters/professions-v5/oriel/rig.json
직업 인물,oriel,오리엘,엘프,유리공,greet,인사,SW,있음,12,11,기존 원화 관절 변형,해당 시점 원화,미완료,검수 대기,art-source/pixel-characters/professions-v5/oriel/rig.json
직업 인물,oriel,오리엘,엘프,유리공,greet,인사,NW,있음,12,11,기존 원화 관절 변형,해당 시점 원화,미완료,검수 대기,art-source/pixel-characters/professions-v5/oriel/rig.json
직업 인물,oriel,오리엘,엘프,유리공,greet,인사,NE,있음,12,11,기존 원화 관절 변형,NW 좌우 반전,미완료,검수 대기,art-source/pixel-characters/professions-v5/oriel/rig.json
직업 인물,oriel,오리엘,엘프,유리공,greet,인사,SE,있음,12,11,기존 원화 관절 변형,SW 좌우 반전,미완료,검수 대기,art-source/pixel-characters/professions-v5/oriel/rig.json
직업 인물,oriel,오리엘,엘프,유리공,attack,공격,SW,있음,12,11,기존 원화 관절 변형,해당 시점 원화,미완료,검수 대기,art-source/pixel-characters/professions-v5/oriel/rig.json
직업 인물,oriel,오리엘,엘프,유리공,attack,공격,NW,있음,12,11,기존 원화 관절 변형,해당 시점 원화,미완료,검수 대기,art-source/pixel-characters/professions-v5/oriel/rig.json
직업 인물,oriel,오리엘,엘프,유리공,attack,공격,NE,있음,12,11,기존 원화 관절 변형,NW 좌우 반전,미완료,검수 대기,art-source/pixel-characters/professions-v5/oriel/rig.json
직업 인물,oriel,오리엘,엘프,유리공,attack,공격,SE,있음,12,11,기존 원화 관절 변형,SW 좌우 반전,미완료,검수 대기,art-source/pixel-characters/professions-v5/oriel/rig.json
직업 인물,oriel,오리엘,엘프,유리공,hurt,피격,SW,있음,8,7,기존 원화 관절 변형,해당 시점 원화,미완료,검수 대기,art-source/pixel-characters/professions-v5/oriel/rig.json
직업 인물,oriel,오리엘,엘프,유리공,hurt,피격,NW,있음,8,7,기존 원화 관절 변형,해당 시점 원화,미완료,검수 대기,art-source/pixel-characters/professions-v5/oriel/rig.json
직업 인물,oriel,오리엘,엘프,유리공,hurt,피격,NE,있음,8,7,기존 원화 관절 변형,NW 좌우 반전,미완료,검수 대기,art-source/pixel-characters/professions-v5/oriel/rig.json
직업 인물,oriel,오리엘,엘프,유리공,hurt,피격,SE,있음,8,7,기존 원화 관절 변형,SW 좌우 반전,미완료,검수 대기,art-source/pixel-characters/professions-v5/oriel/rig.json
직업 인물,oriel,오리엘,엘프,유리공,defeat,쓰러짐,SW,있음,16,16,기존 원화 관절 변형,해당 시점 원화,미완료,검수 대기,art-source/pixel-characters/professions-v5/oriel/rig.json
직업 인물,oriel,오리엘,엘프,유리공,defeat,쓰러짐,NW,있음,16,16,기존 원화 관절 변형,해당 시점 원화,미완료,검수 대기,art-source/pixel-characters/professions-v5/oriel/rig.json
직업 인물,oriel,오리엘,엘프,유리공,defeat,쓰러짐,NE,있음,16,16,기존 원화 관절 변형,NW 좌우 반전,미완료,검수 대기,art-source/pixel-characters/professions-v5/oriel/rig.json
직업 인물,oriel,오리엘,엘프,유리공,defeat,쓰러짐,SE,있음,16,16,기존 원화 관절 변형,SW 좌우 반전,미완료,검수 대기,art-source/pixel-characters/professions-v5/oriel/rig.json
직업 인물,oriel,오리엘,엘프,유리공,turn,회전,SW,있음,8,4,기존 원화 관절 변형,해당 시점 원화,미완료,검수 대기,art-source/pixel-characters/professions-v5/oriel/rig.json
직업 인물,oriel,오리엘,엘프,유리공,turn,회전,NW,있음,8,4,기존 원화 관절 변형,해당 시점 원화,미완료,검수 대기,art-source/pixel-characters/professions-v5/oriel/rig.json
직업 인물,oriel,오리엘,엘프,유리공,turn,회전,NE,있음,8,4,기존 원화 관절 변형,NW 좌우 반전,미완료,검수 대기,art-source/pixel-characters/professions-v5/oriel/rig.json
직업 인물,oriel,오리엘,엘프,유리공,turn,회전,SE,있음,8,4,기존 원화 관절 변형,SW 좌우 반전,미완료,검수 대기,art-source/pixel-characters/professions-v5/oriel/rig.json
직업 인물,nalia,날리아,엘프,어부,idle,대기,SW,있음,8,2,기존 원화 관절 변형,해당 시점 원화,미완료,검수 대기,art-source/pixel-characters/professions-v5/nalia/rig.json
직업 인물,nalia,날리아,엘프,어부,idle,대기,NW,있음,8,2,기존 원화 관절 변형,해당 시점 원화,미완료,검수 대기,art-source/pixel-characters/professions-v5/nalia/rig.json
직업 인물,nalia,날리아,엘프,어부,idle,대기,NE,있음,8,2,기존 원화 관절 변형,NW 좌우 반전,미완료,검수 대기,art-source/pixel-characters/professions-v5/nalia/rig.json
직업 인물,nalia,날리아,엘프,어부,idle,대기,SE,있음,8,2,기존 원화 관절 변형,SW 좌우 반전,미완료,검수 대기,art-source/pixel-characters/professions-v5/nalia/rig.json
직업 인물,nalia,날리아,엘프,어부,walk,걷기·이동,SW,있음,32,32,기존 원화 관절 변형,해당 시점 원화,미완료,검수 대기,art-source/pixel-characters/professions-v5/nalia/rig.json
직업 인물,nalia,날리아,엘프,어부,walk,걷기·이동,NW,있음,32,32,기존 원화 관절 변형,해당 시점 원화,미완료,검수 대기,art-source/pixel-characters/professions-v5/nalia/rig.json
직업 인물,nalia,날리아,엘프,어부,walk,걷기·이동,NE,있음,32,32,기존 원화 관절 변형,NW 좌우 반전,미완료,검수 대기,art-source/pixel-characters/professions-v5/nalia/rig.json
직업 인물,nalia,날리아,엘프,어부,walk,걷기·이동,SE,있음,32,32,기존 원화 관절 변형,SW 좌우 반전,미완료,검수 대기,art-source/pixel-characters/professions-v5/nalia/rig.json
직업 인물,nalia,날리아,엘프,어부,carry,운반,SW,있음,32,32,기존 원화 관절 변형,해당 시점 원화,미완료,검수 대기,art-source/pixel-characters/professions-v5/nalia/rig.json
직업 인물,nalia,날리아,엘프,어부,carry,운반,NW,있음,32,32,기존 원화 관절 변형,해당 시점 원화,미완료,검수 대기,art-source/pixel-characters/professions-v5/nalia/rig.json
직업 인물,nalia,날리아,엘프,어부,carry,운반,NE,있음,32,32,기존 원화 관절 변형,NW 좌우 반전,미완료,검수 대기,art-source/pixel-characters/professions-v5/nalia/rig.json
직업 인물,nalia,날리아,엘프,어부,carry,운반,SE,있음,32,32,기존 원화 관절 변형,SW 좌우 반전,미완료,검수 대기,art-source/pixel-characters/professions-v5/nalia/rig.json
직업 인물,nalia,날리아,엘프,어부,work,작업,SW,있음,20,18,기존 원화 관절 변형,해당 시점 원화,미완료,검수 대기,art-source/pixel-characters/professions-v5/nalia/rig.json
직업 인물,nalia,날리아,엘프,어부,work,작업,NW,있음,20,18,기존 원화 관절 변형,해당 시점 원화,미완료,검수 대기,art-source/pixel-characters/professions-v5/nalia/rig.json
직업 인물,nalia,날리아,엘프,어부,work,작업,NE,있음,20,18,기존 원화 관절 변형,NW 좌우 반전,미완료,검수 대기,art-source/pixel-characters/professions-v5/nalia/rig.json
직업 인물,nalia,날리아,엘프,어부,work,작업,SE,있음,20,18,기존 원화 관절 변형,SW 좌우 반전,미완료,검수 대기,art-source/pixel-characters/professions-v5/nalia/rig.json
직업 인물,nalia,날리아,엘프,어부,pickup,들기,SW,있음,12,12,독립 관절 동작,해당 시점 원화,미완료,검수 대기,art-source/pixel-characters/professions-v5/nalia/rig.json
직업 인물,nalia,날리아,엘프,어부,pickup,들기,NW,있음,12,12,독립 관절 동작,해당 시점 원화,미완료,검수 대기,art-source/pixel-characters/professions-v5/nalia/rig.json
직업 인물,nalia,날리아,엘프,어부,pickup,들기,NE,있음,12,12,독립 관절 동작,NW 좌우 반전,미완료,검수 대기,art-source/pixel-characters/professions-v5/nalia/rig.json
직업 인물,nalia,날리아,엘프,어부,pickup,들기,SE,있음,12,12,독립 관절 동작,SW 좌우 반전,미완료,검수 대기,art-source/pixel-characters/professions-v5/nalia/rig.json
직업 인물,nalia,날리아,엘프,어부,drop,놓기,SW,있음,12,12,독립 관절 동작,해당 시점 원화,미완료,검수 대기,art-source/pixel-characters/professions-v5/nalia/rig.json
직업 인물,nalia,날리아,엘프,어부,drop,놓기,NW,있음,12,12,독립 관절 동작,해당 시점 원화,미완료,검수 대기,art-source/pixel-characters/professions-v5/nalia/rig.json
직업 인물,nalia,날리아,엘프,어부,drop,놓기,NE,있음,12,12,독립 관절 동작,NW 좌우 반전,미완료,검수 대기,art-source/pixel-characters/professions-v5/nalia/rig.json
직업 인물,nalia,날리아,엘프,어부,drop,놓기,SE,있음,12,12,독립 관절 동작,SW 좌우 반전,미완료,검수 대기,art-source/pixel-characters/professions-v5/nalia/rig.json
직업 인물,nalia,날리아,엘프,어부,greet,인사,SW,있음,12,11,기존 원화 관절 변형,해당 시점 원화,미완료,검수 대기,art-source/pixel-characters/professions-v5/nalia/rig.json
직업 인물,nalia,날리아,엘프,어부,greet,인사,NW,있음,12,11,기존 원화 관절 변형,해당 시점 원화,미완료,검수 대기,art-source/pixel-characters/professions-v5/nalia/rig.json
직업 인물,nalia,날리아,엘프,어부,greet,인사,NE,있음,12,11,기존 원화 관절 변형,NW 좌우 반전,미완료,검수 대기,art-source/pixel-characters/professions-v5/nalia/rig.json
직업 인물,nalia,날리아,엘프,어부,greet,인사,SE,있음,12,11,기존 원화 관절 변형,SW 좌우 반전,미완료,검수 대기,art-source/pixel-characters/professions-v5/nalia/rig.json
직업 인물,nalia,날리아,엘프,어부,attack,공격,SW,있음,12,11,기존 원화 관절 변형,해당 시점 원화,미완료,검수 대기,art-source/pixel-characters/professions-v5/nalia/rig.json
직업 인물,nalia,날리아,엘프,어부,attack,공격,NW,있음,12,11,기존 원화 관절 변형,해당 시점 원화,미완료,검수 대기,art-source/pixel-characters/professions-v5/nalia/rig.json
직업 인물,nalia,날리아,엘프,어부,attack,공격,NE,있음,12,11,기존 원화 관절 변형,NW 좌우 반전,미완료,검수 대기,art-source/pixel-characters/professions-v5/nalia/rig.json
직업 인물,nalia,날리아,엘프,어부,attack,공격,SE,있음,12,11,기존 원화 관절 변형,SW 좌우 반전,미완료,검수 대기,art-source/pixel-characters/professions-v5/nalia/rig.json
직업 인물,nalia,날리아,엘프,어부,hurt,피격,SW,있음,8,7,기존 원화 관절 변형,해당 시점 원화,미완료,검수 대기,art-source/pixel-characters/professions-v5/nalia/rig.json
직업 인물,nalia,날리아,엘프,어부,hurt,피격,NW,있음,8,7,기존 원화 관절 변형,해당 시점 원화,미완료,검수 대기,art-source/pixel-characters/professions-v5/nalia/rig.json
직업 인물,nalia,날리아,엘프,어부,hurt,피격,NE,있음,8,7,기존 원화 관절 변형,NW 좌우 반전,미완료,검수 대기,art-source/pixel-characters/professions-v5/nalia/rig.json
직업 인물,nalia,날리아,엘프,어부,hurt,피격,SE,있음,8,7,기존 원화 관절 변형,SW 좌우 반전,미완료,검수 대기,art-source/pixel-characters/professions-v5/nalia/rig.json
직업 인물,nalia,날리아,엘프,어부,defeat,쓰러짐,SW,있음,16,16,기존 원화 관절 변형,해당 시점 원화,미완료,검수 대기,art-source/pixel-characters/professions-v5/nalia/rig.json
직업 인물,nalia,날리아,엘프,어부,defeat,쓰러짐,NW,있음,16,16,기존 원화 관절 변형,해당 시점 원화,미완료,검수 대기,art-source/pixel-characters/professions-v5/nalia/rig.json
직업 인물,nalia,날리아,엘프,어부,defeat,쓰러짐,NE,있음,16,16,기존 원화 관절 변형,NW 좌우 반전,미완료,검수 대기,art-source/pixel-characters/professions-v5/nalia/rig.json
직업 인물,nalia,날리아,엘프,어부,defeat,쓰러짐,SE,있음,16,16,기존 원화 관절 변형,SW 좌우 반전,미완료,검수 대기,art-source/pixel-characters/professions-v5/nalia/rig.json
직업 인물,nalia,날리아,엘프,어부,turn,회전,SW,있음,8,4,기존 원화 관절 변형,해당 시점 원화,미완료,검수 대기,art-source/pixel-characters/professions-v5/nalia/rig.json
직업 인물,nalia,날리아,엘프,어부,turn,회전,NW,있음,8,4,기존 원화 관절 변형,해당 시점 원화,미완료,검수 대기,art-source/pixel-characters/professions-v5/nalia/rig.json
직업 인물,nalia,날리아,엘프,어부,turn,회전,NE,있음,8,4,기존 원화 관절 변형,NW 좌우 반전,미완료,검수 대기,art-source/pixel-characters/professions-v5/nalia/rig.json
직업 인물,nalia,날리아,엘프,어부,turn,회전,SE,있음,8,4,기존 원화 관절 변형,SW 좌우 반전,미완료,검수 대기,art-source/pixel-characters/professions-v5/nalia/rig.json
직업 인물,vian,비안,엘프,상인,idle,대기,SW,있음,8,2,기존 원화 관절 변형,해당 시점 원화,미완료,검수 대기,art-source/pixel-characters/professions-v5/vian/rig.json
직업 인물,vian,비안,엘프,상인,idle,대기,NW,있음,8,2,기존 원화 관절 변형,해당 시점 원화,미완료,검수 대기,art-source/pixel-characters/professions-v5/vian/rig.json
직업 인물,vian,비안,엘프,상인,idle,대기,NE,있음,8,2,기존 원화 관절 변형,NW 좌우 반전,미완료,검수 대기,art-source/pixel-characters/professions-v5/vian/rig.json
직업 인물,vian,비안,엘프,상인,idle,대기,SE,있음,8,2,기존 원화 관절 변형,SW 좌우 반전,미완료,검수 대기,art-source/pixel-characters/professions-v5/vian/rig.json
직업 인물,vian,비안,엘프,상인,walk,걷기·이동,SW,있음,32,32,기존 원화 관절 변형,해당 시점 원화,미완료,검수 대기,art-source/pixel-characters/professions-v5/vian/rig.json
직업 인물,vian,비안,엘프,상인,walk,걷기·이동,NW,있음,32,32,기존 원화 관절 변형,해당 시점 원화,미완료,검수 대기,art-source/pixel-characters/professions-v5/vian/rig.json
직업 인물,vian,비안,엘프,상인,walk,걷기·이동,NE,있음,32,32,기존 원화 관절 변형,NW 좌우 반전,미완료,검수 대기,art-source/pixel-characters/professions-v5/vian/rig.json
직업 인물,vian,비안,엘프,상인,walk,걷기·이동,SE,있음,32,32,기존 원화 관절 변형,SW 좌우 반전,미완료,검수 대기,art-source/pixel-characters/professions-v5/vian/rig.json
직업 인물,vian,비안,엘프,상인,carry,운반,SW,있음,32,32,기존 원화 관절 변형,해당 시점 원화,미완료,검수 대기,art-source/pixel-characters/professions-v5/vian/rig.json
직업 인물,vian,비안,엘프,상인,carry,운반,NW,있음,32,32,기존 원화 관절 변형,해당 시점 원화,미완료,검수 대기,art-source/pixel-characters/professions-v5/vian/rig.json
직업 인물,vian,비안,엘프,상인,carry,운반,NE,있음,32,32,기존 원화 관절 변형,NW 좌우 반전,미완료,검수 대기,art-source/pixel-characters/professions-v5/vian/rig.json
직업 인물,vian,비안,엘프,상인,carry,운반,SE,있음,32,32,기존 원화 관절 변형,SW 좌우 반전,미완료,검수 대기,art-source/pixel-characters/professions-v5/vian/rig.json
직업 인물,vian,비안,엘프,상인,work,작업,SW,있음,20,20,기존 원화 관절 변형,해당 시점 원화,미완료,검수 대기,art-source/pixel-characters/professions-v5/vian/rig.json
직업 인물,vian,비안,엘프,상인,work,작업,NW,있음,20,20,기존 원화 관절 변형,해당 시점 원화,미완료,검수 대기,art-source/pixel-characters/professions-v5/vian/rig.json
직업 인물,vian,비안,엘프,상인,work,작업,NE,있음,20,20,기존 원화 관절 변형,NW 좌우 반전,미완료,검수 대기,art-source/pixel-characters/professions-v5/vian/rig.json
직업 인물,vian,비안,엘프,상인,work,작업,SE,있음,20,20,기존 원화 관절 변형,SW 좌우 반전,미완료,검수 대기,art-source/pixel-characters/professions-v5/vian/rig.json
직업 인물,vian,비안,엘프,상인,pickup,들기,SW,있음,12,12,독립 관절 동작,해당 시점 원화,미완료,검수 대기,art-source/pixel-characters/professions-v5/vian/rig.json
직업 인물,vian,비안,엘프,상인,pickup,들기,NW,있음,12,12,독립 관절 동작,해당 시점 원화,미완료,검수 대기,art-source/pixel-characters/professions-v5/vian/rig.json
직업 인물,vian,비안,엘프,상인,pickup,들기,NE,있음,12,12,독립 관절 동작,NW 좌우 반전,미완료,검수 대기,art-source/pixel-characters/professions-v5/vian/rig.json
직업 인물,vian,비안,엘프,상인,pickup,들기,SE,있음,12,12,독립 관절 동작,SW 좌우 반전,미완료,검수 대기,art-source/pixel-characters/professions-v5/vian/rig.json
직업 인물,vian,비안,엘프,상인,drop,놓기,SW,있음,12,12,독립 관절 동작,해당 시점 원화,미완료,검수 대기,art-source/pixel-characters/professions-v5/vian/rig.json
직업 인물,vian,비안,엘프,상인,drop,놓기,NW,있음,12,12,독립 관절 동작,해당 시점 원화,미완료,검수 대기,art-source/pixel-characters/professions-v5/vian/rig.json
직업 인물,vian,비안,엘프,상인,drop,놓기,NE,있음,12,12,독립 관절 동작,NW 좌우 반전,미완료,검수 대기,art-source/pixel-characters/professions-v5/vian/rig.json
직업 인물,vian,비안,엘프,상인,drop,놓기,SE,있음,12,12,독립 관절 동작,SW 좌우 반전,미완료,검수 대기,art-source/pixel-characters/professions-v5/vian/rig.json
직업 인물,vian,비안,엘프,상인,greet,인사,SW,있음,12,11,기존 원화 관절 변형,해당 시점 원화,미완료,검수 대기,art-source/pixel-characters/professions-v5/vian/rig.json
직업 인물,vian,비안,엘프,상인,greet,인사,NW,있음,12,11,기존 원화 관절 변형,해당 시점 원화,미완료,검수 대기,art-source/pixel-characters/professions-v5/vian/rig.json
직업 인물,vian,비안,엘프,상인,greet,인사,NE,있음,12,11,기존 원화 관절 변형,NW 좌우 반전,미완료,검수 대기,art-source/pixel-characters/professions-v5/vian/rig.json
직업 인물,vian,비안,엘프,상인,greet,인사,SE,있음,12,11,기존 원화 관절 변형,SW 좌우 반전,미완료,검수 대기,art-source/pixel-characters/professions-v5/vian/rig.json
직업 인물,vian,비안,엘프,상인,attack,공격,SW,있음,12,11,기존 원화 관절 변형,해당 시점 원화,미완료,검수 대기,art-source/pixel-characters/professions-v5/vian/rig.json
직업 인물,vian,비안,엘프,상인,attack,공격,NW,있음,12,11,기존 원화 관절 변형,해당 시점 원화,미완료,검수 대기,art-source/pixel-characters/professions-v5/vian/rig.json
직업 인물,vian,비안,엘프,상인,attack,공격,NE,있음,12,11,기존 원화 관절 변형,NW 좌우 반전,미완료,검수 대기,art-source/pixel-characters/professions-v5/vian/rig.json
직업 인물,vian,비안,엘프,상인,attack,공격,SE,있음,12,11,기존 원화 관절 변형,SW 좌우 반전,미완료,검수 대기,art-source/pixel-characters/professions-v5/vian/rig.json
직업 인물,vian,비안,엘프,상인,hurt,피격,SW,있음,8,7,기존 원화 관절 변형,해당 시점 원화,미완료,검수 대기,art-source/pixel-characters/professions-v5/vian/rig.json
직업 인물,vian,비안,엘프,상인,hurt,피격,NW,있음,8,7,기존 원화 관절 변형,해당 시점 원화,미완료,검수 대기,art-source/pixel-characters/professions-v5/vian/rig.json
직업 인물,vian,비안,엘프,상인,hurt,피격,NE,있음,8,7,기존 원화 관절 변형,NW 좌우 반전,미완료,검수 대기,art-source/pixel-characters/professions-v5/vian/rig.json
직업 인물,vian,비안,엘프,상인,hurt,피격,SE,있음,8,7,기존 원화 관절 변형,SW 좌우 반전,미완료,검수 대기,art-source/pixel-characters/professions-v5/vian/rig.json
직업 인물,vian,비안,엘프,상인,defeat,쓰러짐,SW,있음,16,16,기존 원화 관절 변형,해당 시점 원화,미완료,검수 대기,art-source/pixel-characters/professions-v5/vian/rig.json
직업 인물,vian,비안,엘프,상인,defeat,쓰러짐,NW,있음,16,16,기존 원화 관절 변형,해당 시점 원화,미완료,검수 대기,art-source/pixel-characters/professions-v5/vian/rig.json
직업 인물,vian,비안,엘프,상인,defeat,쓰러짐,NE,있음,16,16,기존 원화 관절 변형,NW 좌우 반전,미완료,검수 대기,art-source/pixel-characters/professions-v5/vian/rig.json
직업 인물,vian,비안,엘프,상인,defeat,쓰러짐,SE,있음,16,16,기존 원화 관절 변형,SW 좌우 반전,미완료,검수 대기,art-source/pixel-characters/professions-v5/vian/rig.json
직업 인물,vian,비안,엘프,상인,turn,회전,SW,있음,8,4,기존 원화 관절 변형,해당 시점 원화,미완료,검수 대기,art-source/pixel-characters/professions-v5/vian/rig.json
직업 인물,vian,비안,엘프,상인,turn,회전,NW,있음,8,4,기존 원화 관절 변형,해당 시점 원화,미완료,검수 대기,art-source/pixel-characters/professions-v5/vian/rig.json
직업 인물,vian,비안,엘프,상인,turn,회전,NE,있음,8,4,기존 원화 관절 변형,NW 좌우 반전,미완료,검수 대기,art-source/pixel-characters/professions-v5/vian/rig.json
직업 인물,vian,비안,엘프,상인,turn,회전,SE,있음,8,4,기존 원화 관절 변형,SW 좌우 반전,미완료,검수 대기,art-source/pixel-characters/professions-v5/vian/rig.json
직업 인물,erena,에레나,엘프,행정관,idle,대기,SW,있음,8,2,기존 원화 관절 변형,해당 시점 원화,미완료,검수 대기,art-source/pixel-characters/professions-v5/erena/rig.json
직업 인물,erena,에레나,엘프,행정관,idle,대기,NW,있음,8,2,기존 원화 관절 변형,해당 시점 원화,미완료,검수 대기,art-source/pixel-characters/professions-v5/erena/rig.json
직업 인물,erena,에레나,엘프,행정관,idle,대기,NE,있음,8,2,기존 원화 관절 변형,NW 좌우 반전,미완료,검수 대기,art-source/pixel-characters/professions-v5/erena/rig.json
직업 인물,erena,에레나,엘프,행정관,idle,대기,SE,있음,8,2,기존 원화 관절 변형,SW 좌우 반전,미완료,검수 대기,art-source/pixel-characters/professions-v5/erena/rig.json
직업 인물,erena,에레나,엘프,행정관,walk,걷기·이동,SW,있음,32,32,기존 원화 관절 변형,해당 시점 원화,미완료,검수 대기,art-source/pixel-characters/professions-v5/erena/rig.json
직업 인물,erena,에레나,엘프,행정관,walk,걷기·이동,NW,있음,32,32,기존 원화 관절 변형,해당 시점 원화,미완료,검수 대기,art-source/pixel-characters/professions-v5/erena/rig.json
직업 인물,erena,에레나,엘프,행정관,walk,걷기·이동,NE,있음,32,32,기존 원화 관절 변형,NW 좌우 반전,미완료,검수 대기,art-source/pixel-characters/professions-v5/erena/rig.json
직업 인물,erena,에레나,엘프,행정관,walk,걷기·이동,SE,있음,32,32,기존 원화 관절 변형,SW 좌우 반전,미완료,검수 대기,art-source/pixel-characters/professions-v5/erena/rig.json
직업 인물,erena,에레나,엘프,행정관,carry,운반,SW,있음,32,32,기존 원화 관절 변형,해당 시점 원화,미완료,검수 대기,art-source/pixel-characters/professions-v5/erena/rig.json
직업 인물,erena,에레나,엘프,행정관,carry,운반,NW,있음,32,32,기존 원화 관절 변형,해당 시점 원화,미완료,검수 대기,art-source/pixel-characters/professions-v5/erena/rig.json
직업 인물,erena,에레나,엘프,행정관,carry,운반,NE,있음,32,32,기존 원화 관절 변형,NW 좌우 반전,미완료,검수 대기,art-source/pixel-characters/professions-v5/erena/rig.json
직업 인물,erena,에레나,엘프,행정관,carry,운반,SE,있음,32,32,기존 원화 관절 변형,SW 좌우 반전,미완료,검수 대기,art-source/pixel-characters/professions-v5/erena/rig.json
직업 인물,erena,에레나,엘프,행정관,work,작업,SW,있음,20,20,기존 원화 관절 변형,해당 시점 원화,미완료,검수 대기,art-source/pixel-characters/professions-v5/erena/rig.json
직업 인물,erena,에레나,엘프,행정관,work,작업,NW,있음,20,20,기존 원화 관절 변형,해당 시점 원화,미완료,검수 대기,art-source/pixel-characters/professions-v5/erena/rig.json
직업 인물,erena,에레나,엘프,행정관,work,작업,NE,있음,20,20,기존 원화 관절 변형,NW 좌우 반전,미완료,검수 대기,art-source/pixel-characters/professions-v5/erena/rig.json
직업 인물,erena,에레나,엘프,행정관,work,작업,SE,있음,20,20,기존 원화 관절 변형,SW 좌우 반전,미완료,검수 대기,art-source/pixel-characters/professions-v5/erena/rig.json
직업 인물,erena,에레나,엘프,행정관,pickup,들기,SW,있음,12,12,독립 관절 동작,해당 시점 원화,미완료,검수 대기,art-source/pixel-characters/professions-v5/erena/rig.json
직업 인물,erena,에레나,엘프,행정관,pickup,들기,NW,있음,12,12,독립 관절 동작,해당 시점 원화,미완료,검수 대기,art-source/pixel-characters/professions-v5/erena/rig.json
직업 인물,erena,에레나,엘프,행정관,pickup,들기,NE,있음,12,12,독립 관절 동작,NW 좌우 반전,미완료,검수 대기,art-source/pixel-characters/professions-v5/erena/rig.json
직업 인물,erena,에레나,엘프,행정관,pickup,들기,SE,있음,12,12,독립 관절 동작,SW 좌우 반전,미완료,검수 대기,art-source/pixel-characters/professions-v5/erena/rig.json
직업 인물,erena,에레나,엘프,행정관,drop,놓기,SW,있음,12,12,독립 관절 동작,해당 시점 원화,미완료,검수 대기,art-source/pixel-characters/professions-v5/erena/rig.json
직업 인물,erena,에레나,엘프,행정관,drop,놓기,NW,있음,12,12,독립 관절 동작,해당 시점 원화,미완료,검수 대기,art-source/pixel-characters/professions-v5/erena/rig.json
직업 인물,erena,에레나,엘프,행정관,drop,놓기,NE,있음,12,12,독립 관절 동작,NW 좌우 반전,미완료,검수 대기,art-source/pixel-characters/professions-v5/erena/rig.json
직업 인물,erena,에레나,엘프,행정관,drop,놓기,SE,있음,12,12,독립 관절 동작,SW 좌우 반전,미완료,검수 대기,art-source/pixel-characters/professions-v5/erena/rig.json
직업 인물,erena,에레나,엘프,행정관,greet,인사,SW,있음,12,11,기존 원화 관절 변형,해당 시점 원화,미완료,검수 대기,art-source/pixel-characters/professions-v5/erena/rig.json
직업 인물,erena,에레나,엘프,행정관,greet,인사,NW,있음,12,11,기존 원화 관절 변형,해당 시점 원화,미완료,검수 대기,art-source/pixel-characters/professions-v5/erena/rig.json
직업 인물,erena,에레나,엘프,행정관,greet,인사,NE,있음,12,11,기존 원화 관절 변형,NW 좌우 반전,미완료,검수 대기,art-source/pixel-characters/professions-v5/erena/rig.json
직업 인물,erena,에레나,엘프,행정관,greet,인사,SE,있음,12,11,기존 원화 관절 변형,SW 좌우 반전,미완료,검수 대기,art-source/pixel-characters/professions-v5/erena/rig.json
직업 인물,erena,에레나,엘프,행정관,attack,공격,SW,있음,12,11,기존 원화 관절 변형,해당 시점 원화,미완료,검수 대기,art-source/pixel-characters/professions-v5/erena/rig.json
직업 인물,erena,에레나,엘프,행정관,attack,공격,NW,있음,12,11,기존 원화 관절 변형,해당 시점 원화,미완료,검수 대기,art-source/pixel-characters/professions-v5/erena/rig.json
직업 인물,erena,에레나,엘프,행정관,attack,공격,NE,있음,12,11,기존 원화 관절 변형,NW 좌우 반전,미완료,검수 대기,art-source/pixel-characters/professions-v5/erena/rig.json
직업 인물,erena,에레나,엘프,행정관,attack,공격,SE,있음,12,11,기존 원화 관절 변형,SW 좌우 반전,미완료,검수 대기,art-source/pixel-characters/professions-v5/erena/rig.json
직업 인물,erena,에레나,엘프,행정관,hurt,피격,SW,있음,8,7,기존 원화 관절 변형,해당 시점 원화,미완료,검수 대기,art-source/pixel-characters/professions-v5/erena/rig.json
직업 인물,erena,에레나,엘프,행정관,hurt,피격,NW,있음,8,7,기존 원화 관절 변형,해당 시점 원화,미완료,검수 대기,art-source/pixel-characters/professions-v5/erena/rig.json
직업 인물,erena,에레나,엘프,행정관,hurt,피격,NE,있음,8,7,기존 원화 관절 변형,NW 좌우 반전,미완료,검수 대기,art-source/pixel-characters/professions-v5/erena/rig.json
직업 인물,erena,에레나,엘프,행정관,hurt,피격,SE,있음,8,7,기존 원화 관절 변형,SW 좌우 반전,미완료,검수 대기,art-source/pixel-characters/professions-v5/erena/rig.json
직업 인물,erena,에레나,엘프,행정관,defeat,쓰러짐,SW,있음,16,16,기존 원화 관절 변형,해당 시점 원화,미완료,검수 대기,art-source/pixel-characters/professions-v5/erena/rig.json
직업 인물,erena,에레나,엘프,행정관,defeat,쓰러짐,NW,있음,16,16,기존 원화 관절 변형,해당 시점 원화,미완료,검수 대기,art-source/pixel-characters/professions-v5/erena/rig.json
직업 인물,erena,에레나,엘프,행정관,defeat,쓰러짐,NE,있음,16,16,기존 원화 관절 변형,NW 좌우 반전,미완료,검수 대기,art-source/pixel-characters/professions-v5/erena/rig.json
직업 인물,erena,에레나,엘프,행정관,defeat,쓰러짐,SE,있음,16,16,기존 원화 관절 변형,SW 좌우 반전,미완료,검수 대기,art-source/pixel-characters/professions-v5/erena/rig.json
직업 인물,erena,에레나,엘프,행정관,turn,회전,SW,있음,8,4,기존 원화 관절 변형,해당 시점 원화,미완료,검수 대기,art-source/pixel-characters/professions-v5/erena/rig.json
직업 인물,erena,에레나,엘프,행정관,turn,회전,NW,있음,8,4,기존 원화 관절 변형,해당 시점 원화,미완료,검수 대기,art-source/pixel-characters/professions-v5/erena/rig.json
직업 인물,erena,에레나,엘프,행정관,turn,회전,NE,있음,8,4,기존 원화 관절 변형,NW 좌우 반전,미완료,검수 대기,art-source/pixel-characters/professions-v5/erena/rig.json
직업 인물,erena,에레나,엘프,행정관,turn,회전,SE,있음,8,4,기존 원화 관절 변형,SW 좌우 반전,미완료,검수 대기,art-source/pixel-characters/professions-v5/erena/rig.json
직업 인물,norin,노린,엘프,운송원,idle,대기,SW,있음,8,2,기존 원화 관절 변형,해당 시점 원화,미완료,검수 대기,art-source/pixel-characters/professions-v5/norin/rig.json
직업 인물,norin,노린,엘프,운송원,idle,대기,NW,있음,8,2,기존 원화 관절 변형,해당 시점 원화,미완료,검수 대기,art-source/pixel-characters/professions-v5/norin/rig.json
직업 인물,norin,노린,엘프,운송원,idle,대기,NE,있음,8,2,기존 원화 관절 변형,NW 좌우 반전,미완료,검수 대기,art-source/pixel-characters/professions-v5/norin/rig.json
직업 인물,norin,노린,엘프,운송원,idle,대기,SE,있음,8,2,기존 원화 관절 변형,SW 좌우 반전,미완료,검수 대기,art-source/pixel-characters/professions-v5/norin/rig.json
직업 인물,norin,노린,엘프,운송원,walk,걷기·이동,SW,있음,32,32,기존 원화 관절 변형,해당 시점 원화,미완료,검수 대기,art-source/pixel-characters/professions-v5/norin/rig.json
직업 인물,norin,노린,엘프,운송원,walk,걷기·이동,NW,있음,32,32,기존 원화 관절 변형,해당 시점 원화,미완료,검수 대기,art-source/pixel-characters/professions-v5/norin/rig.json
직업 인물,norin,노린,엘프,운송원,walk,걷기·이동,NE,있음,32,32,기존 원화 관절 변형,NW 좌우 반전,미완료,검수 대기,art-source/pixel-characters/professions-v5/norin/rig.json
직업 인물,norin,노린,엘프,운송원,walk,걷기·이동,SE,있음,32,32,기존 원화 관절 변형,SW 좌우 반전,미완료,검수 대기,art-source/pixel-characters/professions-v5/norin/rig.json
직업 인물,norin,노린,엘프,운송원,carry,운반,SW,있음,32,32,기존 원화 관절 변형,해당 시점 원화,미완료,검수 대기,art-source/pixel-characters/professions-v5/norin/rig.json
직업 인물,norin,노린,엘프,운송원,carry,운반,NW,있음,32,32,기존 원화 관절 변형,해당 시점 원화,미완료,검수 대기,art-source/pixel-characters/professions-v5/norin/rig.json
직업 인물,norin,노린,엘프,운송원,carry,운반,NE,있음,32,32,기존 원화 관절 변형,NW 좌우 반전,미완료,검수 대기,art-source/pixel-characters/professions-v5/norin/rig.json
직업 인물,norin,노린,엘프,운송원,carry,운반,SE,있음,32,32,기존 원화 관절 변형,SW 좌우 반전,미완료,검수 대기,art-source/pixel-characters/professions-v5/norin/rig.json
직업 인물,norin,노린,엘프,운송원,work,작업,SW,있음,20,2,기존 원화 관절 변형,해당 시점 원화,미완료,검수 대기,art-source/pixel-characters/professions-v5/norin/rig.json
직업 인물,norin,노린,엘프,운송원,work,작업,NW,있음,20,2,기존 원화 관절 변형,해당 시점 원화,미완료,검수 대기,art-source/pixel-characters/professions-v5/norin/rig.json
직업 인물,norin,노린,엘프,운송원,work,작업,NE,있음,20,2,기존 원화 관절 변형,NW 좌우 반전,미완료,검수 대기,art-source/pixel-characters/professions-v5/norin/rig.json
직업 인물,norin,노린,엘프,운송원,work,작업,SE,있음,20,2,기존 원화 관절 변형,SW 좌우 반전,미완료,검수 대기,art-source/pixel-characters/professions-v5/norin/rig.json
직업 인물,norin,노린,엘프,운송원,pickup,들기,SW,있음,12,12,독립 관절 동작,해당 시점 원화,미완료,검수 대기,art-source/pixel-characters/professions-v5/norin/rig.json
직업 인물,norin,노린,엘프,운송원,pickup,들기,NW,있음,12,12,독립 관절 동작,해당 시점 원화,미완료,검수 대기,art-source/pixel-characters/professions-v5/norin/rig.json
직업 인물,norin,노린,엘프,운송원,pickup,들기,NE,있음,12,12,독립 관절 동작,NW 좌우 반전,미완료,검수 대기,art-source/pixel-characters/professions-v5/norin/rig.json
직업 인물,norin,노린,엘프,운송원,pickup,들기,SE,있음,12,12,독립 관절 동작,SW 좌우 반전,미완료,검수 대기,art-source/pixel-characters/professions-v5/norin/rig.json
직업 인물,norin,노린,엘프,운송원,drop,놓기,SW,있음,12,12,독립 관절 동작,해당 시점 원화,미완료,검수 대기,art-source/pixel-characters/professions-v5/norin/rig.json
직업 인물,norin,노린,엘프,운송원,drop,놓기,NW,있음,12,12,독립 관절 동작,해당 시점 원화,미완료,검수 대기,art-source/pixel-characters/professions-v5/norin/rig.json
직업 인물,norin,노린,엘프,운송원,drop,놓기,NE,있음,12,12,독립 관절 동작,NW 좌우 반전,미완료,검수 대기,art-source/pixel-characters/professions-v5/norin/rig.json
직업 인물,norin,노린,엘프,운송원,drop,놓기,SE,있음,12,12,독립 관절 동작,SW 좌우 반전,미완료,검수 대기,art-source/pixel-characters/professions-v5/norin/rig.json
직업 인물,norin,노린,엘프,운송원,greet,인사,SW,있음,12,11,기존 원화 관절 변형,해당 시점 원화,미완료,검수 대기,art-source/pixel-characters/professions-v5/norin/rig.json
직업 인물,norin,노린,엘프,운송원,greet,인사,NW,있음,12,11,기존 원화 관절 변형,해당 시점 원화,미완료,검수 대기,art-source/pixel-characters/professions-v5/norin/rig.json
직업 인물,norin,노린,엘프,운송원,greet,인사,NE,있음,12,11,기존 원화 관절 변형,NW 좌우 반전,미완료,검수 대기,art-source/pixel-characters/professions-v5/norin/rig.json
직업 인물,norin,노린,엘프,운송원,greet,인사,SE,있음,12,11,기존 원화 관절 변형,SW 좌우 반전,미완료,검수 대기,art-source/pixel-characters/professions-v5/norin/rig.json
직업 인물,norin,노린,엘프,운송원,attack,공격,SW,있음,12,11,기존 원화 관절 변형,해당 시점 원화,미완료,검수 대기,art-source/pixel-characters/professions-v5/norin/rig.json
직업 인물,norin,노린,엘프,운송원,attack,공격,NW,있음,12,11,기존 원화 관절 변형,해당 시점 원화,미완료,검수 대기,art-source/pixel-characters/professions-v5/norin/rig.json
직업 인물,norin,노린,엘프,운송원,attack,공격,NE,있음,12,11,기존 원화 관절 변형,NW 좌우 반전,미완료,검수 대기,art-source/pixel-characters/professions-v5/norin/rig.json
직업 인물,norin,노린,엘프,운송원,attack,공격,SE,있음,12,11,기존 원화 관절 변형,SW 좌우 반전,미완료,검수 대기,art-source/pixel-characters/professions-v5/norin/rig.json
직업 인물,norin,노린,엘프,운송원,hurt,피격,SW,있음,8,7,기존 원화 관절 변형,해당 시점 원화,미완료,검수 대기,art-source/pixel-characters/professions-v5/norin/rig.json
직업 인물,norin,노린,엘프,운송원,hurt,피격,NW,있음,8,7,기존 원화 관절 변형,해당 시점 원화,미완료,검수 대기,art-source/pixel-characters/professions-v5/norin/rig.json
직업 인물,norin,노린,엘프,운송원,hurt,피격,NE,있음,8,7,기존 원화 관절 변형,NW 좌우 반전,미완료,검수 대기,art-source/pixel-characters/professions-v5/norin/rig.json
직업 인물,norin,노린,엘프,운송원,hurt,피격,SE,있음,8,7,기존 원화 관절 변형,SW 좌우 반전,미완료,검수 대기,art-source/pixel-characters/professions-v5/norin/rig.json
직업 인물,norin,노린,엘프,운송원,defeat,쓰러짐,SW,있음,16,16,기존 원화 관절 변형,해당 시점 원화,미완료,검수 대기,art-source/pixel-characters/professions-v5/norin/rig.json
직업 인물,norin,노린,엘프,운송원,defeat,쓰러짐,NW,있음,16,16,기존 원화 관절 변형,해당 시점 원화,미완료,검수 대기,art-source/pixel-characters/professions-v5/norin/rig.json
직업 인물,norin,노린,엘프,운송원,defeat,쓰러짐,NE,있음,16,16,기존 원화 관절 변형,NW 좌우 반전,미완료,검수 대기,art-source/pixel-characters/professions-v5/norin/rig.json
직업 인물,norin,노린,엘프,운송원,defeat,쓰러짐,SE,있음,16,16,기존 원화 관절 변형,SW 좌우 반전,미완료,검수 대기,art-source/pixel-characters/professions-v5/norin/rig.json
직업 인물,norin,노린,엘프,운송원,turn,회전,SW,있음,8,4,기존 원화 관절 변형,해당 시점 원화,미완료,검수 대기,art-source/pixel-characters/professions-v5/norin/rig.json
직업 인물,norin,노린,엘프,운송원,turn,회전,NW,있음,8,4,기존 원화 관절 변형,해당 시점 원화,미완료,검수 대기,art-source/pixel-characters/professions-v5/norin/rig.json
직업 인물,norin,노린,엘프,운송원,turn,회전,NE,있음,8,4,기존 원화 관절 변형,NW 좌우 반전,미완료,검수 대기,art-source/pixel-characters/professions-v5/norin/rig.json
직업 인물,norin,노린,엘프,운송원,turn,회전,SE,있음,8,4,기존 원화 관절 변형,SW 좌우 반전,미완료,검수 대기,art-source/pixel-characters/professions-v5/norin/rig.json
직업 인물,selia,셀리아,엘프,선원,idle,대기,SW,있음,8,2,기존 원화 관절 변형,해당 시점 원화,미완료,검수 대기,art-source/pixel-characters/professions-v5/selia/rig.json
직업 인물,selia,셀리아,엘프,선원,idle,대기,NW,있음,8,2,기존 원화 관절 변형,해당 시점 원화,미완료,검수 대기,art-source/pixel-characters/professions-v5/selia/rig.json
직업 인물,selia,셀리아,엘프,선원,idle,대기,NE,있음,8,2,기존 원화 관절 변형,NW 좌우 반전,미완료,검수 대기,art-source/pixel-characters/professions-v5/selia/rig.json
직업 인물,selia,셀리아,엘프,선원,idle,대기,SE,있음,8,2,기존 원화 관절 변형,SW 좌우 반전,미완료,검수 대기,art-source/pixel-characters/professions-v5/selia/rig.json
직업 인물,selia,셀리아,엘프,선원,walk,걷기·이동,SW,있음,32,32,기존 원화 관절 변형,해당 시점 원화,미완료,검수 대기,art-source/pixel-characters/professions-v5/selia/rig.json
직업 인물,selia,셀리아,엘프,선원,walk,걷기·이동,NW,있음,32,32,기존 원화 관절 변형,해당 시점 원화,미완료,검수 대기,art-source/pixel-characters/professions-v5/selia/rig.json
직업 인물,selia,셀리아,엘프,선원,walk,걷기·이동,NE,있음,32,32,기존 원화 관절 변형,NW 좌우 반전,미완료,검수 대기,art-source/pixel-characters/professions-v5/selia/rig.json
직업 인물,selia,셀리아,엘프,선원,walk,걷기·이동,SE,있음,32,32,기존 원화 관절 변형,SW 좌우 반전,미완료,검수 대기,art-source/pixel-characters/professions-v5/selia/rig.json
직업 인물,selia,셀리아,엘프,선원,carry,운반,SW,있음,32,32,기존 원화 관절 변형,해당 시점 원화,미완료,검수 대기,art-source/pixel-characters/professions-v5/selia/rig.json
직업 인물,selia,셀리아,엘프,선원,carry,운반,NW,있음,32,32,기존 원화 관절 변형,해당 시점 원화,미완료,검수 대기,art-source/pixel-characters/professions-v5/selia/rig.json
직업 인물,selia,셀리아,엘프,선원,carry,운반,NE,있음,32,32,기존 원화 관절 변형,NW 좌우 반전,미완료,검수 대기,art-source/pixel-characters/professions-v5/selia/rig.json
직업 인물,selia,셀리아,엘프,선원,carry,운반,SE,있음,32,32,기존 원화 관절 변형,SW 좌우 반전,미완료,검수 대기,art-source/pixel-characters/professions-v5/selia/rig.json
직업 인물,selia,셀리아,엘프,선원,work,작업,SW,있음,20,18,기존 원화 관절 변형,해당 시점 원화,미완료,검수 대기,art-source/pixel-characters/professions-v5/selia/rig.json
직업 인물,selia,셀리아,엘프,선원,work,작업,NW,있음,20,18,기존 원화 관절 변형,해당 시점 원화,미완료,검수 대기,art-source/pixel-characters/professions-v5/selia/rig.json
직업 인물,selia,셀리아,엘프,선원,work,작업,NE,있음,20,18,기존 원화 관절 변형,NW 좌우 반전,미완료,검수 대기,art-source/pixel-characters/professions-v5/selia/rig.json
직업 인물,selia,셀리아,엘프,선원,work,작업,SE,있음,20,18,기존 원화 관절 변형,SW 좌우 반전,미완료,검수 대기,art-source/pixel-characters/professions-v5/selia/rig.json
직업 인물,selia,셀리아,엘프,선원,pickup,들기,SW,있음,12,12,독립 관절 동작,해당 시점 원화,미완료,검수 대기,art-source/pixel-characters/professions-v5/selia/rig.json
직업 인물,selia,셀리아,엘프,선원,pickup,들기,NW,있음,12,12,독립 관절 동작,해당 시점 원화,미완료,검수 대기,art-source/pixel-characters/professions-v5/selia/rig.json
직업 인물,selia,셀리아,엘프,선원,pickup,들기,NE,있음,12,12,독립 관절 동작,NW 좌우 반전,미완료,검수 대기,art-source/pixel-characters/professions-v5/selia/rig.json
직업 인물,selia,셀리아,엘프,선원,pickup,들기,SE,있음,12,12,독립 관절 동작,SW 좌우 반전,미완료,검수 대기,art-source/pixel-characters/professions-v5/selia/rig.json
직업 인물,selia,셀리아,엘프,선원,drop,놓기,SW,있음,12,12,독립 관절 동작,해당 시점 원화,미완료,검수 대기,art-source/pixel-characters/professions-v5/selia/rig.json
직업 인물,selia,셀리아,엘프,선원,drop,놓기,NW,있음,12,12,독립 관절 동작,해당 시점 원화,미완료,검수 대기,art-source/pixel-characters/professions-v5/selia/rig.json
직업 인물,selia,셀리아,엘프,선원,drop,놓기,NE,있음,12,12,독립 관절 동작,NW 좌우 반전,미완료,검수 대기,art-source/pixel-characters/professions-v5/selia/rig.json
직업 인물,selia,셀리아,엘프,선원,drop,놓기,SE,있음,12,12,독립 관절 동작,SW 좌우 반전,미완료,검수 대기,art-source/pixel-characters/professions-v5/selia/rig.json
직업 인물,selia,셀리아,엘프,선원,greet,인사,SW,있음,12,11,기존 원화 관절 변형,해당 시점 원화,미완료,검수 대기,art-source/pixel-characters/professions-v5/selia/rig.json
직업 인물,selia,셀리아,엘프,선원,greet,인사,NW,있음,12,11,기존 원화 관절 변형,해당 시점 원화,미완료,검수 대기,art-source/pixel-characters/professions-v5/selia/rig.json
직업 인물,selia,셀리아,엘프,선원,greet,인사,NE,있음,12,11,기존 원화 관절 변형,NW 좌우 반전,미완료,검수 대기,art-source/pixel-characters/professions-v5/selia/rig.json
직업 인물,selia,셀리아,엘프,선원,greet,인사,SE,있음,12,11,기존 원화 관절 변형,SW 좌우 반전,미완료,검수 대기,art-source/pixel-characters/professions-v5/selia/rig.json
직업 인물,selia,셀리아,엘프,선원,attack,공격,SW,있음,12,11,기존 원화 관절 변형,해당 시점 원화,미완료,검수 대기,art-source/pixel-characters/professions-v5/selia/rig.json
직업 인물,selia,셀리아,엘프,선원,attack,공격,NW,있음,12,11,기존 원화 관절 변형,해당 시점 원화,미완료,검수 대기,art-source/pixel-characters/professions-v5/selia/rig.json
직업 인물,selia,셀리아,엘프,선원,attack,공격,NE,있음,12,11,기존 원화 관절 변형,NW 좌우 반전,미완료,검수 대기,art-source/pixel-characters/professions-v5/selia/rig.json
직업 인물,selia,셀리아,엘프,선원,attack,공격,SE,있음,12,11,기존 원화 관절 변형,SW 좌우 반전,미완료,검수 대기,art-source/pixel-characters/professions-v5/selia/rig.json
직업 인물,selia,셀리아,엘프,선원,hurt,피격,SW,있음,8,7,기존 원화 관절 변형,해당 시점 원화,미완료,검수 대기,art-source/pixel-characters/professions-v5/selia/rig.json
직업 인물,selia,셀리아,엘프,선원,hurt,피격,NW,있음,8,7,기존 원화 관절 변형,해당 시점 원화,미완료,검수 대기,art-source/pixel-characters/professions-v5/selia/rig.json
직업 인물,selia,셀리아,엘프,선원,hurt,피격,NE,있음,8,7,기존 원화 관절 변형,NW 좌우 반전,미완료,검수 대기,art-source/pixel-characters/professions-v5/selia/rig.json
직업 인물,selia,셀리아,엘프,선원,hurt,피격,SE,있음,8,7,기존 원화 관절 변형,SW 좌우 반전,미완료,검수 대기,art-source/pixel-characters/professions-v5/selia/rig.json
직업 인물,selia,셀리아,엘프,선원,defeat,쓰러짐,SW,있음,16,16,기존 원화 관절 변형,해당 시점 원화,미완료,검수 대기,art-source/pixel-characters/professions-v5/selia/rig.json
직업 인물,selia,셀리아,엘프,선원,defeat,쓰러짐,NW,있음,16,16,기존 원화 관절 변형,해당 시점 원화,미완료,검수 대기,art-source/pixel-characters/professions-v5/selia/rig.json
직업 인물,selia,셀리아,엘프,선원,defeat,쓰러짐,NE,있음,16,16,기존 원화 관절 변형,NW 좌우 반전,미완료,검수 대기,art-source/pixel-characters/professions-v5/selia/rig.json
직업 인물,selia,셀리아,엘프,선원,defeat,쓰러짐,SE,있음,16,16,기존 원화 관절 변형,SW 좌우 반전,미완료,검수 대기,art-source/pixel-characters/professions-v5/selia/rig.json
직업 인물,selia,셀리아,엘프,선원,turn,회전,SW,있음,8,4,기존 원화 관절 변형,해당 시점 원화,미완료,검수 대기,art-source/pixel-characters/professions-v5/selia/rig.json
직업 인물,selia,셀리아,엘프,선원,turn,회전,NW,있음,8,4,기존 원화 관절 변형,해당 시점 원화,미완료,검수 대기,art-source/pixel-characters/professions-v5/selia/rig.json
직업 인물,selia,셀리아,엘프,선원,turn,회전,NE,있음,8,4,기존 원화 관절 변형,NW 좌우 반전,미완료,검수 대기,art-source/pixel-characters/professions-v5/selia/rig.json
직업 인물,selia,셀리아,엘프,선원,turn,회전,SE,있음,8,4,기존 원화 관절 변형,SW 좌우 반전,미완료,검수 대기,art-source/pixel-characters/professions-v5/selia/rig.json
직업 인물,luth,루스,엘프,철도원,idle,대기,SW,있음,8,2,기존 원화 관절 변형,해당 시점 원화,미완료,검수 대기,art-source/pixel-characters/professions-v5/luth/rig.json
직업 인물,luth,루스,엘프,철도원,idle,대기,NW,있음,8,2,기존 원화 관절 변형,해당 시점 원화,미완료,검수 대기,art-source/pixel-characters/professions-v5/luth/rig.json
직업 인물,luth,루스,엘프,철도원,idle,대기,NE,있음,8,2,기존 원화 관절 변형,NW 좌우 반전,미완료,검수 대기,art-source/pixel-characters/professions-v5/luth/rig.json
직업 인물,luth,루스,엘프,철도원,idle,대기,SE,있음,8,2,기존 원화 관절 변형,SW 좌우 반전,미완료,검수 대기,art-source/pixel-characters/professions-v5/luth/rig.json
직업 인물,luth,루스,엘프,철도원,walk,걷기·이동,SW,있음,32,32,기존 원화 관절 변형,해당 시점 원화,미완료,검수 대기,art-source/pixel-characters/professions-v5/luth/rig.json
직업 인물,luth,루스,엘프,철도원,walk,걷기·이동,NW,있음,32,32,기존 원화 관절 변형,해당 시점 원화,미완료,검수 대기,art-source/pixel-characters/professions-v5/luth/rig.json
직업 인물,luth,루스,엘프,철도원,walk,걷기·이동,NE,있음,32,32,기존 원화 관절 변형,NW 좌우 반전,미완료,검수 대기,art-source/pixel-characters/professions-v5/luth/rig.json
직업 인물,luth,루스,엘프,철도원,walk,걷기·이동,SE,있음,32,32,기존 원화 관절 변형,SW 좌우 반전,미완료,검수 대기,art-source/pixel-characters/professions-v5/luth/rig.json
직업 인물,luth,루스,엘프,철도원,carry,운반,SW,있음,32,32,기존 원화 관절 변형,해당 시점 원화,미완료,검수 대기,art-source/pixel-characters/professions-v5/luth/rig.json
직업 인물,luth,루스,엘프,철도원,carry,운반,NW,있음,32,32,기존 원화 관절 변형,해당 시점 원화,미완료,검수 대기,art-source/pixel-characters/professions-v5/luth/rig.json
직업 인물,luth,루스,엘프,철도원,carry,운반,NE,있음,32,32,기존 원화 관절 변형,NW 좌우 반전,미완료,검수 대기,art-source/pixel-characters/professions-v5/luth/rig.json
직업 인물,luth,루스,엘프,철도원,carry,운반,SE,있음,32,32,기존 원화 관절 변형,SW 좌우 반전,미완료,검수 대기,art-source/pixel-characters/professions-v5/luth/rig.json
직업 인물,luth,루스,엘프,철도원,work,작업,SW,있음,20,20,기존 원화 관절 변형,해당 시점 원화,미완료,검수 대기,art-source/pixel-characters/professions-v5/luth/rig.json
직업 인물,luth,루스,엘프,철도원,work,작업,NW,있음,20,20,기존 원화 관절 변형,해당 시점 원화,미완료,검수 대기,art-source/pixel-characters/professions-v5/luth/rig.json
직업 인물,luth,루스,엘프,철도원,work,작업,NE,있음,20,20,기존 원화 관절 변형,NW 좌우 반전,미완료,검수 대기,art-source/pixel-characters/professions-v5/luth/rig.json
직업 인물,luth,루스,엘프,철도원,work,작업,SE,있음,20,20,기존 원화 관절 변형,SW 좌우 반전,미완료,검수 대기,art-source/pixel-characters/professions-v5/luth/rig.json
직업 인물,luth,루스,엘프,철도원,pickup,들기,SW,있음,12,12,독립 관절 동작,해당 시점 원화,미완료,검수 대기,art-source/pixel-characters/professions-v5/luth/rig.json
직업 인물,luth,루스,엘프,철도원,pickup,들기,NW,있음,12,12,독립 관절 동작,해당 시점 원화,미완료,검수 대기,art-source/pixel-characters/professions-v5/luth/rig.json
직업 인물,luth,루스,엘프,철도원,pickup,들기,NE,있음,12,12,독립 관절 동작,NW 좌우 반전,미완료,검수 대기,art-source/pixel-characters/professions-v5/luth/rig.json
직업 인물,luth,루스,엘프,철도원,pickup,들기,SE,있음,12,12,독립 관절 동작,SW 좌우 반전,미완료,검수 대기,art-source/pixel-characters/professions-v5/luth/rig.json
직업 인물,luth,루스,엘프,철도원,drop,놓기,SW,있음,12,12,독립 관절 동작,해당 시점 원화,미완료,검수 대기,art-source/pixel-characters/professions-v5/luth/rig.json
직업 인물,luth,루스,엘프,철도원,drop,놓기,NW,있음,12,12,독립 관절 동작,해당 시점 원화,미완료,검수 대기,art-source/pixel-characters/professions-v5/luth/rig.json
직업 인물,luth,루스,엘프,철도원,drop,놓기,NE,있음,12,12,독립 관절 동작,NW 좌우 반전,미완료,검수 대기,art-source/pixel-characters/professions-v5/luth/rig.json
직업 인물,luth,루스,엘프,철도원,drop,놓기,SE,있음,12,12,독립 관절 동작,SW 좌우 반전,미완료,검수 대기,art-source/pixel-characters/professions-v5/luth/rig.json
직업 인물,luth,루스,엘프,철도원,greet,인사,SW,있음,12,11,기존 원화 관절 변형,해당 시점 원화,미완료,검수 대기,art-source/pixel-characters/professions-v5/luth/rig.json
직업 인물,luth,루스,엘프,철도원,greet,인사,NW,있음,12,11,기존 원화 관절 변형,해당 시점 원화,미완료,검수 대기,art-source/pixel-characters/professions-v5/luth/rig.json
직업 인물,luth,루스,엘프,철도원,greet,인사,NE,있음,12,11,기존 원화 관절 변형,NW 좌우 반전,미완료,검수 대기,art-source/pixel-characters/professions-v5/luth/rig.json
직업 인물,luth,루스,엘프,철도원,greet,인사,SE,있음,12,11,기존 원화 관절 변형,SW 좌우 반전,미완료,검수 대기,art-source/pixel-characters/professions-v5/luth/rig.json
직업 인물,luth,루스,엘프,철도원,attack,공격,SW,있음,12,11,기존 원화 관절 변형,해당 시점 원화,미완료,검수 대기,art-source/pixel-characters/professions-v5/luth/rig.json
직업 인물,luth,루스,엘프,철도원,attack,공격,NW,있음,12,11,기존 원화 관절 변형,해당 시점 원화,미완료,검수 대기,art-source/pixel-characters/professions-v5/luth/rig.json
직업 인물,luth,루스,엘프,철도원,attack,공격,NE,있음,12,11,기존 원화 관절 변형,NW 좌우 반전,미완료,검수 대기,art-source/pixel-characters/professions-v5/luth/rig.json
직업 인물,luth,루스,엘프,철도원,attack,공격,SE,있음,12,11,기존 원화 관절 변형,SW 좌우 반전,미완료,검수 대기,art-source/pixel-characters/professions-v5/luth/rig.json
직업 인물,luth,루스,엘프,철도원,hurt,피격,SW,있음,8,7,기존 원화 관절 변형,해당 시점 원화,미완료,검수 대기,art-source/pixel-characters/professions-v5/luth/rig.json
직업 인물,luth,루스,엘프,철도원,hurt,피격,NW,있음,8,7,기존 원화 관절 변형,해당 시점 원화,미완료,검수 대기,art-source/pixel-characters/professions-v5/luth/rig.json
직업 인물,luth,루스,엘프,철도원,hurt,피격,NE,있음,8,7,기존 원화 관절 변형,NW 좌우 반전,미완료,검수 대기,art-source/pixel-characters/professions-v5/luth/rig.json
직업 인물,luth,루스,엘프,철도원,hurt,피격,SE,있음,8,7,기존 원화 관절 변형,SW 좌우 반전,미완료,검수 대기,art-source/pixel-characters/professions-v5/luth/rig.json
직업 인물,luth,루스,엘프,철도원,defeat,쓰러짐,SW,있음,16,16,기존 원화 관절 변형,해당 시점 원화,미완료,검수 대기,art-source/pixel-characters/professions-v5/luth/rig.json
직업 인물,luth,루스,엘프,철도원,defeat,쓰러짐,NW,있음,16,16,기존 원화 관절 변형,해당 시점 원화,미완료,검수 대기,art-source/pixel-characters/professions-v5/luth/rig.json
직업 인물,luth,루스,엘프,철도원,defeat,쓰러짐,NE,있음,16,16,기존 원화 관절 변형,NW 좌우 반전,미완료,검수 대기,art-source/pixel-characters/professions-v5/luth/rig.json
직업 인물,luth,루스,엘프,철도원,defeat,쓰러짐,SE,있음,16,16,기존 원화 관절 변형,SW 좌우 반전,미완료,검수 대기,art-source/pixel-characters/professions-v5/luth/rig.json
직업 인물,luth,루스,엘프,철도원,turn,회전,SW,있음,8,4,기존 원화 관절 변형,해당 시점 원화,미완료,검수 대기,art-source/pixel-characters/professions-v5/luth/rig.json
직업 인물,luth,루스,엘프,철도원,turn,회전,NW,있음,8,4,기존 원화 관절 변형,해당 시점 원화,미완료,검수 대기,art-source/pixel-characters/professions-v5/luth/rig.json
직업 인물,luth,루스,엘프,철도원,turn,회전,NE,있음,8,4,기존 원화 관절 변형,NW 좌우 반전,미완료,검수 대기,art-source/pixel-characters/professions-v5/luth/rig.json
직업 인물,luth,루스,엘프,철도원,turn,회전,SE,있음,8,4,기존 원화 관절 변형,SW 좌우 반전,미완료,검수 대기,art-source/pixel-characters/professions-v5/luth/rig.json
직업 인물,aira,아이라,엘프,조종사,idle,대기,SW,있음,8,2,기존 원화 관절 변형,해당 시점 원화,미완료,검수 대기,art-source/pixel-characters/professions-v5/aira/rig.json
직업 인물,aira,아이라,엘프,조종사,idle,대기,NW,있음,8,2,기존 원화 관절 변형,해당 시점 원화,미완료,검수 대기,art-source/pixel-characters/professions-v5/aira/rig.json
직업 인물,aira,아이라,엘프,조종사,idle,대기,NE,있음,8,2,기존 원화 관절 변형,NW 좌우 반전,미완료,검수 대기,art-source/pixel-characters/professions-v5/aira/rig.json
직업 인물,aira,아이라,엘프,조종사,idle,대기,SE,있음,8,2,기존 원화 관절 변형,SW 좌우 반전,미완료,검수 대기,art-source/pixel-characters/professions-v5/aira/rig.json
직업 인물,aira,아이라,엘프,조종사,walk,걷기·이동,SW,있음,32,32,기존 원화 관절 변형,해당 시점 원화,미완료,검수 대기,art-source/pixel-characters/professions-v5/aira/rig.json
직업 인물,aira,아이라,엘프,조종사,walk,걷기·이동,NW,있음,32,32,기존 원화 관절 변형,해당 시점 원화,미완료,검수 대기,art-source/pixel-characters/professions-v5/aira/rig.json
직업 인물,aira,아이라,엘프,조종사,walk,걷기·이동,NE,있음,32,32,기존 원화 관절 변형,NW 좌우 반전,미완료,검수 대기,art-source/pixel-characters/professions-v5/aira/rig.json
직업 인물,aira,아이라,엘프,조종사,walk,걷기·이동,SE,있음,32,32,기존 원화 관절 변형,SW 좌우 반전,미완료,검수 대기,art-source/pixel-characters/professions-v5/aira/rig.json
직업 인물,aira,아이라,엘프,조종사,carry,운반,SW,있음,32,32,기존 원화 관절 변형,해당 시점 원화,미완료,검수 대기,art-source/pixel-characters/professions-v5/aira/rig.json
직업 인물,aira,아이라,엘프,조종사,carry,운반,NW,있음,32,32,기존 원화 관절 변형,해당 시점 원화,미완료,검수 대기,art-source/pixel-characters/professions-v5/aira/rig.json
직업 인물,aira,아이라,엘프,조종사,carry,운반,NE,있음,32,32,기존 원화 관절 변형,NW 좌우 반전,미완료,검수 대기,art-source/pixel-characters/professions-v5/aira/rig.json
직업 인물,aira,아이라,엘프,조종사,carry,운반,SE,있음,32,32,기존 원화 관절 변형,SW 좌우 반전,미완료,검수 대기,art-source/pixel-characters/professions-v5/aira/rig.json
직업 인물,aira,아이라,엘프,조종사,work,작업,SW,있음,20,20,기존 원화 관절 변형,해당 시점 원화,미완료,검수 대기,art-source/pixel-characters/professions-v5/aira/rig.json
직업 인물,aira,아이라,엘프,조종사,work,작업,NW,있음,20,20,기존 원화 관절 변형,해당 시점 원화,미완료,검수 대기,art-source/pixel-characters/professions-v5/aira/rig.json
직업 인물,aira,아이라,엘프,조종사,work,작업,NE,있음,20,20,기존 원화 관절 변형,NW 좌우 반전,미완료,검수 대기,art-source/pixel-characters/professions-v5/aira/rig.json
직업 인물,aira,아이라,엘프,조종사,work,작업,SE,있음,20,20,기존 원화 관절 변형,SW 좌우 반전,미완료,검수 대기,art-source/pixel-characters/professions-v5/aira/rig.json
직업 인물,aira,아이라,엘프,조종사,pickup,들기,SW,있음,12,12,독립 관절 동작,해당 시점 원화,미완료,검수 대기,art-source/pixel-characters/professions-v5/aira/rig.json
직업 인물,aira,아이라,엘프,조종사,pickup,들기,NW,있음,12,12,독립 관절 동작,해당 시점 원화,미완료,검수 대기,art-source/pixel-characters/professions-v5/aira/rig.json
직업 인물,aira,아이라,엘프,조종사,pickup,들기,NE,있음,12,12,독립 관절 동작,NW 좌우 반전,미완료,검수 대기,art-source/pixel-characters/professions-v5/aira/rig.json
직업 인물,aira,아이라,엘프,조종사,pickup,들기,SE,있음,12,12,독립 관절 동작,SW 좌우 반전,미완료,검수 대기,art-source/pixel-characters/professions-v5/aira/rig.json
직업 인물,aira,아이라,엘프,조종사,drop,놓기,SW,있음,12,12,독립 관절 동작,해당 시점 원화,미완료,검수 대기,art-source/pixel-characters/professions-v5/aira/rig.json
직업 인물,aira,아이라,엘프,조종사,drop,놓기,NW,있음,12,12,독립 관절 동작,해당 시점 원화,미완료,검수 대기,art-source/pixel-characters/professions-v5/aira/rig.json
직업 인물,aira,아이라,엘프,조종사,drop,놓기,NE,있음,12,12,독립 관절 동작,NW 좌우 반전,미완료,검수 대기,art-source/pixel-characters/professions-v5/aira/rig.json
직업 인물,aira,아이라,엘프,조종사,drop,놓기,SE,있음,12,12,독립 관절 동작,SW 좌우 반전,미완료,검수 대기,art-source/pixel-characters/professions-v5/aira/rig.json
직업 인물,aira,아이라,엘프,조종사,greet,인사,SW,있음,12,11,기존 원화 관절 변형,해당 시점 원화,미완료,검수 대기,art-source/pixel-characters/professions-v5/aira/rig.json
직업 인물,aira,아이라,엘프,조종사,greet,인사,NW,있음,12,11,기존 원화 관절 변형,해당 시점 원화,미완료,검수 대기,art-source/pixel-characters/professions-v5/aira/rig.json
직업 인물,aira,아이라,엘프,조종사,greet,인사,NE,있음,12,11,기존 원화 관절 변형,NW 좌우 반전,미완료,검수 대기,art-source/pixel-characters/professions-v5/aira/rig.json
직업 인물,aira,아이라,엘프,조종사,greet,인사,SE,있음,12,11,기존 원화 관절 변형,SW 좌우 반전,미완료,검수 대기,art-source/pixel-characters/professions-v5/aira/rig.json
직업 인물,aira,아이라,엘프,조종사,attack,공격,SW,있음,12,11,기존 원화 관절 변형,해당 시점 원화,미완료,검수 대기,art-source/pixel-characters/professions-v5/aira/rig.json
직업 인물,aira,아이라,엘프,조종사,attack,공격,NW,있음,12,11,기존 원화 관절 변형,해당 시점 원화,미완료,검수 대기,art-source/pixel-characters/professions-v5/aira/rig.json
직업 인물,aira,아이라,엘프,조종사,attack,공격,NE,있음,12,11,기존 원화 관절 변형,NW 좌우 반전,미완료,검수 대기,art-source/pixel-characters/professions-v5/aira/rig.json
직업 인물,aira,아이라,엘프,조종사,attack,공격,SE,있음,12,11,기존 원화 관절 변형,SW 좌우 반전,미완료,검수 대기,art-source/pixel-characters/professions-v5/aira/rig.json
직업 인물,aira,아이라,엘프,조종사,hurt,피격,SW,있음,8,7,기존 원화 관절 변형,해당 시점 원화,미완료,검수 대기,art-source/pixel-characters/professions-v5/aira/rig.json
직업 인물,aira,아이라,엘프,조종사,hurt,피격,NW,있음,8,7,기존 원화 관절 변형,해당 시점 원화,미완료,검수 대기,art-source/pixel-characters/professions-v5/aira/rig.json
직업 인물,aira,아이라,엘프,조종사,hurt,피격,NE,있음,8,7,기존 원화 관절 변형,NW 좌우 반전,미완료,검수 대기,art-source/pixel-characters/professions-v5/aira/rig.json
직업 인물,aira,아이라,엘프,조종사,hurt,피격,SE,있음,8,7,기존 원화 관절 변형,SW 좌우 반전,미완료,검수 대기,art-source/pixel-characters/professions-v5/aira/rig.json
직업 인물,aira,아이라,엘프,조종사,defeat,쓰러짐,SW,있음,16,16,기존 원화 관절 변형,해당 시점 원화,미완료,검수 대기,art-source/pixel-characters/professions-v5/aira/rig.json
직업 인물,aira,아이라,엘프,조종사,defeat,쓰러짐,NW,있음,16,16,기존 원화 관절 변형,해당 시점 원화,미완료,검수 대기,art-source/pixel-characters/professions-v5/aira/rig.json
직업 인물,aira,아이라,엘프,조종사,defeat,쓰러짐,NE,있음,16,16,기존 원화 관절 변형,NW 좌우 반전,미완료,검수 대기,art-source/pixel-characters/professions-v5/aira/rig.json
직업 인물,aira,아이라,엘프,조종사,defeat,쓰러짐,SE,있음,16,16,기존 원화 관절 변형,SW 좌우 반전,미완료,검수 대기,art-source/pixel-characters/professions-v5/aira/rig.json
직업 인물,aira,아이라,엘프,조종사,turn,회전,SW,있음,8,4,기존 원화 관절 변형,해당 시점 원화,미완료,검수 대기,art-source/pixel-characters/professions-v5/aira/rig.json
직업 인물,aira,아이라,엘프,조종사,turn,회전,NW,있음,8,4,기존 원화 관절 변형,해당 시점 원화,미완료,검수 대기,art-source/pixel-characters/professions-v5/aira/rig.json
직업 인물,aira,아이라,엘프,조종사,turn,회전,NE,있음,8,4,기존 원화 관절 변형,NW 좌우 반전,미완료,검수 대기,art-source/pixel-characters/professions-v5/aira/rig.json
직업 인물,aira,아이라,엘프,조종사,turn,회전,SE,있음,8,4,기존 원화 관절 변형,SW 좌우 반전,미완료,검수 대기,art-source/pixel-characters/professions-v5/aira/rig.json
직업 인물,aster,아스테르,엘프,경비대원,idle,대기,SW,있음,8,2,기존 원화 관절 변형,해당 시점 원화,미완료,검수 대기,art-source/pixel-characters/professions-v5/aster/rig.json
직업 인물,aster,아스테르,엘프,경비대원,idle,대기,NW,있음,8,2,기존 원화 관절 변형,해당 시점 원화,미완료,검수 대기,art-source/pixel-characters/professions-v5/aster/rig.json
직업 인물,aster,아스테르,엘프,경비대원,idle,대기,NE,있음,8,2,기존 원화 관절 변형,NW 좌우 반전,미완료,검수 대기,art-source/pixel-characters/professions-v5/aster/rig.json
직업 인물,aster,아스테르,엘프,경비대원,idle,대기,SE,있음,8,2,기존 원화 관절 변형,SW 좌우 반전,미완료,검수 대기,art-source/pixel-characters/professions-v5/aster/rig.json
직업 인물,aster,아스테르,엘프,경비대원,walk,걷기·이동,SW,있음,32,32,기존 원화 관절 변형,해당 시점 원화,미완료,검수 대기,art-source/pixel-characters/professions-v5/aster/rig.json
직업 인물,aster,아스테르,엘프,경비대원,walk,걷기·이동,NW,있음,32,32,기존 원화 관절 변형,해당 시점 원화,미완료,검수 대기,art-source/pixel-characters/professions-v5/aster/rig.json
직업 인물,aster,아스테르,엘프,경비대원,walk,걷기·이동,NE,있음,32,32,기존 원화 관절 변형,NW 좌우 반전,미완료,검수 대기,art-source/pixel-characters/professions-v5/aster/rig.json
직업 인물,aster,아스테르,엘프,경비대원,walk,걷기·이동,SE,있음,32,32,기존 원화 관절 변형,SW 좌우 반전,미완료,검수 대기,art-source/pixel-characters/professions-v5/aster/rig.json
직업 인물,aster,아스테르,엘프,경비대원,carry,운반,SW,있음,32,32,기존 원화 관절 변형,해당 시점 원화,미완료,검수 대기,art-source/pixel-characters/professions-v5/aster/rig.json
직업 인물,aster,아스테르,엘프,경비대원,carry,운반,NW,있음,32,32,기존 원화 관절 변형,해당 시점 원화,미완료,검수 대기,art-source/pixel-characters/professions-v5/aster/rig.json
직업 인물,aster,아스테르,엘프,경비대원,carry,운반,NE,있음,32,32,기존 원화 관절 변형,NW 좌우 반전,미완료,검수 대기,art-source/pixel-characters/professions-v5/aster/rig.json
직업 인물,aster,아스테르,엘프,경비대원,carry,운반,SE,있음,32,32,기존 원화 관절 변형,SW 좌우 반전,미완료,검수 대기,art-source/pixel-characters/professions-v5/aster/rig.json
직업 인물,aster,아스테르,엘프,경비대원,work,작업,SW,있음,20,20,기존 원화 관절 변형,해당 시점 원화,미완료,검수 대기,art-source/pixel-characters/professions-v5/aster/rig.json
직업 인물,aster,아스테르,엘프,경비대원,work,작업,NW,있음,20,20,기존 원화 관절 변형,해당 시점 원화,미완료,검수 대기,art-source/pixel-characters/professions-v5/aster/rig.json
직업 인물,aster,아스테르,엘프,경비대원,work,작업,NE,있음,20,20,기존 원화 관절 변형,NW 좌우 반전,미완료,검수 대기,art-source/pixel-characters/professions-v5/aster/rig.json
직업 인물,aster,아스테르,엘프,경비대원,work,작업,SE,있음,20,20,기존 원화 관절 변형,SW 좌우 반전,미완료,검수 대기,art-source/pixel-characters/professions-v5/aster/rig.json
직업 인물,aster,아스테르,엘프,경비대원,pickup,들기,SW,있음,12,12,독립 관절 동작,해당 시점 원화,미완료,검수 대기,art-source/pixel-characters/professions-v5/aster/rig.json
직업 인물,aster,아스테르,엘프,경비대원,pickup,들기,NW,있음,12,12,독립 관절 동작,해당 시점 원화,미완료,검수 대기,art-source/pixel-characters/professions-v5/aster/rig.json
직업 인물,aster,아스테르,엘프,경비대원,pickup,들기,NE,있음,12,12,독립 관절 동작,NW 좌우 반전,미완료,검수 대기,art-source/pixel-characters/professions-v5/aster/rig.json
직업 인물,aster,아스테르,엘프,경비대원,pickup,들기,SE,있음,12,12,독립 관절 동작,SW 좌우 반전,미완료,검수 대기,art-source/pixel-characters/professions-v5/aster/rig.json
직업 인물,aster,아스테르,엘프,경비대원,drop,놓기,SW,있음,12,12,독립 관절 동작,해당 시점 원화,미완료,검수 대기,art-source/pixel-characters/professions-v5/aster/rig.json
직업 인물,aster,아스테르,엘프,경비대원,drop,놓기,NW,있음,12,12,독립 관절 동작,해당 시점 원화,미완료,검수 대기,art-source/pixel-characters/professions-v5/aster/rig.json
직업 인물,aster,아스테르,엘프,경비대원,drop,놓기,NE,있음,12,12,독립 관절 동작,NW 좌우 반전,미완료,검수 대기,art-source/pixel-characters/professions-v5/aster/rig.json
직업 인물,aster,아스테르,엘프,경비대원,drop,놓기,SE,있음,12,12,독립 관절 동작,SW 좌우 반전,미완료,검수 대기,art-source/pixel-characters/professions-v5/aster/rig.json
직업 인물,aster,아스테르,엘프,경비대원,greet,인사,SW,있음,12,11,기존 원화 관절 변형,해당 시점 원화,미완료,검수 대기,art-source/pixel-characters/professions-v5/aster/rig.json
직업 인물,aster,아스테르,엘프,경비대원,greet,인사,NW,있음,12,11,기존 원화 관절 변형,해당 시점 원화,미완료,검수 대기,art-source/pixel-characters/professions-v5/aster/rig.json
직업 인물,aster,아스테르,엘프,경비대원,greet,인사,NE,있음,12,11,기존 원화 관절 변형,NW 좌우 반전,미완료,검수 대기,art-source/pixel-characters/professions-v5/aster/rig.json
직업 인물,aster,아스테르,엘프,경비대원,greet,인사,SE,있음,12,11,기존 원화 관절 변형,SW 좌우 반전,미완료,검수 대기,art-source/pixel-characters/professions-v5/aster/rig.json
직업 인물,aster,아스테르,엘프,경비대원,attack,공격,SW,있음,12,11,기존 원화 관절 변형,해당 시점 원화,미완료,검수 대기,art-source/pixel-characters/professions-v5/aster/rig.json
직업 인물,aster,아스테르,엘프,경비대원,attack,공격,NW,있음,12,11,기존 원화 관절 변형,해당 시점 원화,미완료,검수 대기,art-source/pixel-characters/professions-v5/aster/rig.json
직업 인물,aster,아스테르,엘프,경비대원,attack,공격,NE,있음,12,11,기존 원화 관절 변형,NW 좌우 반전,미완료,검수 대기,art-source/pixel-characters/professions-v5/aster/rig.json
직업 인물,aster,아스테르,엘프,경비대원,attack,공격,SE,있음,12,11,기존 원화 관절 변형,SW 좌우 반전,미완료,검수 대기,art-source/pixel-characters/professions-v5/aster/rig.json
직업 인물,aster,아스테르,엘프,경비대원,hurt,피격,SW,있음,8,7,기존 원화 관절 변형,해당 시점 원화,미완료,검수 대기,art-source/pixel-characters/professions-v5/aster/rig.json
직업 인물,aster,아스테르,엘프,경비대원,hurt,피격,NW,있음,8,7,기존 원화 관절 변형,해당 시점 원화,미완료,검수 대기,art-source/pixel-characters/professions-v5/aster/rig.json
직업 인물,aster,아스테르,엘프,경비대원,hurt,피격,NE,있음,8,7,기존 원화 관절 변형,NW 좌우 반전,미완료,검수 대기,art-source/pixel-characters/professions-v5/aster/rig.json
직업 인물,aster,아스테르,엘프,경비대원,hurt,피격,SE,있음,8,7,기존 원화 관절 변형,SW 좌우 반전,미완료,검수 대기,art-source/pixel-characters/professions-v5/aster/rig.json
직업 인물,aster,아스테르,엘프,경비대원,defeat,쓰러짐,SW,있음,16,16,기존 원화 관절 변형,해당 시점 원화,미완료,검수 대기,art-source/pixel-characters/professions-v5/aster/rig.json
직업 인물,aster,아스테르,엘프,경비대원,defeat,쓰러짐,NW,있음,16,16,기존 원화 관절 변형,해당 시점 원화,미완료,검수 대기,art-source/pixel-characters/professions-v5/aster/rig.json
직업 인물,aster,아스테르,엘프,경비대원,defeat,쓰러짐,NE,있음,16,16,기존 원화 관절 변형,NW 좌우 반전,미완료,검수 대기,art-source/pixel-characters/professions-v5/aster/rig.json
직업 인물,aster,아스테르,엘프,경비대원,defeat,쓰러짐,SE,있음,16,16,기존 원화 관절 변형,SW 좌우 반전,미완료,검수 대기,art-source/pixel-characters/professions-v5/aster/rig.json
직업 인물,aster,아스테르,엘프,경비대원,turn,회전,SW,있음,8,4,기존 원화 관절 변형,해당 시점 원화,미완료,검수 대기,art-source/pixel-characters/professions-v5/aster/rig.json
직업 인물,aster,아스테르,엘프,경비대원,turn,회전,NW,있음,8,4,기존 원화 관절 변형,해당 시점 원화,미완료,검수 대기,art-source/pixel-characters/professions-v5/aster/rig.json
직업 인물,aster,아스테르,엘프,경비대원,turn,회전,NE,있음,8,4,기존 원화 관절 변형,NW 좌우 반전,미완료,검수 대기,art-source/pixel-characters/professions-v5/aster/rig.json
직업 인물,aster,아스테르,엘프,경비대원,turn,회전,SE,있음,8,4,기존 원화 관절 변형,SW 좌우 반전,미완료,검수 대기,art-source/pixel-characters/professions-v5/aster/rig.json
직업 인물,terin,테린,엘프,설비 기술자,idle,대기,SW,있음,8,2,기존 원화 관절 변형,해당 시점 원화,미완료,검수 대기,art-source/pixel-characters/professions-v5/terin/rig.json
직업 인물,terin,테린,엘프,설비 기술자,idle,대기,NW,있음,8,2,기존 원화 관절 변형,해당 시점 원화,미완료,검수 대기,art-source/pixel-characters/professions-v5/terin/rig.json
직업 인물,terin,테린,엘프,설비 기술자,idle,대기,NE,있음,8,2,기존 원화 관절 변형,NW 좌우 반전,미완료,검수 대기,art-source/pixel-characters/professions-v5/terin/rig.json
직업 인물,terin,테린,엘프,설비 기술자,idle,대기,SE,있음,8,2,기존 원화 관절 변형,SW 좌우 반전,미완료,검수 대기,art-source/pixel-characters/professions-v5/terin/rig.json
직업 인물,terin,테린,엘프,설비 기술자,walk,걷기·이동,SW,있음,32,32,기존 원화 관절 변형,해당 시점 원화,미완료,검수 대기,art-source/pixel-characters/professions-v5/terin/rig.json
직업 인물,terin,테린,엘프,설비 기술자,walk,걷기·이동,NW,있음,32,32,기존 원화 관절 변형,해당 시점 원화,미완료,검수 대기,art-source/pixel-characters/professions-v5/terin/rig.json
직업 인물,terin,테린,엘프,설비 기술자,walk,걷기·이동,NE,있음,32,32,기존 원화 관절 변형,NW 좌우 반전,미완료,검수 대기,art-source/pixel-characters/professions-v5/terin/rig.json
직업 인물,terin,테린,엘프,설비 기술자,walk,걷기·이동,SE,있음,32,32,기존 원화 관절 변형,SW 좌우 반전,미완료,검수 대기,art-source/pixel-characters/professions-v5/terin/rig.json
직업 인물,terin,테린,엘프,설비 기술자,carry,운반,SW,있음,32,32,기존 원화 관절 변형,해당 시점 원화,미완료,검수 대기,art-source/pixel-characters/professions-v5/terin/rig.json
직업 인물,terin,테린,엘프,설비 기술자,carry,운반,NW,있음,32,32,기존 원화 관절 변형,해당 시점 원화,미완료,검수 대기,art-source/pixel-characters/professions-v5/terin/rig.json
직업 인물,terin,테린,엘프,설비 기술자,carry,운반,NE,있음,32,32,기존 원화 관절 변형,NW 좌우 반전,미완료,검수 대기,art-source/pixel-characters/professions-v5/terin/rig.json
직업 인물,terin,테린,엘프,설비 기술자,carry,운반,SE,있음,32,32,기존 원화 관절 변형,SW 좌우 반전,미완료,검수 대기,art-source/pixel-characters/professions-v5/terin/rig.json
직업 인물,terin,테린,엘프,설비 기술자,work,작업,SW,있음,20,20,기존 원화 관절 변형,해당 시점 원화,미완료,검수 대기,art-source/pixel-characters/professions-v5/terin/rig.json
직업 인물,terin,테린,엘프,설비 기술자,work,작업,NW,있음,20,20,기존 원화 관절 변형,해당 시점 원화,미완료,검수 대기,art-source/pixel-characters/professions-v5/terin/rig.json
직업 인물,terin,테린,엘프,설비 기술자,work,작업,NE,있음,20,20,기존 원화 관절 변형,NW 좌우 반전,미완료,검수 대기,art-source/pixel-characters/professions-v5/terin/rig.json
직업 인물,terin,테린,엘프,설비 기술자,work,작업,SE,있음,20,20,기존 원화 관절 변형,SW 좌우 반전,미완료,검수 대기,art-source/pixel-characters/professions-v5/terin/rig.json
직업 인물,terin,테린,엘프,설비 기술자,pickup,들기,SW,있음,12,12,독립 관절 동작,해당 시점 원화,미완료,검수 대기,art-source/pixel-characters/professions-v5/terin/rig.json
직업 인물,terin,테린,엘프,설비 기술자,pickup,들기,NW,있음,12,12,독립 관절 동작,해당 시점 원화,미완료,검수 대기,art-source/pixel-characters/professions-v5/terin/rig.json
직업 인물,terin,테린,엘프,설비 기술자,pickup,들기,NE,있음,12,12,독립 관절 동작,NW 좌우 반전,미완료,검수 대기,art-source/pixel-characters/professions-v5/terin/rig.json
직업 인물,terin,테린,엘프,설비 기술자,pickup,들기,SE,있음,12,12,독립 관절 동작,SW 좌우 반전,미완료,검수 대기,art-source/pixel-characters/professions-v5/terin/rig.json
직업 인물,terin,테린,엘프,설비 기술자,drop,놓기,SW,있음,12,12,독립 관절 동작,해당 시점 원화,미완료,검수 대기,art-source/pixel-characters/professions-v5/terin/rig.json
직업 인물,terin,테린,엘프,설비 기술자,drop,놓기,NW,있음,12,12,독립 관절 동작,해당 시점 원화,미완료,검수 대기,art-source/pixel-characters/professions-v5/terin/rig.json
직업 인물,terin,테린,엘프,설비 기술자,drop,놓기,NE,있음,12,12,독립 관절 동작,NW 좌우 반전,미완료,검수 대기,art-source/pixel-characters/professions-v5/terin/rig.json
직업 인물,terin,테린,엘프,설비 기술자,drop,놓기,SE,있음,12,12,독립 관절 동작,SW 좌우 반전,미완료,검수 대기,art-source/pixel-characters/professions-v5/terin/rig.json
직업 인물,terin,테린,엘프,설비 기술자,greet,인사,SW,있음,12,11,기존 원화 관절 변형,해당 시점 원화,미완료,검수 대기,art-source/pixel-characters/professions-v5/terin/rig.json
직업 인물,terin,테린,엘프,설비 기술자,greet,인사,NW,있음,12,11,기존 원화 관절 변형,해당 시점 원화,미완료,검수 대기,art-source/pixel-characters/professions-v5/terin/rig.json
직업 인물,terin,테린,엘프,설비 기술자,greet,인사,NE,있음,12,11,기존 원화 관절 변형,NW 좌우 반전,미완료,검수 대기,art-source/pixel-characters/professions-v5/terin/rig.json
직업 인물,terin,테린,엘프,설비 기술자,greet,인사,SE,있음,12,11,기존 원화 관절 변형,SW 좌우 반전,미완료,검수 대기,art-source/pixel-characters/professions-v5/terin/rig.json
직업 인물,terin,테린,엘프,설비 기술자,attack,공격,SW,있음,12,11,기존 원화 관절 변형,해당 시점 원화,미완료,검수 대기,art-source/pixel-characters/professions-v5/terin/rig.json
직업 인물,terin,테린,엘프,설비 기술자,attack,공격,NW,있음,12,11,기존 원화 관절 변형,해당 시점 원화,미완료,검수 대기,art-source/pixel-characters/professions-v5/terin/rig.json
직업 인물,terin,테린,엘프,설비 기술자,attack,공격,NE,있음,12,11,기존 원화 관절 변형,NW 좌우 반전,미완료,검수 대기,art-source/pixel-characters/professions-v5/terin/rig.json
직업 인물,terin,테린,엘프,설비 기술자,attack,공격,SE,있음,12,11,기존 원화 관절 변형,SW 좌우 반전,미완료,검수 대기,art-source/pixel-characters/professions-v5/terin/rig.json
직업 인물,terin,테린,엘프,설비 기술자,hurt,피격,SW,있음,8,7,기존 원화 관절 변형,해당 시점 원화,미완료,검수 대기,art-source/pixel-characters/professions-v5/terin/rig.json
직업 인물,terin,테린,엘프,설비 기술자,hurt,피격,NW,있음,8,7,기존 원화 관절 변형,해당 시점 원화,미완료,검수 대기,art-source/pixel-characters/professions-v5/terin/rig.json
직업 인물,terin,테린,엘프,설비 기술자,hurt,피격,NE,있음,8,7,기존 원화 관절 변형,NW 좌우 반전,미완료,검수 대기,art-source/pixel-characters/professions-v5/terin/rig.json
직업 인물,terin,테린,엘프,설비 기술자,hurt,피격,SE,있음,8,7,기존 원화 관절 변형,SW 좌우 반전,미완료,검수 대기,art-source/pixel-characters/professions-v5/terin/rig.json
직업 인물,terin,테린,엘프,설비 기술자,defeat,쓰러짐,SW,있음,16,16,기존 원화 관절 변형,해당 시점 원화,미완료,검수 대기,art-source/pixel-characters/professions-v5/terin/rig.json
직업 인물,terin,테린,엘프,설비 기술자,defeat,쓰러짐,NW,있음,16,16,기존 원화 관절 변형,해당 시점 원화,미완료,검수 대기,art-source/pixel-characters/professions-v5/terin/rig.json
직업 인물,terin,테린,엘프,설비 기술자,defeat,쓰러짐,NE,있음,16,16,기존 원화 관절 변형,NW 좌우 반전,미완료,검수 대기,art-source/pixel-characters/professions-v5/terin/rig.json
직업 인물,terin,테린,엘프,설비 기술자,defeat,쓰러짐,SE,있음,16,16,기존 원화 관절 변형,SW 좌우 반전,미완료,검수 대기,art-source/pixel-characters/professions-v5/terin/rig.json
직업 인물,terin,테린,엘프,설비 기술자,turn,회전,SW,있음,8,4,기존 원화 관절 변형,해당 시점 원화,미완료,검수 대기,art-source/pixel-characters/professions-v5/terin/rig.json
직업 인물,terin,테린,엘프,설비 기술자,turn,회전,NW,있음,8,4,기존 원화 관절 변형,해당 시점 원화,미완료,검수 대기,art-source/pixel-characters/professions-v5/terin/rig.json
직업 인물,terin,테린,엘프,설비 기술자,turn,회전,NE,있음,8,4,기존 원화 관절 변형,NW 좌우 반전,미완료,검수 대기,art-source/pixel-characters/professions-v5/terin/rig.json
직업 인물,terin,테린,엘프,설비 기술자,turn,회전,SE,있음,8,4,기존 원화 관절 변형,SW 좌우 반전,미완료,검수 대기,art-source/pixel-characters/professions-v5/terin/rig.json
직업 인물,mist,안개,정령,마력 기술자,idle,대기,SW,있음,8,8,기존 원화 관절 변형,해당 시점 원화,미완료,검수 대기,art-source/pixel-characters/roster-v4/mist/rig.json
직업 인물,mist,안개,정령,마력 기술자,idle,대기,NW,있음,8,8,기존 원화 관절 변형,해당 시점 원화,미완료,검수 대기,art-source/pixel-characters/roster-v4/mist/rig.json
직업 인물,mist,안개,정령,마력 기술자,idle,대기,NE,있음,8,8,기존 원화 관절 변형,NW 좌우 반전,미완료,검수 대기,art-source/pixel-characters/roster-v4/mist/rig.json
직업 인물,mist,안개,정령,마력 기술자,idle,대기,SE,있음,8,8,기존 원화 관절 변형,SW 좌우 반전,미완료,검수 대기,art-source/pixel-characters/roster-v4/mist/rig.json
직업 인물,mist,안개,정령,마력 기술자,walk,걷기·이동,SW,있음,32,32,기존 원화 관절 변형,해당 시점 원화,미완료,검수 대기,art-source/pixel-characters/roster-v4/mist/rig.json
직업 인물,mist,안개,정령,마력 기술자,walk,걷기·이동,NW,있음,32,32,기존 원화 관절 변형,해당 시점 원화,미완료,검수 대기,art-source/pixel-characters/roster-v4/mist/rig.json
직업 인물,mist,안개,정령,마력 기술자,walk,걷기·이동,NE,있음,32,32,기존 원화 관절 변형,NW 좌우 반전,미완료,검수 대기,art-source/pixel-characters/roster-v4/mist/rig.json
직업 인물,mist,안개,정령,마력 기술자,walk,걷기·이동,SE,있음,32,32,기존 원화 관절 변형,SW 좌우 반전,미완료,검수 대기,art-source/pixel-characters/roster-v4/mist/rig.json
직업 인물,mist,안개,정령,마력 기술자,carry,운반,SW,있음,32,30,기존 원화 관절 변형,해당 시점 원화,미완료,검수 대기,art-source/pixel-characters/roster-v4/mist/rig.json
직업 인물,mist,안개,정령,마력 기술자,carry,운반,NW,있음,32,30,기존 원화 관절 변형,해당 시점 원화,미완료,검수 대기,art-source/pixel-characters/roster-v4/mist/rig.json
직업 인물,mist,안개,정령,마력 기술자,carry,운반,NE,있음,32,30,기존 원화 관절 변형,NW 좌우 반전,미완료,검수 대기,art-source/pixel-characters/roster-v4/mist/rig.json
직업 인물,mist,안개,정령,마력 기술자,carry,운반,SE,있음,32,30,기존 원화 관절 변형,SW 좌우 반전,미완료,검수 대기,art-source/pixel-characters/roster-v4/mist/rig.json
직업 인물,mist,안개,정령,마력 기술자,work,작업,SW,있음,20,20,기존 원화 관절 변형,해당 시점 원화,미완료,검수 대기,art-source/pixel-characters/roster-v4/mist/rig.json
직업 인물,mist,안개,정령,마력 기술자,work,작업,NW,있음,20,20,기존 원화 관절 변형,해당 시점 원화,미완료,검수 대기,art-source/pixel-characters/roster-v4/mist/rig.json
직업 인물,mist,안개,정령,마력 기술자,work,작업,NE,있음,20,20,기존 원화 관절 변형,NW 좌우 반전,미완료,검수 대기,art-source/pixel-characters/roster-v4/mist/rig.json
직업 인물,mist,안개,정령,마력 기술자,work,작업,SE,있음,20,20,기존 원화 관절 변형,SW 좌우 반전,미완료,검수 대기,art-source/pixel-characters/roster-v4/mist/rig.json
직업 인물,mist,안개,정령,마력 기술자,pickup,들기,SW,있음,12,12,독립 관절 동작,해당 시점 원화,미완료,검수 대기,art-source/pixel-characters/roster-v4/mist/rig.json
직업 인물,mist,안개,정령,마력 기술자,pickup,들기,NW,있음,12,12,독립 관절 동작,해당 시점 원화,미완료,검수 대기,art-source/pixel-characters/roster-v4/mist/rig.json
직업 인물,mist,안개,정령,마력 기술자,pickup,들기,NE,있음,12,12,독립 관절 동작,NW 좌우 반전,미완료,검수 대기,art-source/pixel-characters/roster-v4/mist/rig.json
직업 인물,mist,안개,정령,마력 기술자,pickup,들기,SE,있음,12,12,독립 관절 동작,SW 좌우 반전,미완료,검수 대기,art-source/pixel-characters/roster-v4/mist/rig.json
직업 인물,mist,안개,정령,마력 기술자,drop,놓기,SW,있음,12,12,독립 관절 동작,해당 시점 원화,미완료,검수 대기,art-source/pixel-characters/roster-v4/mist/rig.json
직업 인물,mist,안개,정령,마력 기술자,drop,놓기,NW,있음,12,12,독립 관절 동작,해당 시점 원화,미완료,검수 대기,art-source/pixel-characters/roster-v4/mist/rig.json
직업 인물,mist,안개,정령,마력 기술자,drop,놓기,NE,있음,12,12,독립 관절 동작,NW 좌우 반전,미완료,검수 대기,art-source/pixel-characters/roster-v4/mist/rig.json
직업 인물,mist,안개,정령,마력 기술자,drop,놓기,SE,있음,12,12,독립 관절 동작,SW 좌우 반전,미완료,검수 대기,art-source/pixel-characters/roster-v4/mist/rig.json
직업 인물,mist,안개,정령,마력 기술자,greet,인사,SW,있음,12,11,기존 원화 관절 변형,해당 시점 원화,미완료,검수 대기,art-source/pixel-characters/roster-v4/mist/rig.json
직업 인물,mist,안개,정령,마력 기술자,greet,인사,NW,있음,12,11,기존 원화 관절 변형,해당 시점 원화,미완료,검수 대기,art-source/pixel-characters/roster-v4/mist/rig.json
직업 인물,mist,안개,정령,마력 기술자,greet,인사,NE,있음,12,11,기존 원화 관절 변형,NW 좌우 반전,미완료,검수 대기,art-source/pixel-characters/roster-v4/mist/rig.json
직업 인물,mist,안개,정령,마력 기술자,greet,인사,SE,있음,12,11,기존 원화 관절 변형,SW 좌우 반전,미완료,검수 대기,art-source/pixel-characters/roster-v4/mist/rig.json
직업 인물,mist,안개,정령,마력 기술자,attack,공격,SW,있음,12,11,기존 원화 관절 변형,해당 시점 원화,미완료,검수 대기,art-source/pixel-characters/roster-v4/mist/rig.json
직업 인물,mist,안개,정령,마력 기술자,attack,공격,NW,있음,12,11,기존 원화 관절 변형,해당 시점 원화,미완료,검수 대기,art-source/pixel-characters/roster-v4/mist/rig.json
직업 인물,mist,안개,정령,마력 기술자,attack,공격,NE,있음,12,11,기존 원화 관절 변형,NW 좌우 반전,미완료,검수 대기,art-source/pixel-characters/roster-v4/mist/rig.json
직업 인물,mist,안개,정령,마력 기술자,attack,공격,SE,있음,12,11,기존 원화 관절 변형,SW 좌우 반전,미완료,검수 대기,art-source/pixel-characters/roster-v4/mist/rig.json
직업 인물,mist,안개,정령,마력 기술자,hurt,피격,SW,있음,8,7,기존 원화 관절 변형,해당 시점 원화,미완료,검수 대기,art-source/pixel-characters/roster-v4/mist/rig.json
직업 인물,mist,안개,정령,마력 기술자,hurt,피격,NW,있음,8,7,기존 원화 관절 변형,해당 시점 원화,미완료,검수 대기,art-source/pixel-characters/roster-v4/mist/rig.json
직업 인물,mist,안개,정령,마력 기술자,hurt,피격,NE,있음,8,7,기존 원화 관절 변형,NW 좌우 반전,미완료,검수 대기,art-source/pixel-characters/roster-v4/mist/rig.json
직업 인물,mist,안개,정령,마력 기술자,hurt,피격,SE,있음,8,7,기존 원화 관절 변형,SW 좌우 반전,미완료,검수 대기,art-source/pixel-characters/roster-v4/mist/rig.json
직업 인물,mist,안개,정령,마력 기술자,defeat,쓰러짐,SW,있음,16,16,기존 원화 관절 변형,해당 시점 원화,미완료,검수 대기,art-source/pixel-characters/roster-v4/mist/rig.json
직업 인물,mist,안개,정령,마력 기술자,defeat,쓰러짐,NW,있음,16,16,기존 원화 관절 변형,해당 시점 원화,미완료,검수 대기,art-source/pixel-characters/roster-v4/mist/rig.json
직업 인물,mist,안개,정령,마력 기술자,defeat,쓰러짐,NE,있음,16,16,기존 원화 관절 변형,NW 좌우 반전,미완료,검수 대기,art-source/pixel-characters/roster-v4/mist/rig.json
직업 인물,mist,안개,정령,마력 기술자,defeat,쓰러짐,SE,있음,16,16,기존 원화 관절 변형,SW 좌우 반전,미완료,검수 대기,art-source/pixel-characters/roster-v4/mist/rig.json
직업 인물,mist,안개,정령,마력 기술자,turn,회전,SW,있음,8,4,기존 원화 관절 변형,해당 시점 원화,미완료,검수 대기,art-source/pixel-characters/roster-v4/mist/rig.json
직업 인물,mist,안개,정령,마력 기술자,turn,회전,NW,있음,8,4,기존 원화 관절 변형,해당 시점 원화,미완료,검수 대기,art-source/pixel-characters/roster-v4/mist/rig.json
직업 인물,mist,안개,정령,마력 기술자,turn,회전,NE,있음,8,4,기존 원화 관절 변형,NW 좌우 반전,미완료,검수 대기,art-source/pixel-characters/roster-v4/mist/rig.json
직업 인물,mist,안개,정령,마력 기술자,turn,회전,SE,있음,8,4,기존 원화 관절 변형,SW 좌우 반전,미완료,검수 대기,art-source/pixel-characters/roster-v4/mist/rig.json
직업 인물,lana,라나,켄타로스,사육사,idle,대기,SW,있음,8,8,기존 원화 관절 변형,해당 시점 원화,미완료,검수 대기,art-source/pixel-characters/roster-v4/lana/rig.json
직업 인물,lana,라나,켄타로스,사육사,idle,대기,NW,있음,8,8,기존 원화 관절 변형,해당 시점 원화,미완료,검수 대기,art-source/pixel-characters/roster-v4/lana/rig.json
직업 인물,lana,라나,켄타로스,사육사,idle,대기,NE,있음,8,8,기존 원화 관절 변형,NW 좌우 반전,미완료,검수 대기,art-source/pixel-characters/roster-v4/lana/rig.json
직업 인물,lana,라나,켄타로스,사육사,idle,대기,SE,있음,8,8,기존 원화 관절 변형,SW 좌우 반전,미완료,검수 대기,art-source/pixel-characters/roster-v4/lana/rig.json
직업 인물,lana,라나,켄타로스,사육사,walk,걷기·이동,SW,있음,32,32,기존 원화 관절 변형,해당 시점 원화,미완료,검수 대기,art-source/pixel-characters/roster-v4/lana/rig.json
직업 인물,lana,라나,켄타로스,사육사,walk,걷기·이동,NW,있음,32,32,기존 원화 관절 변형,해당 시점 원화,미완료,검수 대기,art-source/pixel-characters/roster-v4/lana/rig.json
직업 인물,lana,라나,켄타로스,사육사,walk,걷기·이동,NE,있음,32,32,기존 원화 관절 변형,NW 좌우 반전,미완료,검수 대기,art-source/pixel-characters/roster-v4/lana/rig.json
직업 인물,lana,라나,켄타로스,사육사,walk,걷기·이동,SE,있음,32,32,기존 원화 관절 변형,SW 좌우 반전,미완료,검수 대기,art-source/pixel-characters/roster-v4/lana/rig.json
직업 인물,lana,라나,켄타로스,사육사,carry,운반,SW,있음,32,32,기존 원화 관절 변형,해당 시점 원화,미완료,검수 대기,art-source/pixel-characters/roster-v4/lana/rig.json
직업 인물,lana,라나,켄타로스,사육사,carry,운반,NW,있음,32,32,기존 원화 관절 변형,해당 시점 원화,미완료,검수 대기,art-source/pixel-characters/roster-v4/lana/rig.json
직업 인물,lana,라나,켄타로스,사육사,carry,운반,NE,있음,32,32,기존 원화 관절 변형,NW 좌우 반전,미완료,검수 대기,art-source/pixel-characters/roster-v4/lana/rig.json
직업 인물,lana,라나,켄타로스,사육사,carry,운반,SE,있음,32,32,기존 원화 관절 변형,SW 좌우 반전,미완료,검수 대기,art-source/pixel-characters/roster-v4/lana/rig.json
직업 인물,lana,라나,켄타로스,사육사,work,작업,SW,있음,20,20,기존 원화 관절 변형,해당 시점 원화,미완료,검수 대기,art-source/pixel-characters/roster-v4/lana/rig.json
직업 인물,lana,라나,켄타로스,사육사,work,작업,NW,있음,20,20,기존 원화 관절 변형,해당 시점 원화,미완료,검수 대기,art-source/pixel-characters/roster-v4/lana/rig.json
직업 인물,lana,라나,켄타로스,사육사,work,작업,NE,있음,20,20,기존 원화 관절 변형,NW 좌우 반전,미완료,검수 대기,art-source/pixel-characters/roster-v4/lana/rig.json
직업 인물,lana,라나,켄타로스,사육사,work,작업,SE,있음,20,20,기존 원화 관절 변형,SW 좌우 반전,미완료,검수 대기,art-source/pixel-characters/roster-v4/lana/rig.json
직업 인물,lana,라나,켄타로스,사육사,pickup,들기,SW,있음,12,12,독립 관절 동작,해당 시점 원화,미완료,검수 대기,art-source/pixel-characters/roster-v4/lana/rig.json
직업 인물,lana,라나,켄타로스,사육사,pickup,들기,NW,있음,12,12,독립 관절 동작,해당 시점 원화,미완료,검수 대기,art-source/pixel-characters/roster-v4/lana/rig.json
직업 인물,lana,라나,켄타로스,사육사,pickup,들기,NE,있음,12,12,독립 관절 동작,NW 좌우 반전,미완료,검수 대기,art-source/pixel-characters/roster-v4/lana/rig.json
직업 인물,lana,라나,켄타로스,사육사,pickup,들기,SE,있음,12,12,독립 관절 동작,SW 좌우 반전,미완료,검수 대기,art-source/pixel-characters/roster-v4/lana/rig.json
직업 인물,lana,라나,켄타로스,사육사,drop,놓기,SW,있음,12,12,독립 관절 동작,해당 시점 원화,미완료,검수 대기,art-source/pixel-characters/roster-v4/lana/rig.json
직업 인물,lana,라나,켄타로스,사육사,drop,놓기,NW,있음,12,12,독립 관절 동작,해당 시점 원화,미완료,검수 대기,art-source/pixel-characters/roster-v4/lana/rig.json
직업 인물,lana,라나,켄타로스,사육사,drop,놓기,NE,있음,12,12,독립 관절 동작,NW 좌우 반전,미완료,검수 대기,art-source/pixel-characters/roster-v4/lana/rig.json
직업 인물,lana,라나,켄타로스,사육사,drop,놓기,SE,있음,12,12,독립 관절 동작,SW 좌우 반전,미완료,검수 대기,art-source/pixel-characters/roster-v4/lana/rig.json
직업 인물,lana,라나,켄타로스,사육사,greet,인사,SW,있음,12,11,기존 원화 관절 변형,해당 시점 원화,미완료,검수 대기,art-source/pixel-characters/roster-v4/lana/rig.json
직업 인물,lana,라나,켄타로스,사육사,greet,인사,NW,있음,12,11,기존 원화 관절 변형,해당 시점 원화,미완료,검수 대기,art-source/pixel-characters/roster-v4/lana/rig.json
직업 인물,lana,라나,켄타로스,사육사,greet,인사,NE,있음,12,11,기존 원화 관절 변형,NW 좌우 반전,미완료,검수 대기,art-source/pixel-characters/roster-v4/lana/rig.json
직업 인물,lana,라나,켄타로스,사육사,greet,인사,SE,있음,12,11,기존 원화 관절 변형,SW 좌우 반전,미완료,검수 대기,art-source/pixel-characters/roster-v4/lana/rig.json
직업 인물,lana,라나,켄타로스,사육사,attack,공격,SW,있음,12,11,기존 원화 관절 변형,해당 시점 원화,미완료,검수 대기,art-source/pixel-characters/roster-v4/lana/rig.json
직업 인물,lana,라나,켄타로스,사육사,attack,공격,NW,있음,12,11,기존 원화 관절 변형,해당 시점 원화,미완료,검수 대기,art-source/pixel-characters/roster-v4/lana/rig.json
직업 인물,lana,라나,켄타로스,사육사,attack,공격,NE,있음,12,11,기존 원화 관절 변형,NW 좌우 반전,미완료,검수 대기,art-source/pixel-characters/roster-v4/lana/rig.json
직업 인물,lana,라나,켄타로스,사육사,attack,공격,SE,있음,12,11,기존 원화 관절 변형,SW 좌우 반전,미완료,검수 대기,art-source/pixel-characters/roster-v4/lana/rig.json
직업 인물,lana,라나,켄타로스,사육사,hurt,피격,SW,있음,8,7,기존 원화 관절 변형,해당 시점 원화,미완료,검수 대기,art-source/pixel-characters/roster-v4/lana/rig.json
직업 인물,lana,라나,켄타로스,사육사,hurt,피격,NW,있음,8,7,기존 원화 관절 변형,해당 시점 원화,미완료,검수 대기,art-source/pixel-characters/roster-v4/lana/rig.json
직업 인물,lana,라나,켄타로스,사육사,hurt,피격,NE,있음,8,7,기존 원화 관절 변형,NW 좌우 반전,미완료,검수 대기,art-source/pixel-characters/roster-v4/lana/rig.json
직업 인물,lana,라나,켄타로스,사육사,hurt,피격,SE,있음,8,7,기존 원화 관절 변형,SW 좌우 반전,미완료,검수 대기,art-source/pixel-characters/roster-v4/lana/rig.json
직업 인물,lana,라나,켄타로스,사육사,defeat,쓰러짐,SW,있음,16,16,기존 원화 관절 변형,해당 시점 원화,미완료,검수 대기,art-source/pixel-characters/roster-v4/lana/rig.json
직업 인물,lana,라나,켄타로스,사육사,defeat,쓰러짐,NW,있음,16,16,기존 원화 관절 변형,해당 시점 원화,미완료,검수 대기,art-source/pixel-characters/roster-v4/lana/rig.json
직업 인물,lana,라나,켄타로스,사육사,defeat,쓰러짐,NE,있음,16,16,기존 원화 관절 변형,NW 좌우 반전,미완료,검수 대기,art-source/pixel-characters/roster-v4/lana/rig.json
직업 인물,lana,라나,켄타로스,사육사,defeat,쓰러짐,SE,있음,16,16,기존 원화 관절 변형,SW 좌우 반전,미완료,검수 대기,art-source/pixel-characters/roster-v4/lana/rig.json
직업 인물,lana,라나,켄타로스,사육사,turn,회전,SW,있음,8,4,기존 원화 관절 변형,해당 시점 원화,미완료,검수 대기,art-source/pixel-characters/roster-v4/lana/rig.json
직업 인물,lana,라나,켄타로스,사육사,turn,회전,NW,있음,8,4,기존 원화 관절 변형,해당 시점 원화,미완료,검수 대기,art-source/pixel-characters/roster-v4/lana/rig.json
직업 인물,lana,라나,켄타로스,사육사,turn,회전,NE,있음,8,4,기존 원화 관절 변형,NW 좌우 반전,미완료,검수 대기,art-source/pixel-characters/roster-v4/lana/rig.json
직업 인물,lana,라나,켄타로스,사육사,turn,회전,SE,있음,8,4,기존 원화 관절 변형,SW 좌우 반전,미완료,검수 대기,art-source/pixel-characters/roster-v4/lana/rig.json
직업 인물,eil,에일,요정,의료 연구원,idle,대기,SW,있음,8,5,기존 원화 관절 변형,해당 시점 원화,미완료,검수 대기,art-source/pixel-characters/roster-v4/eil/rig.json
직업 인물,eil,에일,요정,의료 연구원,idle,대기,NW,있음,8,5,기존 원화 관절 변형,해당 시점 원화,미완료,검수 대기,art-source/pixel-characters/roster-v4/eil/rig.json
직업 인물,eil,에일,요정,의료 연구원,idle,대기,NE,있음,8,5,기존 원화 관절 변형,NW 좌우 반전,미완료,검수 대기,art-source/pixel-characters/roster-v4/eil/rig.json
직업 인물,eil,에일,요정,의료 연구원,idle,대기,SE,있음,8,5,기존 원화 관절 변형,SW 좌우 반전,미완료,검수 대기,art-source/pixel-characters/roster-v4/eil/rig.json
직업 인물,eil,에일,요정,의료 연구원,walk,걷기·이동,SW,있음,32,28,기존 원화 관절 변형,해당 시점 원화,미완료,검수 대기,art-source/pixel-characters/roster-v4/eil/rig.json
직업 인물,eil,에일,요정,의료 연구원,walk,걷기·이동,NW,있음,32,28,기존 원화 관절 변형,해당 시점 원화,미완료,검수 대기,art-source/pixel-characters/roster-v4/eil/rig.json
직업 인물,eil,에일,요정,의료 연구원,walk,걷기·이동,NE,있음,32,28,기존 원화 관절 변형,NW 좌우 반전,미완료,검수 대기,art-source/pixel-characters/roster-v4/eil/rig.json
직업 인물,eil,에일,요정,의료 연구원,walk,걷기·이동,SE,있음,32,28,기존 원화 관절 변형,SW 좌우 반전,미완료,검수 대기,art-source/pixel-characters/roster-v4/eil/rig.json
직업 인물,eil,에일,요정,의료 연구원,carry,운반,SW,있음,32,11,기존 원화 관절 변형,해당 시점 원화,미완료,검수 대기,art-source/pixel-characters/roster-v4/eil/rig.json
직업 인물,eil,에일,요정,의료 연구원,carry,운반,NW,있음,32,11,기존 원화 관절 변형,해당 시점 원화,미완료,검수 대기,art-source/pixel-characters/roster-v4/eil/rig.json
직업 인물,eil,에일,요정,의료 연구원,carry,운반,NE,있음,32,11,기존 원화 관절 변형,NW 좌우 반전,미완료,검수 대기,art-source/pixel-characters/roster-v4/eil/rig.json
직업 인물,eil,에일,요정,의료 연구원,carry,운반,SE,있음,32,11,기존 원화 관절 변형,SW 좌우 반전,미완료,검수 대기,art-source/pixel-characters/roster-v4/eil/rig.json
직업 인물,eil,에일,요정,의료 연구원,work,작업,SW,있음,20,20,기존 원화 관절 변형,해당 시점 원화,미완료,검수 대기,art-source/pixel-characters/roster-v4/eil/rig.json
직업 인물,eil,에일,요정,의료 연구원,work,작업,NW,있음,20,20,기존 원화 관절 변형,해당 시점 원화,미완료,검수 대기,art-source/pixel-characters/roster-v4/eil/rig.json
직업 인물,eil,에일,요정,의료 연구원,work,작업,NE,있음,20,20,기존 원화 관절 변형,NW 좌우 반전,미완료,검수 대기,art-source/pixel-characters/roster-v4/eil/rig.json
직업 인물,eil,에일,요정,의료 연구원,work,작업,SE,있음,20,20,기존 원화 관절 변형,SW 좌우 반전,미완료,검수 대기,art-source/pixel-characters/roster-v4/eil/rig.json
직업 인물,eil,에일,요정,의료 연구원,pickup,들기,SW,있음,12,12,독립 관절 동작,해당 시점 원화,미완료,검수 대기,art-source/pixel-characters/roster-v4/eil/rig.json
직업 인물,eil,에일,요정,의료 연구원,pickup,들기,NW,있음,12,12,독립 관절 동작,해당 시점 원화,미완료,검수 대기,art-source/pixel-characters/roster-v4/eil/rig.json
직업 인물,eil,에일,요정,의료 연구원,pickup,들기,NE,있음,12,12,독립 관절 동작,NW 좌우 반전,미완료,검수 대기,art-source/pixel-characters/roster-v4/eil/rig.json
직업 인물,eil,에일,요정,의료 연구원,pickup,들기,SE,있음,12,12,독립 관절 동작,SW 좌우 반전,미완료,검수 대기,art-source/pixel-characters/roster-v4/eil/rig.json
직업 인물,eil,에일,요정,의료 연구원,drop,놓기,SW,있음,12,12,독립 관절 동작,해당 시점 원화,미완료,검수 대기,art-source/pixel-characters/roster-v4/eil/rig.json
직업 인물,eil,에일,요정,의료 연구원,drop,놓기,NW,있음,12,12,독립 관절 동작,해당 시점 원화,미완료,검수 대기,art-source/pixel-characters/roster-v4/eil/rig.json
직업 인물,eil,에일,요정,의료 연구원,drop,놓기,NE,있음,12,12,독립 관절 동작,NW 좌우 반전,미완료,검수 대기,art-source/pixel-characters/roster-v4/eil/rig.json
직업 인물,eil,에일,요정,의료 연구원,drop,놓기,SE,있음,12,12,독립 관절 동작,SW 좌우 반전,미완료,검수 대기,art-source/pixel-characters/roster-v4/eil/rig.json
직업 인물,eil,에일,요정,의료 연구원,greet,인사,SW,있음,12,11,기존 원화 관절 변형,해당 시점 원화,미완료,검수 대기,art-source/pixel-characters/roster-v4/eil/rig.json
직업 인물,eil,에일,요정,의료 연구원,greet,인사,NW,있음,12,11,기존 원화 관절 변형,해당 시점 원화,미완료,검수 대기,art-source/pixel-characters/roster-v4/eil/rig.json
직업 인물,eil,에일,요정,의료 연구원,greet,인사,NE,있음,12,11,기존 원화 관절 변형,NW 좌우 반전,미완료,검수 대기,art-source/pixel-characters/roster-v4/eil/rig.json
직업 인물,eil,에일,요정,의료 연구원,greet,인사,SE,있음,12,11,기존 원화 관절 변형,SW 좌우 반전,미완료,검수 대기,art-source/pixel-characters/roster-v4/eil/rig.json
직업 인물,eil,에일,요정,의료 연구원,attack,공격,SW,있음,12,11,기존 원화 관절 변형,해당 시점 원화,미완료,검수 대기,art-source/pixel-characters/roster-v4/eil/rig.json
직업 인물,eil,에일,요정,의료 연구원,attack,공격,NW,있음,12,11,기존 원화 관절 변형,해당 시점 원화,미완료,검수 대기,art-source/pixel-characters/roster-v4/eil/rig.json
직업 인물,eil,에일,요정,의료 연구원,attack,공격,NE,있음,12,11,기존 원화 관절 변형,NW 좌우 반전,미완료,검수 대기,art-source/pixel-characters/roster-v4/eil/rig.json
직업 인물,eil,에일,요정,의료 연구원,attack,공격,SE,있음,12,11,기존 원화 관절 변형,SW 좌우 반전,미완료,검수 대기,art-source/pixel-characters/roster-v4/eil/rig.json
직업 인물,eil,에일,요정,의료 연구원,hurt,피격,SW,있음,8,7,기존 원화 관절 변형,해당 시점 원화,미완료,검수 대기,art-source/pixel-characters/roster-v4/eil/rig.json
직업 인물,eil,에일,요정,의료 연구원,hurt,피격,NW,있음,8,7,기존 원화 관절 변형,해당 시점 원화,미완료,검수 대기,art-source/pixel-characters/roster-v4/eil/rig.json
직업 인물,eil,에일,요정,의료 연구원,hurt,피격,NE,있음,8,7,기존 원화 관절 변형,NW 좌우 반전,미완료,검수 대기,art-source/pixel-characters/roster-v4/eil/rig.json
직업 인물,eil,에일,요정,의료 연구원,hurt,피격,SE,있음,8,7,기존 원화 관절 변형,SW 좌우 반전,미완료,검수 대기,art-source/pixel-characters/roster-v4/eil/rig.json
직업 인물,eil,에일,요정,의료 연구원,defeat,쓰러짐,SW,있음,16,16,기존 원화 관절 변형,해당 시점 원화,미완료,검수 대기,art-source/pixel-characters/roster-v4/eil/rig.json
직업 인물,eil,에일,요정,의료 연구원,defeat,쓰러짐,NW,있음,16,16,기존 원화 관절 변형,해당 시점 원화,미완료,검수 대기,art-source/pixel-characters/roster-v4/eil/rig.json
직업 인물,eil,에일,요정,의료 연구원,defeat,쓰러짐,NE,있음,16,16,기존 원화 관절 변형,NW 좌우 반전,미완료,검수 대기,art-source/pixel-characters/roster-v4/eil/rig.json
직업 인물,eil,에일,요정,의료 연구원,defeat,쓰러짐,SE,있음,16,16,기존 원화 관절 변형,SW 좌우 반전,미완료,검수 대기,art-source/pixel-characters/roster-v4/eil/rig.json
직업 인물,eil,에일,요정,의료 연구원,turn,회전,SW,있음,8,4,기존 원화 관절 변형,해당 시점 원화,미완료,검수 대기,art-source/pixel-characters/roster-v4/eil/rig.json
직업 인물,eil,에일,요정,의료 연구원,turn,회전,NW,있음,8,4,기존 원화 관절 변형,해당 시점 원화,미완료,검수 대기,art-source/pixel-characters/roster-v4/eil/rig.json
직업 인물,eil,에일,요정,의료 연구원,turn,회전,NE,있음,8,4,기존 원화 관절 변형,NW 좌우 반전,미완료,검수 대기,art-source/pixel-characters/roster-v4/eil/rig.json
직업 인물,eil,에일,요정,의료 연구원,turn,회전,SE,있음,8,4,기존 원화 관절 변형,SW 좌우 반전,미완료,검수 대기,art-source/pixel-characters/roster-v4/eil/rig.json
적대 인물,ravik,라비크,마인,적대 세력,idle,대기,SW,있음,8,2,기존 원화 관절 변형,해당 시점 원화,미완료,검수 대기,art-source/pixel-characters/roster-v4/ravik/rig.json
적대 인물,ravik,라비크,마인,적대 세력,idle,대기,NW,있음,8,2,기존 원화 관절 변형,해당 시점 원화,미완료,검수 대기,art-source/pixel-characters/roster-v4/ravik/rig.json
적대 인물,ravik,라비크,마인,적대 세력,idle,대기,NE,있음,8,2,기존 원화 관절 변형,NW 좌우 반전,미완료,검수 대기,art-source/pixel-characters/roster-v4/ravik/rig.json
적대 인물,ravik,라비크,마인,적대 세력,idle,대기,SE,있음,8,2,기존 원화 관절 변형,SW 좌우 반전,미완료,검수 대기,art-source/pixel-characters/roster-v4/ravik/rig.json
적대 인물,ravik,라비크,마인,적대 세력,walk,걷기·이동,SW,있음,32,32,기존 원화 관절 변형,해당 시점 원화,미완료,검수 대기,art-source/pixel-characters/roster-v4/ravik/rig.json
적대 인물,ravik,라비크,마인,적대 세력,walk,걷기·이동,NW,있음,32,32,기존 원화 관절 변형,해당 시점 원화,미완료,검수 대기,art-source/pixel-characters/roster-v4/ravik/rig.json
적대 인물,ravik,라비크,마인,적대 세력,walk,걷기·이동,NE,있음,32,32,기존 원화 관절 변형,NW 좌우 반전,미완료,검수 대기,art-source/pixel-characters/roster-v4/ravik/rig.json
적대 인물,ravik,라비크,마인,적대 세력,walk,걷기·이동,SE,있음,32,32,기존 원화 관절 변형,SW 좌우 반전,미완료,검수 대기,art-source/pixel-characters/roster-v4/ravik/rig.json
적대 인물,ravik,라비크,마인,적대 세력,carry,운반,SW,있음,32,32,기존 원화 관절 변형,해당 시점 원화,미완료,검수 대기,art-source/pixel-characters/roster-v4/ravik/rig.json
적대 인물,ravik,라비크,마인,적대 세력,carry,운반,NW,있음,32,32,기존 원화 관절 변형,해당 시점 원화,미완료,검수 대기,art-source/pixel-characters/roster-v4/ravik/rig.json
적대 인물,ravik,라비크,마인,적대 세력,carry,운반,NE,있음,32,32,기존 원화 관절 변형,NW 좌우 반전,미완료,검수 대기,art-source/pixel-characters/roster-v4/ravik/rig.json
적대 인물,ravik,라비크,마인,적대 세력,carry,운반,SE,있음,32,32,기존 원화 관절 변형,SW 좌우 반전,미완료,검수 대기,art-source/pixel-characters/roster-v4/ravik/rig.json
적대 인물,ravik,라비크,마인,적대 세력,work,작업,SW,있음,20,18,기존 원화 관절 변형,해당 시점 원화,미완료,검수 대기,art-source/pixel-characters/roster-v4/ravik/rig.json
적대 인물,ravik,라비크,마인,적대 세력,work,작업,NW,있음,20,18,기존 원화 관절 변형,해당 시점 원화,미완료,검수 대기,art-source/pixel-characters/roster-v4/ravik/rig.json
적대 인물,ravik,라비크,마인,적대 세력,work,작업,NE,있음,20,18,기존 원화 관절 변형,NW 좌우 반전,미완료,검수 대기,art-source/pixel-characters/roster-v4/ravik/rig.json
적대 인물,ravik,라비크,마인,적대 세력,work,작업,SE,있음,20,18,기존 원화 관절 변형,SW 좌우 반전,미완료,검수 대기,art-source/pixel-characters/roster-v4/ravik/rig.json
적대 인물,ravik,라비크,마인,적대 세력,pickup,들기,SW,있음,12,12,독립 관절 동작,해당 시점 원화,미완료,검수 대기,art-source/pixel-characters/roster-v4/ravik/rig.json
적대 인물,ravik,라비크,마인,적대 세력,pickup,들기,NW,있음,12,12,독립 관절 동작,해당 시점 원화,미완료,검수 대기,art-source/pixel-characters/roster-v4/ravik/rig.json
적대 인물,ravik,라비크,마인,적대 세력,pickup,들기,NE,있음,12,12,독립 관절 동작,NW 좌우 반전,미완료,검수 대기,art-source/pixel-characters/roster-v4/ravik/rig.json
적대 인물,ravik,라비크,마인,적대 세력,pickup,들기,SE,있음,12,12,독립 관절 동작,SW 좌우 반전,미완료,검수 대기,art-source/pixel-characters/roster-v4/ravik/rig.json
적대 인물,ravik,라비크,마인,적대 세력,drop,놓기,SW,있음,12,12,독립 관절 동작,해당 시점 원화,미완료,검수 대기,art-source/pixel-characters/roster-v4/ravik/rig.json
적대 인물,ravik,라비크,마인,적대 세력,drop,놓기,NW,있음,12,12,독립 관절 동작,해당 시점 원화,미완료,검수 대기,art-source/pixel-characters/roster-v4/ravik/rig.json
적대 인물,ravik,라비크,마인,적대 세력,drop,놓기,NE,있음,12,12,독립 관절 동작,NW 좌우 반전,미완료,검수 대기,art-source/pixel-characters/roster-v4/ravik/rig.json
적대 인물,ravik,라비크,마인,적대 세력,drop,놓기,SE,있음,12,12,독립 관절 동작,SW 좌우 반전,미완료,검수 대기,art-source/pixel-characters/roster-v4/ravik/rig.json
적대 인물,ravik,라비크,마인,적대 세력,greet,인사,SW,있음,12,11,기존 원화 관절 변형,해당 시점 원화,미완료,검수 대기,art-source/pixel-characters/roster-v4/ravik/rig.json
적대 인물,ravik,라비크,마인,적대 세력,greet,인사,NW,있음,12,11,기존 원화 관절 변형,해당 시점 원화,미완료,검수 대기,art-source/pixel-characters/roster-v4/ravik/rig.json
적대 인물,ravik,라비크,마인,적대 세력,greet,인사,NE,있음,12,11,기존 원화 관절 변형,NW 좌우 반전,미완료,검수 대기,art-source/pixel-characters/roster-v4/ravik/rig.json
적대 인물,ravik,라비크,마인,적대 세력,greet,인사,SE,있음,12,11,기존 원화 관절 변형,SW 좌우 반전,미완료,검수 대기,art-source/pixel-characters/roster-v4/ravik/rig.json
적대 인물,ravik,라비크,마인,적대 세력,attack,공격,SW,있음,12,11,기존 원화 관절 변형,해당 시점 원화,미완료,검수 대기,art-source/pixel-characters/roster-v4/ravik/rig.json
적대 인물,ravik,라비크,마인,적대 세력,attack,공격,NW,있음,12,11,기존 원화 관절 변형,해당 시점 원화,미완료,검수 대기,art-source/pixel-characters/roster-v4/ravik/rig.json
적대 인물,ravik,라비크,마인,적대 세력,attack,공격,NE,있음,12,11,기존 원화 관절 변형,NW 좌우 반전,미완료,검수 대기,art-source/pixel-characters/roster-v4/ravik/rig.json
적대 인물,ravik,라비크,마인,적대 세력,attack,공격,SE,있음,12,11,기존 원화 관절 변형,SW 좌우 반전,미완료,검수 대기,art-source/pixel-characters/roster-v4/ravik/rig.json
적대 인물,ravik,라비크,마인,적대 세력,hurt,피격,SW,있음,8,7,기존 원화 관절 변형,해당 시점 원화,미완료,검수 대기,art-source/pixel-characters/roster-v4/ravik/rig.json
적대 인물,ravik,라비크,마인,적대 세력,hurt,피격,NW,있음,8,7,기존 원화 관절 변형,해당 시점 원화,미완료,검수 대기,art-source/pixel-characters/roster-v4/ravik/rig.json
적대 인물,ravik,라비크,마인,적대 세력,hurt,피격,NE,있음,8,7,기존 원화 관절 변형,NW 좌우 반전,미완료,검수 대기,art-source/pixel-characters/roster-v4/ravik/rig.json
적대 인물,ravik,라비크,마인,적대 세력,hurt,피격,SE,있음,8,7,기존 원화 관절 변형,SW 좌우 반전,미완료,검수 대기,art-source/pixel-characters/roster-v4/ravik/rig.json
적대 인물,ravik,라비크,마인,적대 세력,defeat,쓰러짐,SW,있음,16,16,기존 원화 관절 변형,해당 시점 원화,미완료,검수 대기,art-source/pixel-characters/roster-v4/ravik/rig.json
적대 인물,ravik,라비크,마인,적대 세력,defeat,쓰러짐,NW,있음,16,16,기존 원화 관절 변형,해당 시점 원화,미완료,검수 대기,art-source/pixel-characters/roster-v4/ravik/rig.json
적대 인물,ravik,라비크,마인,적대 세력,defeat,쓰러짐,NE,있음,16,16,기존 원화 관절 변형,NW 좌우 반전,미완료,검수 대기,art-source/pixel-characters/roster-v4/ravik/rig.json
적대 인물,ravik,라비크,마인,적대 세력,defeat,쓰러짐,SE,있음,16,16,기존 원화 관절 변형,SW 좌우 반전,미완료,검수 대기,art-source/pixel-characters/roster-v4/ravik/rig.json
적대 인물,ravik,라비크,마인,적대 세력,turn,회전,SW,있음,8,4,기존 원화 관절 변형,해당 시점 원화,미완료,검수 대기,art-source/pixel-characters/roster-v4/ravik/rig.json
적대 인물,ravik,라비크,마인,적대 세력,turn,회전,NW,있음,8,4,기존 원화 관절 변형,해당 시점 원화,미완료,검수 대기,art-source/pixel-characters/roster-v4/ravik/rig.json
적대 인물,ravik,라비크,마인,적대 세력,turn,회전,NE,있음,8,4,기존 원화 관절 변형,NW 좌우 반전,미완료,검수 대기,art-source/pixel-characters/roster-v4/ravik/rig.json
적대 인물,ravik,라비크,마인,적대 세력,turn,회전,SE,있음,8,4,기존 원화 관절 변형,SW 좌우 반전,미완료,검수 대기,art-source/pixel-characters/roster-v4/ravik/rig.json
적대 인물,grum,그룸,오크,적대 세력,idle,대기,SW,있음,8,2,기존 원화 관절 변형,해당 시점 원화,미완료,검수 대기,art-source/pixel-characters/roster-v4/grum/rig.json
적대 인물,grum,그룸,오크,적대 세력,idle,대기,NW,있음,8,2,기존 원화 관절 변형,해당 시점 원화,미완료,검수 대기,art-source/pixel-characters/roster-v4/grum/rig.json
적대 인물,grum,그룸,오크,적대 세력,idle,대기,NE,있음,8,2,기존 원화 관절 변형,NW 좌우 반전,미완료,검수 대기,art-source/pixel-characters/roster-v4/grum/rig.json
적대 인물,grum,그룸,오크,적대 세력,idle,대기,SE,있음,8,2,기존 원화 관절 변형,SW 좌우 반전,미완료,검수 대기,art-source/pixel-characters/roster-v4/grum/rig.json
적대 인물,grum,그룸,오크,적대 세력,walk,걷기·이동,SW,있음,32,32,기존 원화 관절 변형,해당 시점 원화,미완료,검수 대기,art-source/pixel-characters/roster-v4/grum/rig.json
적대 인물,grum,그룸,오크,적대 세력,walk,걷기·이동,NW,있음,32,32,기존 원화 관절 변형,해당 시점 원화,미완료,검수 대기,art-source/pixel-characters/roster-v4/grum/rig.json
적대 인물,grum,그룸,오크,적대 세력,walk,걷기·이동,NE,있음,32,32,기존 원화 관절 변형,NW 좌우 반전,미완료,검수 대기,art-source/pixel-characters/roster-v4/grum/rig.json
적대 인물,grum,그룸,오크,적대 세력,walk,걷기·이동,SE,있음,32,32,기존 원화 관절 변형,SW 좌우 반전,미완료,검수 대기,art-source/pixel-characters/roster-v4/grum/rig.json
적대 인물,grum,그룸,오크,적대 세력,carry,운반,SW,있음,32,32,기존 원화 관절 변형,해당 시점 원화,미완료,검수 대기,art-source/pixel-characters/roster-v4/grum/rig.json
적대 인물,grum,그룸,오크,적대 세력,carry,운반,NW,있음,32,32,기존 원화 관절 변형,해당 시점 원화,미완료,검수 대기,art-source/pixel-characters/roster-v4/grum/rig.json
적대 인물,grum,그룸,오크,적대 세력,carry,운반,NE,있음,32,32,기존 원화 관절 변형,NW 좌우 반전,미완료,검수 대기,art-source/pixel-characters/roster-v4/grum/rig.json
적대 인물,grum,그룸,오크,적대 세력,carry,운반,SE,있음,32,32,기존 원화 관절 변형,SW 좌우 반전,미완료,검수 대기,art-source/pixel-characters/roster-v4/grum/rig.json
적대 인물,grum,그룸,오크,적대 세력,work,작업,SW,있음,20,18,기존 원화 관절 변형,해당 시점 원화,미완료,검수 대기,art-source/pixel-characters/roster-v4/grum/rig.json
적대 인물,grum,그룸,오크,적대 세력,work,작업,NW,있음,20,18,기존 원화 관절 변형,해당 시점 원화,미완료,검수 대기,art-source/pixel-characters/roster-v4/grum/rig.json
적대 인물,grum,그룸,오크,적대 세력,work,작업,NE,있음,20,18,기존 원화 관절 변형,NW 좌우 반전,미완료,검수 대기,art-source/pixel-characters/roster-v4/grum/rig.json
적대 인물,grum,그룸,오크,적대 세력,work,작업,SE,있음,20,18,기존 원화 관절 변형,SW 좌우 반전,미완료,검수 대기,art-source/pixel-characters/roster-v4/grum/rig.json
적대 인물,grum,그룸,오크,적대 세력,pickup,들기,SW,있음,12,12,독립 관절 동작,해당 시점 원화,미완료,검수 대기,art-source/pixel-characters/roster-v4/grum/rig.json
적대 인물,grum,그룸,오크,적대 세력,pickup,들기,NW,있음,12,12,독립 관절 동작,해당 시점 원화,미완료,검수 대기,art-source/pixel-characters/roster-v4/grum/rig.json
적대 인물,grum,그룸,오크,적대 세력,pickup,들기,NE,있음,12,12,독립 관절 동작,NW 좌우 반전,미완료,검수 대기,art-source/pixel-characters/roster-v4/grum/rig.json
적대 인물,grum,그룸,오크,적대 세력,pickup,들기,SE,있음,12,12,독립 관절 동작,SW 좌우 반전,미완료,검수 대기,art-source/pixel-characters/roster-v4/grum/rig.json
적대 인물,grum,그룸,오크,적대 세력,drop,놓기,SW,있음,12,12,독립 관절 동작,해당 시점 원화,미완료,검수 대기,art-source/pixel-characters/roster-v4/grum/rig.json
적대 인물,grum,그룸,오크,적대 세력,drop,놓기,NW,있음,12,12,독립 관절 동작,해당 시점 원화,미완료,검수 대기,art-source/pixel-characters/roster-v4/grum/rig.json
적대 인물,grum,그룸,오크,적대 세력,drop,놓기,NE,있음,12,12,독립 관절 동작,NW 좌우 반전,미완료,검수 대기,art-source/pixel-characters/roster-v4/grum/rig.json
적대 인물,grum,그룸,오크,적대 세력,drop,놓기,SE,있음,12,12,독립 관절 동작,SW 좌우 반전,미완료,검수 대기,art-source/pixel-characters/roster-v4/grum/rig.json
적대 인물,grum,그룸,오크,적대 세력,greet,인사,SW,있음,12,11,기존 원화 관절 변형,해당 시점 원화,미완료,검수 대기,art-source/pixel-characters/roster-v4/grum/rig.json
적대 인물,grum,그룸,오크,적대 세력,greet,인사,NW,있음,12,11,기존 원화 관절 변형,해당 시점 원화,미완료,검수 대기,art-source/pixel-characters/roster-v4/grum/rig.json
적대 인물,grum,그룸,오크,적대 세력,greet,인사,NE,있음,12,11,기존 원화 관절 변형,NW 좌우 반전,미완료,검수 대기,art-source/pixel-characters/roster-v4/grum/rig.json
적대 인물,grum,그룸,오크,적대 세력,greet,인사,SE,있음,12,11,기존 원화 관절 변형,SW 좌우 반전,미완료,검수 대기,art-source/pixel-characters/roster-v4/grum/rig.json
적대 인물,grum,그룸,오크,적대 세력,attack,공격,SW,있음,12,11,기존 원화 관절 변형,해당 시점 원화,미완료,검수 대기,art-source/pixel-characters/roster-v4/grum/rig.json
적대 인물,grum,그룸,오크,적대 세력,attack,공격,NW,있음,12,11,기존 원화 관절 변형,해당 시점 원화,미완료,검수 대기,art-source/pixel-characters/roster-v4/grum/rig.json
적대 인물,grum,그룸,오크,적대 세력,attack,공격,NE,있음,12,11,기존 원화 관절 변형,NW 좌우 반전,미완료,검수 대기,art-source/pixel-characters/roster-v4/grum/rig.json
적대 인물,grum,그룸,오크,적대 세력,attack,공격,SE,있음,12,11,기존 원화 관절 변형,SW 좌우 반전,미완료,검수 대기,art-source/pixel-characters/roster-v4/grum/rig.json
적대 인물,grum,그룸,오크,적대 세력,hurt,피격,SW,있음,8,7,기존 원화 관절 변형,해당 시점 원화,미완료,검수 대기,art-source/pixel-characters/roster-v4/grum/rig.json
적대 인물,grum,그룸,오크,적대 세력,hurt,피격,NW,있음,8,7,기존 원화 관절 변형,해당 시점 원화,미완료,검수 대기,art-source/pixel-characters/roster-v4/grum/rig.json
적대 인물,grum,그룸,오크,적대 세력,hurt,피격,NE,있음,8,7,기존 원화 관절 변형,NW 좌우 반전,미완료,검수 대기,art-source/pixel-characters/roster-v4/grum/rig.json
적대 인물,grum,그룸,오크,적대 세력,hurt,피격,SE,있음,8,7,기존 원화 관절 변형,SW 좌우 반전,미완료,검수 대기,art-source/pixel-characters/roster-v4/grum/rig.json
적대 인물,grum,그룸,오크,적대 세력,defeat,쓰러짐,SW,있음,16,16,기존 원화 관절 변형,해당 시점 원화,미완료,검수 대기,art-source/pixel-characters/roster-v4/grum/rig.json
적대 인물,grum,그룸,오크,적대 세력,defeat,쓰러짐,NW,있음,16,16,기존 원화 관절 변형,해당 시점 원화,미완료,검수 대기,art-source/pixel-characters/roster-v4/grum/rig.json
적대 인물,grum,그룸,오크,적대 세력,defeat,쓰러짐,NE,있음,16,16,기존 원화 관절 변형,NW 좌우 반전,미완료,검수 대기,art-source/pixel-characters/roster-v4/grum/rig.json
적대 인물,grum,그룸,오크,적대 세력,defeat,쓰러짐,SE,있음,16,16,기존 원화 관절 변형,SW 좌우 반전,미완료,검수 대기,art-source/pixel-characters/roster-v4/grum/rig.json
적대 인물,grum,그룸,오크,적대 세력,turn,회전,SW,있음,8,4,기존 원화 관절 변형,해당 시점 원화,미완료,검수 대기,art-source/pixel-characters/roster-v4/grum/rig.json
적대 인물,grum,그룸,오크,적대 세력,turn,회전,NW,있음,8,4,기존 원화 관절 변형,해당 시점 원화,미완료,검수 대기,art-source/pixel-characters/roster-v4/grum/rig.json
적대 인물,grum,그룸,오크,적대 세력,turn,회전,NE,있음,8,4,기존 원화 관절 변형,NW 좌우 반전,미완료,검수 대기,art-source/pixel-characters/roster-v4/grum/rig.json
적대 인물,grum,그룸,오크,적대 세력,turn,회전,SE,있음,8,4,기존 원화 관절 변형,SW 좌우 반전,미완료,검수 대기,art-source/pixel-characters/roster-v4/grum/rig.json
적대 인물,niki,니키,고블린,적대 세력,idle,대기,SW,있음,8,2,기존 원화 관절 변형,해당 시점 원화,미완료,검수 대기,art-source/pixel-characters/roster-v4/niki/rig.json
적대 인물,niki,니키,고블린,적대 세력,idle,대기,NW,있음,8,2,기존 원화 관절 변형,해당 시점 원화,미완료,검수 대기,art-source/pixel-characters/roster-v4/niki/rig.json
적대 인물,niki,니키,고블린,적대 세력,idle,대기,NE,있음,8,2,기존 원화 관절 변형,NW 좌우 반전,미완료,검수 대기,art-source/pixel-characters/roster-v4/niki/rig.json
적대 인물,niki,니키,고블린,적대 세력,idle,대기,SE,있음,8,2,기존 원화 관절 변형,SW 좌우 반전,미완료,검수 대기,art-source/pixel-characters/roster-v4/niki/rig.json
적대 인물,niki,니키,고블린,적대 세력,walk,걷기·이동,SW,있음,32,32,기존 원화 관절 변형,해당 시점 원화,미완료,검수 대기,art-source/pixel-characters/roster-v4/niki/rig.json
적대 인물,niki,니키,고블린,적대 세력,walk,걷기·이동,NW,있음,32,32,기존 원화 관절 변형,해당 시점 원화,미완료,검수 대기,art-source/pixel-characters/roster-v4/niki/rig.json
적대 인물,niki,니키,고블린,적대 세력,walk,걷기·이동,NE,있음,32,32,기존 원화 관절 변형,NW 좌우 반전,미완료,검수 대기,art-source/pixel-characters/roster-v4/niki/rig.json
적대 인물,niki,니키,고블린,적대 세력,walk,걷기·이동,SE,있음,32,32,기존 원화 관절 변형,SW 좌우 반전,미완료,검수 대기,art-source/pixel-characters/roster-v4/niki/rig.json
적대 인물,niki,니키,고블린,적대 세력,carry,운반,SW,있음,32,32,기존 원화 관절 변형,해당 시점 원화,미완료,검수 대기,art-source/pixel-characters/roster-v4/niki/rig.json
적대 인물,niki,니키,고블린,적대 세력,carry,운반,NW,있음,32,32,기존 원화 관절 변형,해당 시점 원화,미완료,검수 대기,art-source/pixel-characters/roster-v4/niki/rig.json
적대 인물,niki,니키,고블린,적대 세력,carry,운반,NE,있음,32,32,기존 원화 관절 변형,NW 좌우 반전,미완료,검수 대기,art-source/pixel-characters/roster-v4/niki/rig.json
적대 인물,niki,니키,고블린,적대 세력,carry,운반,SE,있음,32,32,기존 원화 관절 변형,SW 좌우 반전,미완료,검수 대기,art-source/pixel-characters/roster-v4/niki/rig.json
적대 인물,niki,니키,고블린,적대 세력,work,작업,SW,있음,20,18,기존 원화 관절 변형,해당 시점 원화,미완료,검수 대기,art-source/pixel-characters/roster-v4/niki/rig.json
적대 인물,niki,니키,고블린,적대 세력,work,작업,NW,있음,20,18,기존 원화 관절 변형,해당 시점 원화,미완료,검수 대기,art-source/pixel-characters/roster-v4/niki/rig.json
적대 인물,niki,니키,고블린,적대 세력,work,작업,NE,있음,20,18,기존 원화 관절 변형,NW 좌우 반전,미완료,검수 대기,art-source/pixel-characters/roster-v4/niki/rig.json
적대 인물,niki,니키,고블린,적대 세력,work,작업,SE,있음,20,18,기존 원화 관절 변형,SW 좌우 반전,미완료,검수 대기,art-source/pixel-characters/roster-v4/niki/rig.json
적대 인물,niki,니키,고블린,적대 세력,pickup,들기,SW,있음,12,12,독립 관절 동작,해당 시점 원화,미완료,검수 대기,art-source/pixel-characters/roster-v4/niki/rig.json
적대 인물,niki,니키,고블린,적대 세력,pickup,들기,NW,있음,12,12,독립 관절 동작,해당 시점 원화,미완료,검수 대기,art-source/pixel-characters/roster-v4/niki/rig.json
적대 인물,niki,니키,고블린,적대 세력,pickup,들기,NE,있음,12,12,독립 관절 동작,NW 좌우 반전,미완료,검수 대기,art-source/pixel-characters/roster-v4/niki/rig.json
적대 인물,niki,니키,고블린,적대 세력,pickup,들기,SE,있음,12,12,독립 관절 동작,SW 좌우 반전,미완료,검수 대기,art-source/pixel-characters/roster-v4/niki/rig.json
적대 인물,niki,니키,고블린,적대 세력,drop,놓기,SW,있음,12,12,독립 관절 동작,해당 시점 원화,미완료,검수 대기,art-source/pixel-characters/roster-v4/niki/rig.json
적대 인물,niki,니키,고블린,적대 세력,drop,놓기,NW,있음,12,12,독립 관절 동작,해당 시점 원화,미완료,검수 대기,art-source/pixel-characters/roster-v4/niki/rig.json
적대 인물,niki,니키,고블린,적대 세력,drop,놓기,NE,있음,12,12,독립 관절 동작,NW 좌우 반전,미완료,검수 대기,art-source/pixel-characters/roster-v4/niki/rig.json
적대 인물,niki,니키,고블린,적대 세력,drop,놓기,SE,있음,12,12,독립 관절 동작,SW 좌우 반전,미완료,검수 대기,art-source/pixel-characters/roster-v4/niki/rig.json
적대 인물,niki,니키,고블린,적대 세력,greet,인사,SW,있음,12,11,기존 원화 관절 변형,해당 시점 원화,미완료,검수 대기,art-source/pixel-characters/roster-v4/niki/rig.json
적대 인물,niki,니키,고블린,적대 세력,greet,인사,NW,있음,12,11,기존 원화 관절 변형,해당 시점 원화,미완료,검수 대기,art-source/pixel-characters/roster-v4/niki/rig.json
적대 인물,niki,니키,고블린,적대 세력,greet,인사,NE,있음,12,11,기존 원화 관절 변형,NW 좌우 반전,미완료,검수 대기,art-source/pixel-characters/roster-v4/niki/rig.json
적대 인물,niki,니키,고블린,적대 세력,greet,인사,SE,있음,12,11,기존 원화 관절 변형,SW 좌우 반전,미완료,검수 대기,art-source/pixel-characters/roster-v4/niki/rig.json
적대 인물,niki,니키,고블린,적대 세력,attack,공격,SW,있음,12,11,기존 원화 관절 변형,해당 시점 원화,미완료,검수 대기,art-source/pixel-characters/roster-v4/niki/rig.json
적대 인물,niki,니키,고블린,적대 세력,attack,공격,NW,있음,12,11,기존 원화 관절 변형,해당 시점 원화,미완료,검수 대기,art-source/pixel-characters/roster-v4/niki/rig.json
적대 인물,niki,니키,고블린,적대 세력,attack,공격,NE,있음,12,11,기존 원화 관절 변형,NW 좌우 반전,미완료,검수 대기,art-source/pixel-characters/roster-v4/niki/rig.json
적대 인물,niki,니키,고블린,적대 세력,attack,공격,SE,있음,12,11,기존 원화 관절 변형,SW 좌우 반전,미완료,검수 대기,art-source/pixel-characters/roster-v4/niki/rig.json
적대 인물,niki,니키,고블린,적대 세력,hurt,피격,SW,있음,8,7,기존 원화 관절 변형,해당 시점 원화,미완료,검수 대기,art-source/pixel-characters/roster-v4/niki/rig.json
적대 인물,niki,니키,고블린,적대 세력,hurt,피격,NW,있음,8,7,기존 원화 관절 변형,해당 시점 원화,미완료,검수 대기,art-source/pixel-characters/roster-v4/niki/rig.json
적대 인물,niki,니키,고블린,적대 세력,hurt,피격,NE,있음,8,7,기존 원화 관절 변형,NW 좌우 반전,미완료,검수 대기,art-source/pixel-characters/roster-v4/niki/rig.json
적대 인물,niki,니키,고블린,적대 세력,hurt,피격,SE,있음,8,7,기존 원화 관절 변형,SW 좌우 반전,미완료,검수 대기,art-source/pixel-characters/roster-v4/niki/rig.json
적대 인물,niki,니키,고블린,적대 세력,defeat,쓰러짐,SW,있음,16,16,기존 원화 관절 변형,해당 시점 원화,미완료,검수 대기,art-source/pixel-characters/roster-v4/niki/rig.json
적대 인물,niki,니키,고블린,적대 세력,defeat,쓰러짐,NW,있음,16,16,기존 원화 관절 변형,해당 시점 원화,미완료,검수 대기,art-source/pixel-characters/roster-v4/niki/rig.json
적대 인물,niki,니키,고블린,적대 세력,defeat,쓰러짐,NE,있음,16,16,기존 원화 관절 변형,NW 좌우 반전,미완료,검수 대기,art-source/pixel-characters/roster-v4/niki/rig.json
적대 인물,niki,니키,고블린,적대 세력,defeat,쓰러짐,SE,있음,16,16,기존 원화 관절 변형,SW 좌우 반전,미완료,검수 대기,art-source/pixel-characters/roster-v4/niki/rig.json
적대 인물,niki,니키,고블린,적대 세력,turn,회전,SW,있음,8,4,기존 원화 관절 변형,해당 시점 원화,미완료,검수 대기,art-source/pixel-characters/roster-v4/niki/rig.json
적대 인물,niki,니키,고블린,적대 세력,turn,회전,NW,있음,8,4,기존 원화 관절 변형,해당 시점 원화,미완료,검수 대기,art-source/pixel-characters/roster-v4/niki/rig.json
적대 인물,niki,니키,고블린,적대 세력,turn,회전,NE,있음,8,4,기존 원화 관절 변형,NW 좌우 반전,미완료,검수 대기,art-source/pixel-characters/roster-v4/niki/rig.json
적대 인물,niki,니키,고블린,적대 세력,turn,회전,SE,있음,8,4,기존 원화 관절 변형,SW 좌우 반전,미완료,검수 대기,art-source/pixel-characters/roster-v4/niki/rig.json
적대 인물,sora,소라,수인,적대 세력,idle,대기,SW,있음,8,8,기존 원화 관절 변형,해당 시점 원화,미완료,검수 대기,art-source/pixel-characters/roster-v4/sora/rig.json
적대 인물,sora,소라,수인,적대 세력,idle,대기,NW,있음,8,8,기존 원화 관절 변형,해당 시점 원화,미완료,검수 대기,art-source/pixel-characters/roster-v4/sora/rig.json
적대 인물,sora,소라,수인,적대 세력,idle,대기,NE,있음,8,8,기존 원화 관절 변형,NW 좌우 반전,미완료,검수 대기,art-source/pixel-characters/roster-v4/sora/rig.json
적대 인물,sora,소라,수인,적대 세력,idle,대기,SE,있음,8,8,기존 원화 관절 변형,SW 좌우 반전,미완료,검수 대기,art-source/pixel-characters/roster-v4/sora/rig.json
적대 인물,sora,소라,수인,적대 세력,walk,걷기·이동,SW,있음,32,32,기존 원화 관절 변형,해당 시점 원화,미완료,검수 대기,art-source/pixel-characters/roster-v4/sora/rig.json
적대 인물,sora,소라,수인,적대 세력,walk,걷기·이동,NW,있음,32,32,기존 원화 관절 변형,해당 시점 원화,미완료,검수 대기,art-source/pixel-characters/roster-v4/sora/rig.json
적대 인물,sora,소라,수인,적대 세력,walk,걷기·이동,NE,있음,32,32,기존 원화 관절 변형,NW 좌우 반전,미완료,검수 대기,art-source/pixel-characters/roster-v4/sora/rig.json
적대 인물,sora,소라,수인,적대 세력,walk,걷기·이동,SE,있음,32,32,기존 원화 관절 변형,SW 좌우 반전,미완료,검수 대기,art-source/pixel-characters/roster-v4/sora/rig.json
적대 인물,sora,소라,수인,적대 세력,carry,운반,SW,있음,32,32,기존 원화 관절 변형,해당 시점 원화,미완료,검수 대기,art-source/pixel-characters/roster-v4/sora/rig.json
적대 인물,sora,소라,수인,적대 세력,carry,운반,NW,있음,32,32,기존 원화 관절 변형,해당 시점 원화,미완료,검수 대기,art-source/pixel-characters/roster-v4/sora/rig.json
적대 인물,sora,소라,수인,적대 세력,carry,운반,NE,있음,32,32,기존 원화 관절 변형,NW 좌우 반전,미완료,검수 대기,art-source/pixel-characters/roster-v4/sora/rig.json
적대 인물,sora,소라,수인,적대 세력,carry,운반,SE,있음,32,32,기존 원화 관절 변형,SW 좌우 반전,미완료,검수 대기,art-source/pixel-characters/roster-v4/sora/rig.json
적대 인물,sora,소라,수인,적대 세력,work,작업,SW,있음,20,18,기존 원화 관절 변형,해당 시점 원화,미완료,검수 대기,art-source/pixel-characters/roster-v4/sora/rig.json
적대 인물,sora,소라,수인,적대 세력,work,작업,NW,있음,20,18,기존 원화 관절 변형,해당 시점 원화,미완료,검수 대기,art-source/pixel-characters/roster-v4/sora/rig.json
적대 인물,sora,소라,수인,적대 세력,work,작업,NE,있음,20,18,기존 원화 관절 변형,NW 좌우 반전,미완료,검수 대기,art-source/pixel-characters/roster-v4/sora/rig.json
적대 인물,sora,소라,수인,적대 세력,work,작업,SE,있음,20,18,기존 원화 관절 변형,SW 좌우 반전,미완료,검수 대기,art-source/pixel-characters/roster-v4/sora/rig.json
적대 인물,sora,소라,수인,적대 세력,pickup,들기,SW,있음,12,12,독립 관절 동작,해당 시점 원화,미완료,검수 대기,art-source/pixel-characters/roster-v4/sora/rig.json
적대 인물,sora,소라,수인,적대 세력,pickup,들기,NW,있음,12,12,독립 관절 동작,해당 시점 원화,미완료,검수 대기,art-source/pixel-characters/roster-v4/sora/rig.json
적대 인물,sora,소라,수인,적대 세력,pickup,들기,NE,있음,12,12,독립 관절 동작,NW 좌우 반전,미완료,검수 대기,art-source/pixel-characters/roster-v4/sora/rig.json
적대 인물,sora,소라,수인,적대 세력,pickup,들기,SE,있음,12,12,독립 관절 동작,SW 좌우 반전,미완료,검수 대기,art-source/pixel-characters/roster-v4/sora/rig.json
적대 인물,sora,소라,수인,적대 세력,drop,놓기,SW,있음,12,12,독립 관절 동작,해당 시점 원화,미완료,검수 대기,art-source/pixel-characters/roster-v4/sora/rig.json
적대 인물,sora,소라,수인,적대 세력,drop,놓기,NW,있음,12,12,독립 관절 동작,해당 시점 원화,미완료,검수 대기,art-source/pixel-characters/roster-v4/sora/rig.json
적대 인물,sora,소라,수인,적대 세력,drop,놓기,NE,있음,12,12,독립 관절 동작,NW 좌우 반전,미완료,검수 대기,art-source/pixel-characters/roster-v4/sora/rig.json
적대 인물,sora,소라,수인,적대 세력,drop,놓기,SE,있음,12,12,독립 관절 동작,SW 좌우 반전,미완료,검수 대기,art-source/pixel-characters/roster-v4/sora/rig.json
적대 인물,sora,소라,수인,적대 세력,greet,인사,SW,있음,12,11,기존 원화 관절 변형,해당 시점 원화,미완료,검수 대기,art-source/pixel-characters/roster-v4/sora/rig.json
적대 인물,sora,소라,수인,적대 세력,greet,인사,NW,있음,12,11,기존 원화 관절 변형,해당 시점 원화,미완료,검수 대기,art-source/pixel-characters/roster-v4/sora/rig.json
적대 인물,sora,소라,수인,적대 세력,greet,인사,NE,있음,12,11,기존 원화 관절 변형,NW 좌우 반전,미완료,검수 대기,art-source/pixel-characters/roster-v4/sora/rig.json
적대 인물,sora,소라,수인,적대 세력,greet,인사,SE,있음,12,11,기존 원화 관절 변형,SW 좌우 반전,미완료,검수 대기,art-source/pixel-characters/roster-v4/sora/rig.json
적대 인물,sora,소라,수인,적대 세력,attack,공격,SW,있음,12,11,기존 원화 관절 변형,해당 시점 원화,미완료,검수 대기,art-source/pixel-characters/roster-v4/sora/rig.json
적대 인물,sora,소라,수인,적대 세력,attack,공격,NW,있음,12,11,기존 원화 관절 변형,해당 시점 원화,미완료,검수 대기,art-source/pixel-characters/roster-v4/sora/rig.json
적대 인물,sora,소라,수인,적대 세력,attack,공격,NE,있음,12,11,기존 원화 관절 변형,NW 좌우 반전,미완료,검수 대기,art-source/pixel-characters/roster-v4/sora/rig.json
적대 인물,sora,소라,수인,적대 세력,attack,공격,SE,있음,12,11,기존 원화 관절 변형,SW 좌우 반전,미완료,검수 대기,art-source/pixel-characters/roster-v4/sora/rig.json
적대 인물,sora,소라,수인,적대 세력,hurt,피격,SW,있음,8,7,기존 원화 관절 변형,해당 시점 원화,미완료,검수 대기,art-source/pixel-characters/roster-v4/sora/rig.json
적대 인물,sora,소라,수인,적대 세력,hurt,피격,NW,있음,8,7,기존 원화 관절 변형,해당 시점 원화,미완료,검수 대기,art-source/pixel-characters/roster-v4/sora/rig.json
적대 인물,sora,소라,수인,적대 세력,hurt,피격,NE,있음,8,7,기존 원화 관절 변형,NW 좌우 반전,미완료,검수 대기,art-source/pixel-characters/roster-v4/sora/rig.json
적대 인물,sora,소라,수인,적대 세력,hurt,피격,SE,있음,8,7,기존 원화 관절 변형,SW 좌우 반전,미완료,검수 대기,art-source/pixel-characters/roster-v4/sora/rig.json
적대 인물,sora,소라,수인,적대 세력,defeat,쓰러짐,SW,있음,16,16,기존 원화 관절 변형,해당 시점 원화,미완료,검수 대기,art-source/pixel-characters/roster-v4/sora/rig.json
적대 인물,sora,소라,수인,적대 세력,defeat,쓰러짐,NW,있음,16,16,기존 원화 관절 변형,해당 시점 원화,미완료,검수 대기,art-source/pixel-characters/roster-v4/sora/rig.json
적대 인물,sora,소라,수인,적대 세력,defeat,쓰러짐,NE,있음,16,16,기존 원화 관절 변형,NW 좌우 반전,미완료,검수 대기,art-source/pixel-characters/roster-v4/sora/rig.json
적대 인물,sora,소라,수인,적대 세력,defeat,쓰러짐,SE,있음,16,16,기존 원화 관절 변형,SW 좌우 반전,미완료,검수 대기,art-source/pixel-characters/roster-v4/sora/rig.json
적대 인물,sora,소라,수인,적대 세력,turn,회전,SW,있음,8,4,기존 원화 관절 변형,해당 시점 원화,미완료,검수 대기,art-source/pixel-characters/roster-v4/sora/rig.json
적대 인물,sora,소라,수인,적대 세력,turn,회전,NW,있음,8,4,기존 원화 관절 변형,해당 시점 원화,미완료,검수 대기,art-source/pixel-characters/roster-v4/sora/rig.json
적대 인물,sora,소라,수인,적대 세력,turn,회전,NE,있음,8,4,기존 원화 관절 변형,NW 좌우 반전,미완료,검수 대기,art-source/pixel-characters/roster-v4/sora/rig.json
적대 인물,sora,소라,수인,적대 세력,turn,회전,SE,있음,8,4,기존 원화 관절 변형,SW 좌우 반전,미완료,검수 대기,art-source/pixel-characters/roster-v4/sora/rig.json
적대 인물,kael,카엘,용인,적대 세력,idle,대기,SW,있음,8,8,기존 원화 관절 변형,해당 시점 원화,미완료,검수 대기,art-source/pixel-characters/roster-v4/kael/rig.json
적대 인물,kael,카엘,용인,적대 세력,idle,대기,NW,있음,8,8,기존 원화 관절 변형,해당 시점 원화,미완료,검수 대기,art-source/pixel-characters/roster-v4/kael/rig.json
적대 인물,kael,카엘,용인,적대 세력,idle,대기,NE,있음,8,8,기존 원화 관절 변형,NW 좌우 반전,미완료,검수 대기,art-source/pixel-characters/roster-v4/kael/rig.json
적대 인물,kael,카엘,용인,적대 세력,idle,대기,SE,있음,8,8,기존 원화 관절 변형,SW 좌우 반전,미완료,검수 대기,art-source/pixel-characters/roster-v4/kael/rig.json
적대 인물,kael,카엘,용인,적대 세력,walk,걷기·이동,SW,있음,32,32,기존 원화 관절 변형,해당 시점 원화,미완료,검수 대기,art-source/pixel-characters/roster-v4/kael/rig.json
적대 인물,kael,카엘,용인,적대 세력,walk,걷기·이동,NW,있음,32,32,기존 원화 관절 변형,해당 시점 원화,미완료,검수 대기,art-source/pixel-characters/roster-v4/kael/rig.json
적대 인물,kael,카엘,용인,적대 세력,walk,걷기·이동,NE,있음,32,32,기존 원화 관절 변형,NW 좌우 반전,미완료,검수 대기,art-source/pixel-characters/roster-v4/kael/rig.json
적대 인물,kael,카엘,용인,적대 세력,walk,걷기·이동,SE,있음,32,32,기존 원화 관절 변형,SW 좌우 반전,미완료,검수 대기,art-source/pixel-characters/roster-v4/kael/rig.json
적대 인물,kael,카엘,용인,적대 세력,carry,운반,SW,있음,32,32,기존 원화 관절 변형,해당 시점 원화,미완료,검수 대기,art-source/pixel-characters/roster-v4/kael/rig.json
적대 인물,kael,카엘,용인,적대 세력,carry,운반,NW,있음,32,32,기존 원화 관절 변형,해당 시점 원화,미완료,검수 대기,art-source/pixel-characters/roster-v4/kael/rig.json
적대 인물,kael,카엘,용인,적대 세력,carry,운반,NE,있음,32,32,기존 원화 관절 변형,NW 좌우 반전,미완료,검수 대기,art-source/pixel-characters/roster-v4/kael/rig.json
적대 인물,kael,카엘,용인,적대 세력,carry,운반,SE,있음,32,32,기존 원화 관절 변형,SW 좌우 반전,미완료,검수 대기,art-source/pixel-characters/roster-v4/kael/rig.json
적대 인물,kael,카엘,용인,적대 세력,work,작업,SW,있음,20,18,기존 원화 관절 변형,해당 시점 원화,미완료,검수 대기,art-source/pixel-characters/roster-v4/kael/rig.json
적대 인물,kael,카엘,용인,적대 세력,work,작업,NW,있음,20,20,기존 원화 관절 변형,해당 시점 원화,미완료,검수 대기,art-source/pixel-characters/roster-v4/kael/rig.json
적대 인물,kael,카엘,용인,적대 세력,work,작업,NE,있음,20,20,기존 원화 관절 변형,NW 좌우 반전,미완료,검수 대기,art-source/pixel-characters/roster-v4/kael/rig.json
적대 인물,kael,카엘,용인,적대 세력,work,작업,SE,있음,20,18,기존 원화 관절 변형,SW 좌우 반전,미완료,검수 대기,art-source/pixel-characters/roster-v4/kael/rig.json
적대 인물,kael,카엘,용인,적대 세력,pickup,들기,SW,있음,12,12,독립 관절 동작,해당 시점 원화,미완료,검수 대기,art-source/pixel-characters/roster-v4/kael/rig.json
적대 인물,kael,카엘,용인,적대 세력,pickup,들기,NW,있음,12,12,독립 관절 동작,해당 시점 원화,미완료,검수 대기,art-source/pixel-characters/roster-v4/kael/rig.json
적대 인물,kael,카엘,용인,적대 세력,pickup,들기,NE,있음,12,12,독립 관절 동작,NW 좌우 반전,미완료,검수 대기,art-source/pixel-characters/roster-v4/kael/rig.json
적대 인물,kael,카엘,용인,적대 세력,pickup,들기,SE,있음,12,12,독립 관절 동작,SW 좌우 반전,미완료,검수 대기,art-source/pixel-characters/roster-v4/kael/rig.json
적대 인물,kael,카엘,용인,적대 세력,drop,놓기,SW,있음,12,12,독립 관절 동작,해당 시점 원화,미완료,검수 대기,art-source/pixel-characters/roster-v4/kael/rig.json
적대 인물,kael,카엘,용인,적대 세력,drop,놓기,NW,있음,12,12,독립 관절 동작,해당 시점 원화,미완료,검수 대기,art-source/pixel-characters/roster-v4/kael/rig.json
적대 인물,kael,카엘,용인,적대 세력,drop,놓기,NE,있음,12,12,독립 관절 동작,NW 좌우 반전,미완료,검수 대기,art-source/pixel-characters/roster-v4/kael/rig.json
적대 인물,kael,카엘,용인,적대 세력,drop,놓기,SE,있음,12,12,독립 관절 동작,SW 좌우 반전,미완료,검수 대기,art-source/pixel-characters/roster-v4/kael/rig.json
적대 인물,kael,카엘,용인,적대 세력,greet,인사,SW,있음,12,11,기존 원화 관절 변형,해당 시점 원화,미완료,검수 대기,art-source/pixel-characters/roster-v4/kael/rig.json
적대 인물,kael,카엘,용인,적대 세력,greet,인사,NW,있음,12,11,기존 원화 관절 변형,해당 시점 원화,미완료,검수 대기,art-source/pixel-characters/roster-v4/kael/rig.json
적대 인물,kael,카엘,용인,적대 세력,greet,인사,NE,있음,12,11,기존 원화 관절 변형,NW 좌우 반전,미완료,검수 대기,art-source/pixel-characters/roster-v4/kael/rig.json
적대 인물,kael,카엘,용인,적대 세력,greet,인사,SE,있음,12,11,기존 원화 관절 변형,SW 좌우 반전,미완료,검수 대기,art-source/pixel-characters/roster-v4/kael/rig.json
적대 인물,kael,카엘,용인,적대 세력,attack,공격,SW,있음,12,11,기존 원화 관절 변형,해당 시점 원화,미완료,검수 대기,art-source/pixel-characters/roster-v4/kael/rig.json
적대 인물,kael,카엘,용인,적대 세력,attack,공격,NW,있음,12,11,기존 원화 관절 변형,해당 시점 원화,미완료,검수 대기,art-source/pixel-characters/roster-v4/kael/rig.json
적대 인물,kael,카엘,용인,적대 세력,attack,공격,NE,있음,12,11,기존 원화 관절 변형,NW 좌우 반전,미완료,검수 대기,art-source/pixel-characters/roster-v4/kael/rig.json
적대 인물,kael,카엘,용인,적대 세력,attack,공격,SE,있음,12,11,기존 원화 관절 변형,SW 좌우 반전,미완료,검수 대기,art-source/pixel-characters/roster-v4/kael/rig.json
적대 인물,kael,카엘,용인,적대 세력,hurt,피격,SW,있음,8,7,기존 원화 관절 변형,해당 시점 원화,미완료,검수 대기,art-source/pixel-characters/roster-v4/kael/rig.json
적대 인물,kael,카엘,용인,적대 세력,hurt,피격,NW,있음,8,7,기존 원화 관절 변형,해당 시점 원화,미완료,검수 대기,art-source/pixel-characters/roster-v4/kael/rig.json
적대 인물,kael,카엘,용인,적대 세력,hurt,피격,NE,있음,8,7,기존 원화 관절 변형,NW 좌우 반전,미완료,검수 대기,art-source/pixel-characters/roster-v4/kael/rig.json
적대 인물,kael,카엘,용인,적대 세력,hurt,피격,SE,있음,8,7,기존 원화 관절 변형,SW 좌우 반전,미완료,검수 대기,art-source/pixel-characters/roster-v4/kael/rig.json
적대 인물,kael,카엘,용인,적대 세력,defeat,쓰러짐,SW,있음,16,16,기존 원화 관절 변형,해당 시점 원화,미완료,검수 대기,art-source/pixel-characters/roster-v4/kael/rig.json
적대 인물,kael,카엘,용인,적대 세력,defeat,쓰러짐,NW,있음,16,16,기존 원화 관절 변형,해당 시점 원화,미완료,검수 대기,art-source/pixel-characters/roster-v4/kael/rig.json
적대 인물,kael,카엘,용인,적대 세력,defeat,쓰러짐,NE,있음,16,16,기존 원화 관절 변형,NW 좌우 반전,미완료,검수 대기,art-source/pixel-characters/roster-v4/kael/rig.json
적대 인물,kael,카엘,용인,적대 세력,defeat,쓰러짐,SE,있음,16,16,기존 원화 관절 변형,SW 좌우 반전,미완료,검수 대기,art-source/pixel-characters/roster-v4/kael/rig.json
적대 인물,kael,카엘,용인,적대 세력,turn,회전,SW,있음,8,4,기존 원화 관절 변형,해당 시점 원화,미완료,검수 대기,art-source/pixel-characters/roster-v4/kael/rig.json
적대 인물,kael,카엘,용인,적대 세력,turn,회전,NW,있음,8,4,기존 원화 관절 변형,해당 시점 원화,미완료,검수 대기,art-source/pixel-characters/roster-v4/kael/rig.json
적대 인물,kael,카엘,용인,적대 세력,turn,회전,NE,있음,8,4,기존 원화 관절 변형,NW 좌우 반전,미완료,검수 대기,art-source/pixel-characters/roster-v4/kael/rig.json
적대 인물,kael,카엘,용인,적대 세력,turn,회전,SE,있음,8,4,기존 원화 관절 변형,SW 좌우 반전,미완료,검수 대기,art-source/pixel-characters/roster-v4/kael/rig.json
적대 인물,neris,네리스,수생족,적대 세력,idle,대기,SW,있음,8,2,기존 원화 관절 변형,해당 시점 원화,미완료,검수 대기,art-source/pixel-characters/roster-v4/neris/rig.json
적대 인물,neris,네리스,수생족,적대 세력,idle,대기,NW,있음,8,2,기존 원화 관절 변형,해당 시점 원화,미완료,검수 대기,art-source/pixel-characters/roster-v4/neris/rig.json
적대 인물,neris,네리스,수생족,적대 세력,idle,대기,NE,있음,8,2,기존 원화 관절 변형,NW 좌우 반전,미완료,검수 대기,art-source/pixel-characters/roster-v4/neris/rig.json
적대 인물,neris,네리스,수생족,적대 세력,idle,대기,SE,있음,8,2,기존 원화 관절 변형,SW 좌우 반전,미완료,검수 대기,art-source/pixel-characters/roster-v4/neris/rig.json
적대 인물,neris,네리스,수생족,적대 세력,walk,걷기·이동,SW,있음,32,32,기존 원화 관절 변형,해당 시점 원화,미완료,검수 대기,art-source/pixel-characters/roster-v4/neris/rig.json
적대 인물,neris,네리스,수생족,적대 세력,walk,걷기·이동,NW,있음,32,32,기존 원화 관절 변형,해당 시점 원화,미완료,검수 대기,art-source/pixel-characters/roster-v4/neris/rig.json
적대 인물,neris,네리스,수생족,적대 세력,walk,걷기·이동,NE,있음,32,32,기존 원화 관절 변형,NW 좌우 반전,미완료,검수 대기,art-source/pixel-characters/roster-v4/neris/rig.json
적대 인물,neris,네리스,수생족,적대 세력,walk,걷기·이동,SE,있음,32,32,기존 원화 관절 변형,SW 좌우 반전,미완료,검수 대기,art-source/pixel-characters/roster-v4/neris/rig.json
적대 인물,neris,네리스,수생족,적대 세력,carry,운반,SW,있음,32,32,기존 원화 관절 변형,해당 시점 원화,미완료,검수 대기,art-source/pixel-characters/roster-v4/neris/rig.json
적대 인물,neris,네리스,수생족,적대 세력,carry,운반,NW,있음,32,32,기존 원화 관절 변형,해당 시점 원화,미완료,검수 대기,art-source/pixel-characters/roster-v4/neris/rig.json
적대 인물,neris,네리스,수생족,적대 세력,carry,운반,NE,있음,32,32,기존 원화 관절 변형,NW 좌우 반전,미완료,검수 대기,art-source/pixel-characters/roster-v4/neris/rig.json
적대 인물,neris,네리스,수생족,적대 세력,carry,운반,SE,있음,32,32,기존 원화 관절 변형,SW 좌우 반전,미완료,검수 대기,art-source/pixel-characters/roster-v4/neris/rig.json
적대 인물,neris,네리스,수생족,적대 세력,work,작업,SW,있음,20,18,기존 원화 관절 변형,해당 시점 원화,미완료,검수 대기,art-source/pixel-characters/roster-v4/neris/rig.json
적대 인물,neris,네리스,수생족,적대 세력,work,작업,NW,있음,20,18,기존 원화 관절 변형,해당 시점 원화,미완료,검수 대기,art-source/pixel-characters/roster-v4/neris/rig.json
적대 인물,neris,네리스,수생족,적대 세력,work,작업,NE,있음,20,18,기존 원화 관절 변형,NW 좌우 반전,미완료,검수 대기,art-source/pixel-characters/roster-v4/neris/rig.json
적대 인물,neris,네리스,수생족,적대 세력,work,작업,SE,있음,20,18,기존 원화 관절 변형,SW 좌우 반전,미완료,검수 대기,art-source/pixel-characters/roster-v4/neris/rig.json
적대 인물,neris,네리스,수생족,적대 세력,pickup,들기,SW,있음,12,12,독립 관절 동작,해당 시점 원화,미완료,검수 대기,art-source/pixel-characters/roster-v4/neris/rig.json
적대 인물,neris,네리스,수생족,적대 세력,pickup,들기,NW,있음,12,12,독립 관절 동작,해당 시점 원화,미완료,검수 대기,art-source/pixel-characters/roster-v4/neris/rig.json
적대 인물,neris,네리스,수생족,적대 세력,pickup,들기,NE,있음,12,12,독립 관절 동작,NW 좌우 반전,미완료,검수 대기,art-source/pixel-characters/roster-v4/neris/rig.json
적대 인물,neris,네리스,수생족,적대 세력,pickup,들기,SE,있음,12,12,독립 관절 동작,SW 좌우 반전,미완료,검수 대기,art-source/pixel-characters/roster-v4/neris/rig.json
적대 인물,neris,네리스,수생족,적대 세력,drop,놓기,SW,있음,12,12,독립 관절 동작,해당 시점 원화,미완료,검수 대기,art-source/pixel-characters/roster-v4/neris/rig.json
적대 인물,neris,네리스,수생족,적대 세력,drop,놓기,NW,있음,12,12,독립 관절 동작,해당 시점 원화,미완료,검수 대기,art-source/pixel-characters/roster-v4/neris/rig.json
적대 인물,neris,네리스,수생족,적대 세력,drop,놓기,NE,있음,12,12,독립 관절 동작,NW 좌우 반전,미완료,검수 대기,art-source/pixel-characters/roster-v4/neris/rig.json
적대 인물,neris,네리스,수생족,적대 세력,drop,놓기,SE,있음,12,12,독립 관절 동작,SW 좌우 반전,미완료,검수 대기,art-source/pixel-characters/roster-v4/neris/rig.json
적대 인물,neris,네리스,수생족,적대 세력,greet,인사,SW,있음,12,11,기존 원화 관절 변형,해당 시점 원화,미완료,검수 대기,art-source/pixel-characters/roster-v4/neris/rig.json
적대 인물,neris,네리스,수생족,적대 세력,greet,인사,NW,있음,12,11,기존 원화 관절 변형,해당 시점 원화,미완료,검수 대기,art-source/pixel-characters/roster-v4/neris/rig.json
적대 인물,neris,네리스,수생족,적대 세력,greet,인사,NE,있음,12,11,기존 원화 관절 변형,NW 좌우 반전,미완료,검수 대기,art-source/pixel-characters/roster-v4/neris/rig.json
적대 인물,neris,네리스,수생족,적대 세력,greet,인사,SE,있음,12,11,기존 원화 관절 변형,SW 좌우 반전,미완료,검수 대기,art-source/pixel-characters/roster-v4/neris/rig.json
적대 인물,neris,네리스,수생족,적대 세력,attack,공격,SW,있음,12,11,기존 원화 관절 변형,해당 시점 원화,미완료,검수 대기,art-source/pixel-characters/roster-v4/neris/rig.json
적대 인물,neris,네리스,수생족,적대 세력,attack,공격,NW,있음,12,11,기존 원화 관절 변형,해당 시점 원화,미완료,검수 대기,art-source/pixel-characters/roster-v4/neris/rig.json
적대 인물,neris,네리스,수생족,적대 세력,attack,공격,NE,있음,12,11,기존 원화 관절 변형,NW 좌우 반전,미완료,검수 대기,art-source/pixel-characters/roster-v4/neris/rig.json
적대 인물,neris,네리스,수생족,적대 세력,attack,공격,SE,있음,12,11,기존 원화 관절 변형,SW 좌우 반전,미완료,검수 대기,art-source/pixel-characters/roster-v4/neris/rig.json
적대 인물,neris,네리스,수생족,적대 세력,hurt,피격,SW,있음,8,7,기존 원화 관절 변형,해당 시점 원화,미완료,검수 대기,art-source/pixel-characters/roster-v4/neris/rig.json
적대 인물,neris,네리스,수생족,적대 세력,hurt,피격,NW,있음,8,7,기존 원화 관절 변형,해당 시점 원화,미완료,검수 대기,art-source/pixel-characters/roster-v4/neris/rig.json
적대 인물,neris,네리스,수생족,적대 세력,hurt,피격,NE,있음,8,7,기존 원화 관절 변형,NW 좌우 반전,미완료,검수 대기,art-source/pixel-characters/roster-v4/neris/rig.json
적대 인물,neris,네리스,수생족,적대 세력,hurt,피격,SE,있음,8,7,기존 원화 관절 변형,SW 좌우 반전,미완료,검수 대기,art-source/pixel-characters/roster-v4/neris/rig.json
적대 인물,neris,네리스,수생족,적대 세력,defeat,쓰러짐,SW,있음,16,16,기존 원화 관절 변형,해당 시점 원화,미완료,검수 대기,art-source/pixel-characters/roster-v4/neris/rig.json
적대 인물,neris,네리스,수생족,적대 세력,defeat,쓰러짐,NW,있음,16,16,기존 원화 관절 변형,해당 시점 원화,미완료,검수 대기,art-source/pixel-characters/roster-v4/neris/rig.json
적대 인물,neris,네리스,수생족,적대 세력,defeat,쓰러짐,NE,있음,16,16,기존 원화 관절 변형,NW 좌우 반전,미완료,검수 대기,art-source/pixel-characters/roster-v4/neris/rig.json
적대 인물,neris,네리스,수생족,적대 세력,defeat,쓰러짐,SE,있음,16,16,기존 원화 관절 변형,SW 좌우 반전,미완료,검수 대기,art-source/pixel-characters/roster-v4/neris/rig.json
적대 인물,neris,네리스,수생족,적대 세력,turn,회전,SW,있음,8,4,기존 원화 관절 변형,해당 시점 원화,미완료,검수 대기,art-source/pixel-characters/roster-v4/neris/rig.json
적대 인물,neris,네리스,수생족,적대 세력,turn,회전,NW,있음,8,4,기존 원화 관절 변형,해당 시점 원화,미완료,검수 대기,art-source/pixel-characters/roster-v4/neris/rig.json
적대 인물,neris,네리스,수생족,적대 세력,turn,회전,NE,있음,8,4,기존 원화 관절 변형,NW 좌우 반전,미완료,검수 대기,art-source/pixel-characters/roster-v4/neris/rig.json
적대 인물,neris,네리스,수생족,적대 세력,turn,회전,SE,있음,8,4,기존 원화 관절 변형,SW 좌우 반전,미완료,검수 대기,art-source/pixel-characters/roster-v4/neris/rig.json
